Customer_ID,Age,Gender,Income,Employment_Type,Years_of_Employment,Credit_Score
CUST04290,55,Female,69347,Sal.,23,715
CUST05421,54,MALE,#N/A,Full-Time,32,772
CUST01159,38,f,69445,Freelancer,7,666
CUST05788,57,F,104759,Sal.,9,763
CUST01395,62,F,NULL,SALARIED,2,608
CUST02960,47,FEMALE,133789,Business owner,20,784
CUST02458,N/A,male,20314,Self Employed,30,N/A
CUST01070,47,MALE,24405,Self Employed,20,741
CUST01874,54,nan,53822,Self-Employed,16,850
CUST02148,38, Female,40155,SE,4,729
CUST05415,39,Female,32141,freelancer,4,698
CUST01389,24,f,49454,Freelancer,4,783
CUST04845,37,male,92795,salaried,15,793
CUST05988,65,Male ,33183,Unknown,nan,594
CUST01752,53, Female,99999999,Salaried,100,-50
CUST01666,50,male,"$6,018",UNEMPLOYED,0,660
CUST01241,45,Male ,67835,Sal.,,1200
CUST03676,32,FEMALE,56571,Self Employed,9,563
CUST00589,#N/A,FEMALE,26900,SE,3,655
CUST04447,26,,130837,Biz Owner,3,541
CUST03267,44,female,88127,Entrepreneur,3,669
CUST00616,21,m,,Sal.,1,761
CUST04010,62,MALE,68298,Self-Employed,29,703
CUST01013,nan,FEMALE,44407,SE,17,664
CUST00994,200, Female,47947,SALARIED,27,598
CUST04640,55,f,"$143,571",Salaried,3,830
CUST03140,61,FEMALE,N/A,Full-Time,14,495
CUST05016,61,FEMALE,"$147,283",Business Owner,10,850
CUST03351,23, Female,83760,Salaried,2,627
CUST05975,43,F,51252,BUSINESS OWNER,,788
CUST00383,-5,m,227900,BUSINESS OWNER,Unknown,689
CUST05660,24,Female,90950,SE,3,#N/A
CUST04735,31,Male ,41249,Full-Time,5,591
CUST02822,57,Male ,68027,Sal.,12,719
CUST03996,55,Male ,55157,SALARIED,9,617
CUST04083,37,MALE,94105,salaried,2,750
CUST04097,26,MALE,100554,self-employed,2,778
CUST01955,64,m,66626,salaried,2,806
CUST01831,49,M,-5000,salaried,15,829
CUST02920,42,m,52795,SE,18,671
CUST02024,22,N/A,80106,SALARIED,1,756
CUST03842,22,Female,60399,Self employed,1,707
CUST04327,30,FEMALE,136041,Salaried,6,651
CUST04648,nan,Male ,65237,Self Employed,1,720
CUST00660,64,m,"$72,882",salaried,26,779
CUST03342,48,m,249015,BUSINESS OWNER,15,702
CUST03377,58,Male ,278018,Entrepreneur,28,640
CUST01901,22,Male,90337,Salaried,2,719
CUST05014,53,F,244601,Biz Owner,17,760
CUST02784,48,f,261352/-,Biz Owner,12,754
CUST02368,52,Male ,77053,salaried,28,767
CUST03469,26,M,87424,salaried,5,722
CUST02724,46,FEMALE,123835,salaried,18,728
CUST01064,43,f,83645,Entrepreneur,2,739
CUST01001,40,MALE,72815,SALARIED,18,686
CUST01303,40,f,104938,nan,4,562
CUST00807,22,female,7232,Unemployed,nan,807
CUST03677,63,Unknown,113768,salaried,14,769
CUST05331,62,f,113405,Sal.,26,654
CUST00875,40, Female,59624,Self-Employed,6,850
CUST03057,36, Female,76849,FREELANCER,11,809
CUST01977,27,FEMALE,Unknown,freelancer,7,718
CUST02823,62,FEMALE,84390, ,7,742
CUST02601,33,F,61500,SALARIED,2,667
CUST01568,44,m,31661,Sal.,4,610
CUST02908,50, Female,nan,Full-Time,4,757
CUST05941,#N/A,Male,201838,Business Owner,14,Unknown
CUST04124,64, Female,215377,Entrepreneur,18,-50
CUST00232,56,FEMALE,210146,BUSINESS OWNER,nan,742
CUST05776,31,Male,5473,unemployed,0,Unknown
CUST01994,26,MALE,239976,Business owner,3,784
CUST05578,31,nan,134740,Business Owner,6,632
CUST05899,52,F,290737,BUSINESS OWNER,27,731
CUST05503,,Other,53388,Sal.,2,793
CUST01870,58,Male,29461,self-employed,999,629
CUST04281,200,Male,19543,Freelancer,9,685
CUST01653,62,f,"$42,768",Gig Worker,14,817
CUST05672,23,Female,90970,Full-Time,2,746
CUST05898,61,Male,108393,Sal.,15,729
CUST05032,38,female,35742.00,Sal.,6, 
CUST00024,32,FEMALE,Unknown,Salaried,12,585
CUST02996,54,FEMALE,50935,Salaried,27,732
CUST03158,7,female,50931,Sal.,23,NULL
CUST02326,29,f,"$35,892",SALARIED,2,692
CUST01168,27,male,nan,BUSINESS OWNER,5,685
CUST05364,50,Female, ,salaried,30,793
CUST05996,23,f,102345,Sal.,3,651
CUST02933,27,MALE,126625,SALARIED,#N/A,824
CUST02809,48,MALE,-5000,Salaried,6,784
CUST00368,38,female,99999999,Full-Time,1,680
CUST05318,32,male,44355,Salaried,5,605
CUST00158,40,FEMALE,50713,Self Employed,9,792
CUST05849,35, Female,59610,SALARIED,#N/A,653
CUST01153,39,Male ,79240,Free Lancer,3,720
CUST02123,39,f,69917,Freelancer,11,630
CUST04922,50,female,INR 70916,Full-Time,22,662
CUST05918,27,Female,21428,Freelancer,7,842
CUST05293,nan,m,45664,Self-Employed,12,850
CUST01995,nan,female,100528,BUSINESS OWNER,15,667
CUST01848,25,female,100875,salaried,1,726
CUST00290,Unknown,m,103989,Full-Time,14,663
CUST01076,53,Male ,71626,Salaried,5,580
CUST04725,57,FEMALE,138433,salaried,27,850
CUST00114,21,female,46514,Full-Time,1,704
CUST00413,60,Male ,66768,SALARIED,16,711
CUST04817,65,f,45109,Self Employed,6,725
CUST00301,49,FEMALE,"$138,326",Full-Time,20,774
CUST03597,38,MALE,60605,salaried,9,724
CUST03066,43,FEMALE,119162,Sal.,12,679
CUST04751,58,F,6818,UNEMPLOYED, ,812
CUST03756,39,Male ,73254,Free Lancer,18,619
CUST00161,53,F,88121,Full-Time,9,736
CUST03295,43,Male ,54832,Self employed,5,729
CUST05029,-5,Male,98333,Salaried,2,667
CUST00845,64,female,285723,Business Owner,23,722
CUST02834,30,male,INR 155462,Biz Owner,3,820
CUST00084,56,female,32666,Self Employed, ,770
CUST05844,24,f,47804,self-employed,2,678
CUST05266,34,FEMALE,106838,Sal.,5,850
CUST02507,60,Male,54080,self-employed,33,600
CUST03175,26,F,90019,Salaried,1,#N/A
CUST00382,NULL,M,35838,FREELANCER,1,580
CUST01665,37,Male,62415,salaried,4,709
CUST02585,48,Male,68292,Salaried,NULL,564
CUST04408,31, Female,70692,Business owner,5,691
CUST00422,62, Female,101335,Salaried,34,831
CUST04737,46,Female,132795,salaried,24,828
CUST03492,59,Male ,257688,,11,675
CUST05928,52,m,263822,Business Owner,10,666
CUST02157,64,M,2914,Jobless,0,705
CUST01182,60, Female,"$81,412",Full-Time,10,639
CUST04837,45, Female,171765,Business Owner,21,643
CUST04367,49,FEMALE,140029,Salaried,100,850
CUST01772,44,Female,42326,Self-Employed,4,553
CUST04106,130,Male ,"$278,674",,24,816
CUST03490,35,female,82382,Sal.,11,636
CUST01503,48,M,61808,Sal.,12,739
CUST05287,55,M,18116,Freelancer,1,703
CUST05027,24, Female,INR 154738,Biz Owner,3,551
CUST01623,31,m,65486,Full-Time,2,809
CUST01946,55,Male,38205,salaried,25,690
CUST05347,45,FEMALE,78001,self-employed,14,Unknown
CUST03948,29, Female,66832,Full-Time,6,850
CUST05568,59,Female,43767,Freelancer,24,#N/A
CUST03612,21,Female,7723,Unemployed,0,746
CUST00283,21,f,98281,self-employed,1,659
CUST03385,50,NB,22242,FREELANCER,27,791
CUST01315,33,male,104706,Self Employed,4,575
CUST03211,30,F,100373,self-employed,6,773
CUST02671,47,F,164668,BUSINESS OWNER,27,669
CUST03412,46,F,70666,Entrepreneur,17,
CUST00079,26,female,INR 73073,Sal.,2,632
CUST01499,47,FEMALE,103583,BUSINESS OWNER,25,Unknown
CUST01458,60,female,127337,Salaried,35,693
CUST01300,27,nan,64013,self-employed,4,749
CUST03917,47,FEMALE,44299,Sal.,4,614
CUST04413,57,female,65128,SALARIED,22,688
CUST03705,60,m,47438,Self Employed,8,850
CUST00766,54,MALE,46091,Full-Time,30,826
CUST01434,58,female,47638,SALARIED,11,577
CUST00686,38,f,INR 276970,Business owner,13,760
CUST05399,61,f,"$81,572",Salaried,19,697
CUST05801,33,male,66246,Full-Time,11,801
CUST00595,63,F,119074,SALARIED,31,712
CUST03395,58,MALE,51983,NULL,15,626
CUST04307,130,MALE,89721,Biz Owner,nan,818
CUST05123,46,f,278036,BUSINESS OWNER,21,699
CUST04850,26,f,69450,FREELANCER,1, 
CUST02117,27,Female,55100,Biz Owner,1,794
CUST02572,40, Female,105348,SALARIED,4,726
CUST01424,50,Female,110370,Full-Time,7,606
CUST01066,57,Female,"$33,644",SE,9,643
CUST02487,63,M,106425,salaried,31,767
CUST01974,58,Female,97617,Full-Time,14,nan
CUST04616,37,MALE,107489,Full-Time,13,748
CUST05440,28,Male ,112415,Self Employed,8,793
CUST03452,42, Female,231459,Entrepreneur,2,563
CUST05068,27,f,"$100,070",Sal.,1,725
CUST05061,45,Female,59505,Self Employed,22,642
CUST00741,37,FEMALE,67566,Self-Employed,8,761
CUST03073,nan,MALE,127869,Full-Time,5,710
CUST00922,22,m,44533,Sal.,1,591
CUST04189,33,Male,#N/A,Self employed,6,550
CUST03294,24,female,51167,Full-Time,3,768
CUST04032,40,Female,125463,#N/A,4,672
CUST01973,34,f,87723,#N/A,2,811
CUST01717,28,Male,251984,Entrepreneur, ,615
CUST04886,59,FEMALE,71820,FREELANCER, ,463
CUST00784,47,FEMALE,125101,Sal.,16,#N/A
CUST00716,46,FEMALE,122262,SALARIED,N/A,638
CUST05415,39,Female,32141,freelancer,4,698
CUST04286,57,Female,99980,salaried,15,662
CUST02603,42,N/A,30638,Self-Employed,NULL,786
CUST05642,56,Male,38202,Self employed,15,561
CUST05551,46,FEMALE,58041,self-employed,18,825
CUST02881,57,N/A,119874,Business owner,24,813
CUST04755,36,m,69862,Sal.,2,724
CUST01329,48,Male,193347,nan,14,
CUST02458,N/A,male,20314,Self Employed,30,N/A
CUST02075,43,FEMALE,62570,freelancer,15,666
CUST03693,58,Female,58733,Free Lancer,17,677
CUST03630,25,female,97620,Full-Time,2,684
CUST03548,130,Male ,72562,Salaried,15,785
CUST00906,65,N/A,142170,salaried,12,651
CUST05781,55,male,135795,salaried,12,774
CUST05485,32,m,22978,Freelancer,3,794
CUST04003,45,m,251932,Business Owner,19,817
CUST03768,56,FEMALE,90146,Business owner,33,584
CUST02617,61,#N/A,INR 1902,unemployed,0,692
CUST04338,23,male,81707,Full-Time,1,553
CUST00804,130,m,148107,Sal.,,714
CUST01254,59,Male ,223229,Entrepreneur,11,743
CUST01828,38,f,69461,Full-Time,9,775
CUST01058,36,N/A,38616,Self Employed,15,700
CUST00303,0,M,42327,freelancer,30,850
CUST04698,48,m,N/A,Salaried,27,701
CUST00485,23,Male ,57765,Salaried,3,678
CUST00960,46,Male ,17804,Freelancer,25,636
CUST03943,30,f,"$92,353",SALARIED,4,658
CUST00215,31,MALE,95426,SALARIED,5,703
CUST02286,23,female,101134,salaried,2,646
CUST05942,40,female,234104,Entrepreneur,10,701
CUST04273,42,M,53457,N/A,4,629
CUST05260,,female,43798,salaried,10,430
CUST05426,51, Female,121410,salaried,7,
CUST00364,65,F,63668,salaried,32,717
CUST01304,29,Female,136403,Salaried,8,709
CUST03511,30,M,280400,Entrepreneur,-3,734
CUST00333,36,F,434,unemployed,0,735
CUST02594,25,f,51650,Self-Employed,1,825
CUST00284,#N/A,f,-1,salaried,32,618
CUST03265,47,FEMALE,N/A,Self Employed,7,689
CUST03512,21,F,131875,Sal., ,732
CUST01898,58,M,121104,Full-Time,N/A,850
CUST03320,51,F,65437/-,Full-Time,6,850
CUST01096,24,F,101110,salaried,2,798
CUST02686,24,NULL,34095,Sal.,Unknown,784
CUST00557,21,Male ,286016,Entrepreneur,1,668
CUST02000,52,Male,59367,self-employed,5,792
CUST03100,64,Male ,35222/-,SE,16,676
CUST00281,55,m,128519,SALARIED,35,680
CUST04661,59,f,89555,Salaried,13,782
CUST03549,63,Male,107157,Full-Time,15,733
CUST04882,22,M,46809,Sal.,NULL,800
CUST01144,54,f,56218,Self-Employed,30,829
CUST02090,46,Male,80109,Self-Employed,#N/A,677
CUST04382,44,MALE,99999999,Sal.,7,705
CUST01201,33,Male,58068,Self Employed,12,773
CUST02091,35,m,87153,Full-Time,12,618
CUST03016,Unknown,Male ,265371,Entrepreneur,11,829
CUST05695,44,M,46659,Full-Time,8,777
CUST01160,33,f,30089,Full-Time,2,662
CUST01759,46,Male,77260,Entrepreneur,22,730
CUST05843,27,Male,106338,Full-Time,5,753
CUST02976,0,,66304,Sal.,23,716
CUST01619,26,male,72269,Full-Time,5,729
CUST00503,53,MALE,130949,Full-Time,21,715
CUST00182,43,FEMALE,41656,SE,8,794
CUST00711,54,female,269431,BUSINESS OWNER,18,830
CUST02759,26,Male ,127061,Full-Time,5,802
CUST02527,42,m,5115,Unemployed,0,716
CUST03725,54,m,77332,BUSINESS OWNER,11,832
CUST00634,47,f,48510,Salaried,5,621
CUST01026,49,Male ,193245,Entrepreneur,8,801
CUST02153, ,f,9690,Jobless,0,806
CUST02308,29,Female,140615.00,salaried,2,699
CUST02192,37,male,"$44,913",SALARIED,1,682
CUST03109,57,m,72351,Entrepreneur,Unknown,689
CUST03079,47,FEMALE,132342,Business owner,22,742
CUST04542,62,F,202094,BUSINESS OWNER,34,672
CUST03364,51,M,114284,Sal.,4,668
CUST05327,30,MALE,29777,self-employed,6,752
CUST02952,29,female,92697,Business owner,5,Unknown
CUST03987,31,F,68105,Self-Employed,11,741
CUST02332,61,m,160404,Biz Owner,10,592
CUST01406,60,male,85985,SE,26,684
CUST01691,35,Male,21667,self-employed,12,637
CUST01784,22,M,119833,Sal.,2,654
CUST02038,43,male,181728.00,Business Owner,1,665
CUST00912,44,Female,91140,Full-Time,12,654
CUST01249,44, Female,123728,Sal.,12,810
CUST00273,57,Male ,138097,SALARIED,35,698
CUST00898,58,female,42484,Self Employed,31,649
CUST00327,46, Female,31271,Gig Worker,7,645
CUST03622,28,Male,46421,SALARIED,1,762
CUST02930,30,FEMALE,18270,freelancer,9,768
CUST03178,24,M,101310,Self employed,1,743
CUST04827,51,F,94993,#N/A,20,703
CUST05204,33,f,97469,Salaried,Unknown,748
CUST04621,34,F,34394,SALARIED,2,647
CUST04821,31,FEMALE,195240,Entrepreneur,6,nan
CUST05070,24,Male ,18,unemployed,0,999
CUST03857,44,Female,7301/-,Not Employed,0,655
CUST02496,61,N/A,36183,Self Employed,21,686
CUST05190,65,Male,49272,Free Lancer,35,608
CUST02990,22, Female,162238,Business owner,1,562
CUST04217,26,m,103500,Full-Time,2,810
CUST05321,64,m,115419,Sal.,11,850
CUST04609,44,m,110455,Sal.,11,532
CUST01138,22,f,114140,BUSINESS OWNER,Unknown,610
CUST03625,27,Female,69746,Sal.,2,679
CUST05696,62, ,84055,Entrepreneur,28,704
CUST02207,51,Male ,137276,Business Owner,8,Unknown
CUST04354,27, Female,211227,Entrepreneur,3,850
CUST05534,55,female,280737,Business owner,,754
CUST02919,58,MALE,140414,Full-Time,2,533
CUST00743,33,FEMALE,68917,Full-Time,7,nan
CUST01197,61,female,44839,Sal.,21,672
CUST03766,25,female,106105,SALARIED,2,780
CUST04897,32,female,INR 116771,SALARIED,4,719
CUST03962,22,f,78666,freelancer,1,760
CUST00197,23,male,147211,N/A,1,745
CUST04890,56,FEMALE,113932,Salaried,24,769
CUST05408,53,Male,16780,Gig Worker,29,699
CUST00909,28,F,35344,freelancer,8,546
CUST01593,65,Female,128127/-,Business Owner,8,808
CUST05265,53,Male,63908,Salaried,29,Unknown
CUST02463,32,Male ,275690,Business owner,999,661
CUST00737,56,MALE,Unknown,SE,7,659
CUST05610,NULL,female,45164,FREELANCER,16,651
CUST05652,46,female,60171,salaried,24,675
CUST03979,64,MALE,32259,Salaried,35,Unknown
CUST00756,65, ,59528,BUSINESS OWNER,5,818
CUST01782,51,male,35846,Salaried,25,712
CUST03167,50,m,85360,Sal.,3,707
CUST04237,38,MALE,91177,Full-Time,3,746
CUST03328,45,male,16420,Freelancer,9,850
CUST01990,23,M,133658,salaried,2,633
CUST04642,26,f,297434,Entrepreneur,5,533
CUST05505,58,Male ,INR 80973,Full-Time,17,567
CUST03325,45,m,39912,Full-Time,22,749
CUST01181,52,female,56096,SALARIED,11,714
CUST00458,53,m,2016,unemployed,0,779
CUST04858,58,female,26767,Freelancer,20,767
CUST01789,43,m,88499,SALARIED,5,850
CUST03592,61,Male,267263,Business Owner,23,0
CUST05933,36, Female,62130,salaried,4,670
CUST00474,61,FEMALE,136647,Salaried,NULL,758
CUST03742,29, Female,84505,#N/A,2,671
CUST00065,27, Female,37066,Sal.,3,599
CUST00376,55,m,106285,salaried,28,657
CUST02164,28,Male ,65736,Salaried,4,707
CUST01768,48,Male,35814,Full-Time,100,
CUST00653,22,MALE,37475,SALARIED,1,746
CUST03145,34,Male ,81493,Full-Time,4,850
CUST03997,63,Female,134736,Salaried,6,559
CUST03710,23,Female,59045,freelancer,#N/A,806
CUST05017,28,Male,128637,SALARIED,4,774
CUST05270,45,Female,121100,SALARIED,22,850
CUST02146,46,Male,45958,Self Employed,14,498
CUST00285,57,male,42584,Self Employed,28,757
CUST02191,33,M,124044.00,salaried,3,651
CUST00757,25,MALE,20288,Self employed,1,663
CUST01883,47,F,30998, ,1,546
CUST01660,43,MALE,123261,salaried,5,630
CUST05565,45,FEMALE,#N/A,SALARIED,17,Unknown
CUST04936,60,M,70662,Self Employed,-3,760
CUST03463,27,F,69877,Full-Time,2,743
CUST02339,40,female,113801,Self employed,5,829
CUST03404,23,M,81790,Salaried,2,765
CUST05609,57,FEMALE,#N/A,Salaried,1,659
CUST01769,32,FEMALE,234432,BUSINESS OWNER,5,612
CUST04216,63,f,104994,Self Employed,18,761
CUST01760,25,m,117079,Self Employed,5,816
CUST05720,7, Female,58449,SALARIED,6, 
CUST02056,38, Female,87687,SALARIED,4,625
CUST04603,41,f,64693,SALARIED,15,738
CUST05352,41,F,264232,BUSINESS OWNER,13,850
CUST02209,32,Male ,103166,Full-Time,7,792
CUST02562,56,Male,89292,Full-Time,16,656
CUST01735,55,FEMALE,nan,freelancer,16,712
CUST03905,46,Male,32132,freelancer,4,746
CUST01740,32, Female,175107,Entrepreneur,2,740
CUST03977,28,F,105616.00,Self employed,3,0
CUST01542,31, Female,34999.00,Self employed,4,803
CUST04425,40,MALE,90080,Self-Employed,16,746
CUST05740,58, Female,22164,Gig Worker,-3,999
CUST02434,41,Unknown,15304,Freelancer,20,661
CUST02156,N/A,Male,66550,Full-Time,#N/A,600
CUST01223,38,female,17712,FREELANCER,2,700
CUST02290,42,N/A,137912,Salaried,15,757
CUST02023,62,female,98786,Full-Time,20,761
CUST03639,36,f,7674,Jobless,0,529
CUST00431,39,FEMALE,82558,Self employed,10,666
CUST04431,60,F,INR 83519,BUSINESS OWNER,28,802
CUST02115,32,F,133926,Full-Time,3,757
CUST03809,59,male,63877,Salaried,100,740
CUST02685,47,M,8580,Unemployed,0,741
CUST03118,54, ,41009.00,Sal.,4,712
CUST03008,51,female,102034,SALARIED,31,809
CUST04429,45,m,42664,Full-Time,15,773
CUST03870,49,Male,71750,#N/A,10,654
CUST04570,33, Female,16942,Free Lancer,Unknown,850
CUST02782,61,Male ,INR 229254,Entrepreneur,3,716
CUST00111,33,female,61571,BUSINESS OWNER,8,827
CUST05042,32,MALE,149473,Sal.,3,573
CUST00220,54,FEMALE,85194,salaried,13,799
CUST03155,49,M,86900,Full-Time,17,773
CUST01807,38,F,102787,Biz Owner,NULL,461
CUST03233,43,female,93990,Salaried,13,666
CUST00689,28,female,Unknown,,4,799
CUST01693,23,male,52797,salaried,2,621
CUST02729,29,M,97070,Self employed,1,676
CUST04605,33,Female,49300,Salaried,11,nan
CUST03840,36,M,97361,Business owner,16,647
CUST03994,24,M,84901,Business Owner,3,696
CUST00226,56,m,39610,Sal.,1,538
CUST01644,30,male,19064,Gig Worker,1,737
CUST00571,34,male,41720,SALARIED,13,697
CUST04472,31,F,3745,unemployed,Unknown,683
CUST02726,30,MALE,76318,Free Lancer,1,721
CUST04716,60,Female,104223,Sal.,2,587
CUST05583,21,Female,109924,Self-Employed,N/A,676
CUST04052,62,M,#N/A,self-employed,19,769
CUST00104,39,FEMALE,45346,Freelancer,4,779
CUST03479,58,FEMALE,120511,Sal.,22,593
CUST00559,24,f,"$99,283",Self Employed,2,687
CUST00247,,M,20935,FREELANCER,6,703
CUST02967,46,Unknown,95539,SALARIED,16,
CUST00093,54,Female,296537,Business owner,27,839
CUST00522,36,FEMALE,196685,BUSINESS OWNER,14,822
CUST01736,28,Female,54848,Self-Employed,3,492
CUST02066,56,m,215154,Business owner,13, 
CUST03300,34,female,"$32,283",FREELANCER,4,Unknown
CUST03310,31,f,128666,Salaried,1,634
CUST01422,22,FEMALE,256647,BUSINESS OWNER,999, 
CUST05791,38,#N/A,33718,SALARIED,16,751
CUST04428,30,f,110944,SALARIED,4,531
CUST04724,59,Male ,73186,SALARIED,4,790
CUST05202,60,Male ,69627,BUSINESS OWNER,20,601
CUST00518,64,m,66238,BUSINESS OWNER,17,603
CUST00406,27,Female,94386,Full-Time,5,741
CUST02570,55,Female,123409,Business Owner,6,N/A
CUST03635,31,Male,113797,Self Employed,1,749
CUST02285,54,F,92462,Salaried,19,710
CUST04915,48,f,-1,Sal.,20,701
CUST02791,63,MALE,29676,Self-Employed,35,711
CUST03104,23,m,80268,SE,2,745
CUST04401,36,male,nan,Salaried,2,727
CUST05678,56,N/A,71110,Biz Owner,30,739
CUST01866,N/A,Male ,43009,SALARIED,4,601
CUST04879,29,FEMALE,149655,SALARIED,6,815
CUST05631,44,Female,144528,SALARIED,4,831
CUST01032,44,N/A,142178,Full-Time,18,561
CUST02641,40,MALE,92860,Sal.,4,
CUST00127,40,female,92415,SALARIED,3,718
CUST04525,46,Male,71765,Self employed,9,670
CUST05669,0,Male,82132,Unknown,13,617
CUST01583,36,male,"$79,094",Free Lancer,5,602
CUST03106,58,M,nan,SALARIED,23,845
CUST00491,45,f,82960,Full-Time,12,609
CUST01035,54,Female,233137,Business Owner,19,624
CUST03804,36,FEMALE,41307,Freelancer,13,804
CUST05006,31,Female,,Self Employed,8,614
CUST00782,25,Unknown,110497,salaried,3,850
CUST00869,35,MALE,"$67,321",Self employed,14,669
CUST05423,47,M,30752,Full-Time,14,708
CUST01451,34,Male,38975,Full-Time,4,552
CUST04027,36, Female,290522,Business owner,10,682
CUST03740,44,m,Unknown,Sal.,21,665
CUST05289,60,m,52141,FREELANCER,#N/A,534
CUST01148,26,Female,9650,UNEMPLOYED,0,581
CUST04639,61,nan,100113,Salaried,100,667
CUST04139,N/A, Female,5600,Jobless,nan,739
CUST00605,64,Non binary,77236,Sal.,32,774
CUST02180,60,Male,24545,Self employed,24,756
CUST04784,31,MALE,101137,salaried,2,660
CUST05786,34,M,NULL,,11,623
CUST04386,48,N/A,76697,freelancer,5,629
CUST02955,28,female,21738,SE,8,697
CUST01945,64,M,24077,Gig Worker,19,719
CUST01743,NULL,F,108174,Sal.,13,620
CUST05501,51,male,INR 39563,Salaried,#N/A,655
CUST05990,47, Female,109816,Self employed,9,674
CUST00069,25,F,99590,SALARIED,2,846
CUST05606,54,male,65189,freelancer,5,681
CUST05739,29, Female,NULL,Salaried,4,739
CUST05276,40, Female,149062,Full-Time,10,661
CUST00795,64,NB,61135,Self employed,21,850
CUST03618,22,M,135517,Full-Time,1,N/A
CUST02732,Unknown,f,47350,Free Lancer,3,621
CUST05367,55,Male,55837,BUSINESS OWNER,27,628
CUST04248,35,#N/A,84899,Self Employed,6,547
CUST02406,21,f,251524.00,Entrepreneur,1,669
CUST05048,50,M,110258.00,salaried,30,773
CUST02498,44,Female,90942,BUSINESS OWNER,22,611
CUST02577,39,M,220329,Business Owner,11,796
CUST03565,30, Female,85647,Self Employed,2,705
CUST05774,38,m,55616,Sal.,12,730
CUST04145,53,M,4240,Unemployed,0,767
CUST03222,49,Female,65628,Full-Time,7,726
CUST00590,51, Female,70045,Self Employed,27,627
CUST00708,44,M,116243,self-employed, ,691
CUST01328,61,female,140596,salaried,6,718
CUST05020,46,FEMALE,291460,BUSINESS OWNER,25,712
CUST02883,40,F,82508,Salaried,11,652
CUST04680,26,FEMALE,85111,Full-Time, ,590
CUST05012,62,m,121437,SALARIED,24,722
CUST04295,44,female,27994,freelancer,18,614
CUST05787,49,F,82122,Salaried,16,669
CUST01688,38, Female,33626,freelancer,6,758
CUST04527,50,NULL,96721,Self Employed,-3,584
CUST02998,36,Female,90974,self-employed,7,721
CUST03058,45,Female,85123,salaried,8,623
CUST02409,58,,48332,Sal.,28,785
CUST02221,42,F,299052,Biz Owner,17,723
CUST00964,50,MALE,30106,Sal.,,745
CUST03760,26,m,84161,Self employed,2,675
CUST02852,26, Female,41136,SALARIED,4,755
CUST04851,52,NB,210428,Business owner,29,850
CUST01797,21,male,137610,Salaried,1,681
CUST01775,38,female,33278,Self Employed,nan,686
CUST01584,52,MALE,43912,Salaried,23,732
CUST05496,52,m,142750.00,NULL,32,797
CUST05734,52,female,76779,SE,27,Unknown
CUST04266,35,M,139721,SALARIED,13,734
CUST04647,40,female,66123,Self employed,14,
CUST05130,54,Male,90376,Full-Time,9,539
CUST03376,35,male,100140,Self employed,,700
CUST01719,56, Female,44788,Free Lancer,29,693
CUST02334,25,Unknown,144834,BUSINESS OWNER,4,631
CUST02475,30,M,147652,SALARIED,10,781
CUST02924,30, Female,25148,Self Employed,3,712
CUST05900,26,M,141210,Full-Time,3,637
CUST05797,51,f,130106,SALARIED,5,711
CUST02642,62,F,76716,SALARIED,25,808
CUST04929,45,Male ,INR 52022,Self employed,3,657
CUST05749,30,Male ,77647,Full-Time,2,675
CUST02509,60,m,92587,SALARIED,4,850
CUST05409,23,MALE,138050,Business owner,3,648
CUST03564,61,Female,68292,salaried,-3,716
CUST03621,33,FEMALE,#N/A,Entrepreneur,6,742
CUST00185,59,f,30176,#N/A,26,693
CUST05961,61,Male ,87524,Full-Time,18,#N/A
CUST04801,7,Male ,91131,SE,4,nan
CUST05618,45,Male,19084,Free Lancer,21,803
CUST04620,27,Male ,131594,N/A,5,515
CUST02510,46,FEMALE,37708,Freelancer,11,682
CUST03230,37,Male ,143006,Salaried,12,nan
CUST02257,45,male,60064,Self employed, ,850
CUST03991,29, Female,60620,salaried,4,695
CUST01749,41,F,109045,Business Owner,21,721
CUST04529,44,m,102782.00,Sal.,10,837
CUST02348,37,Male,4230,Jobless,0,564
CUST03904,27,male,110841,Biz Owner,6,735
CUST01291,55,F,146740,salaried,6,663
CUST04199,38,f,148908,N/A,6,814
CUST05465,53,Male,111731,nan,33,658
CUST00683,39,M,99343,Full-Time,1,636
CUST03811,50,MALE,110375,SALARIED,29,687
CUST04759,23,FEMALE,21616,Free Lancer,1,691
CUST03609,37,M,99999999,Freelancer,11,718
CUST03289,21,MALE,55688,Entrepreneur,1,615
CUST04547,33,male,36853,Full-Time,nan,759
CUST00627,58,m,62338,Salaried, ,770
CUST00456,39,f,69730,Full-Time,7,648
CUST00188,27,m,7878,UNEMPLOYED,0,601
CUST02515,47,Non-Binary,85575,Sal.,2,671
CUST00486,61,f,214275,BUSINESS OWNER,26,772
CUST01312,49,m,120919,Entrepreneur,2,681
CUST04252,22,female,58347,Salaried,1,766
CUST04726,26,m,29378,self-employed,3,561
CUST02041,42,male,80810,Salaried,100,749
CUST03202,64,Female,65139,Business Owner,8,NULL
CUST02166,63,Female,86176,Full-Time,24,783
CUST00619,59,MALE,60264,Full-Time, ,684
CUST02425,N/A,m,282489,Business Owner,13,807
CUST00749,62, Female,148750/-,Sal.,1,735
CUST03591,28,MALE,103913, ,6,469
CUST01794,52,M,105310,Full-Time,26,737
CUST00777,51,M,65607,N/A,18,765
CUST00174,44,MALE,56817,Salaried,11,684
CUST02464,38,Male,"$121,689",Full-Time,12,778
CUST01488,52,Male,47438,Self-Employed,3,592
CUST02607,36,FEMALE,#N/A,Business Owner,12,667
CUST04150,52,F,83438,Sal.,23,684
CUST01054,22,male,137555,Sal.,1,560
CUST03694,54,Male,39491,salaried,26,819
CUST00210,45,NULL,133903,Sal.,2,738
CUST04417,56,FEMALE,INR 223645,BUSINESS OWNER,25,850
CUST05301,36,Male ,72583,Freelancer,16,779
CUST05835,28, Female,146462,Business Owner,3,756
CUST03112,48,f,130802,SALARIED,16,746
CUST02666,41,female,77256,salaried,4,758
CUST04540,45, ,50000,Freelancer,13,693
CUST00742,35,m,57275,freelancer,4,640
CUST01953,42,MALE,99999999,Self employed,11,674
CUST01748,49,Female,73005,Full-Time,20,nan
CUST02623,31,Female,90289,Biz Owner,3,666
CUST05186,41,M,181512,Biz Owner,7,711
CUST04734,130,MALE,-1,Salaried,27,789
CUST01805,28,Female,90600,Full-Time,3,736
CUST01333,27,female,30808,Sal.,3,628
CUST00565,64,FEMALE,65958,Self Employed,4,721
CUST01433,46,male,Unknown,UNEMPLOYED,0,708
CUST05342, ,M,129181,Biz Owner,9,850
CUST04218,37,m,45396,self-employed,13,847
CUST00499,41,MALE,87519.00,Full-Time,1,722
CUST02701,54,Female,75410,Full-Time,25,692
CUST04360,25,FEMALE,30002,Gig Worker,4,748
CUST01426,35,m,66493,SALARIED,13,NULL
CUST05767,59,FEMALE,87475,Salaried,16,772
CUST04723,62,FEMALE,64022,Salaried,100,836
CUST03443,40,F,90703,SALARIED,13,571
CUST02222,62,FEMALE,68753,Full-Time,34,780
CUST03033,64,Male ,171111,Entrepreneur,13,683
CUST00936,-5,f,90892,salaried,31,837
CUST00934,0,Female,56320,Gig Worker,12, 
CUST04087,40,m,72077,nan,4,574
CUST02324,55,M,28841,Self Employed,17,786
CUST03237,34,M,62000,self-employed,5,655
CUST01414,N/A,Female,36839,salaried,4, 
CUST00089,35,F,93671,SALARIED,11,847
CUST05488,64,Male ,94775,salaried,2,695
CUST05952,25,M,75656,Business owner,2,605
CUST04298,60,N/A,126768,Sal.,16,848
CUST05532,28,Female,146888,BUSINESS OWNER,1,759
CUST00536,22, Female,67341,Full-Time,1,750
CUST02186,58,Male ,66831,salaried,9,768
CUST05355,30,M,83756,Self-Employed,NULL,672
CUST03255,51,Male,104230,SE,2,568
CUST00349,44,Female,185554,Business owner,15,630
CUST04801,7,Male ,91131,SE,4,nan
CUST04965,40, Female,82747,Sal.,9,809
CUST02364,38,m,95821,Salaried,7,799
CUST05586,41,m,"$89,882",NULL,7,624
CUST02412,58,f,40375,Self-Employed, ,627
CUST01948,57,Male ,137231,SALARIED,5,611
CUST05927,53,female,61590,Self employed,9,668
CUST04496,57,FEMALE,182315,Biz Owner,15,688
CUST05938,33,m,34304,Self employed,13,816
CUST01882,53,Male,94957,Sal.,12,643
CUST04674,47,female,114559,salaried,22,660
CUST02583,44,Male ,83581,Full-Time,12,850
CUST02854,130,MALE,nan,SALARIED,1,618
CUST03433,50,Male,65877,Self Employed,17,684
CUST05974,7,MALE,88549,SE,9,553
CUST05802,55,F,N/A,SE,7,658
CUST04485,58, Female,90006,SALARIED,#N/A,779
CUST01110,60,male,206097,Business owner,10,529
CUST03995,61,Non-Binary,147818,salaried,22,805
CUST04459,32,male,244241,Business Owner,4,647
CUST00639,-5,FEMALE,84919,SALARIED,29,850
CUST03986,0,f,140788,Full-Time,N/A,716
CUST05670,59,male,66238,Freelancer,15,682
CUST05456,32,MALE,172228,Business owner,4,785
CUST03505,200,M,47169,Gig Worker,22,836
CUST04714,64, Female,110905,SALARIED,28,488
CUST05439,60,Male ,141571,Sal.,5,738
CUST00138,63,F,59420,SALARIED,10,NULL
CUST05132,47,female,109006,Full-Time,11,613
CUST02395,44,f,75493,self-employed,19,734
CUST05537,31,#N/A,73130,self-employed,5,801
CUST02512,53,Unknown,148361,#N/A,5,638
CUST03280,64,Female,206667,Biz Owner,13,850
CUST04519,60,Male,56306,SALARIED,13,nan
CUST00355,23,Female,76467,Sal.,1,765
CUST02108,24,Male,92662,Self-Employed,2,730
CUST05060,35,MALE,21653,SE,8,616
CUST02735,60,FEMALE,INR 70726,Business Owner,999,748
CUST03027,30,m,126661,salaried,10,794
CUST03950,41,Male,39076, ,9,709
CUST05244,60,Male ,98863,self-employed,26,812
CUST04611,30,Male ,169147,BUSINESS OWNER,4,1200
CUST04029,26,M,78346,Salaried,2,697
CUST02128,31,f,56483,salaried,2,
CUST01394,#N/A,male,48335,Self Employed,4,689
CUST01473,44,Female,39369,FREELANCER,9,547
CUST01077,52,female,,Freelancer,N/A,561
CUST01101,65,M,97693,Self-Employed,23,850
CUST04806,59,,129091,SALARIED,17,697
CUST00506,62,male,104786,SALARIED,nan,730
CUST00820,51,m,142544,Full-Time,4,636
CUST01444,62,F,132730,Sal.,16,715
CUST04362,39,male,41961,salaried,3,690
CUST04940,60,Male,39452,Self employed,16,724
CUST00011,25,Male ,,Unknown,5,650
CUST03998,65,non-binary,43519,Self employed,13,751
CUST03334,24,FEMALE,17927,Freelancer,4,750
CUST05808,48,M,218482,#N/A,22,754
CUST01469,27,Male,136929,Full-Time,4,765
CUST01859,58,#N/A,35284,self-employed,#N/A,695
CUST01975,#N/A,M,9538,Jobless,0,840
CUST03701,39,Male ,83967,Self employed,15,609
CUST01016,36,male,132533,Salaried,11,624
CUST05762,32,m,41371.00,FREELANCER,11,672
CUST05581,38,Male,81613,SE,13,623
CUST03555,50,male,42361,Sal.,11,474
CUST05959,40,M,55078,salaried,14,672
CUST04601,54,m,132998,salaried,34,792
CUST04632,Unknown,F,70450,SALARIED,8,726
CUST04123,42,MALE,NULL,Free Lancer,20,668
CUST02929,53,Male,121715,NULL,16,850
CUST02160,59,M,91431,Self Employed,34,735
CUST05292,40,Male ,87717,Full-Time,16,610
CUST00985,64,#N/A,147041,salaried,28,NULL
CUST02697,42,m,18149,Freelancer,Unknown,642
CUST04346,34,Male ,62058, ,9,655
CUST05357,53,f,135720,SALARIED,8,744
CUST05722,51,f,104589,self-employed,#N/A,850
CUST04885,40,male,149310,salaried,16,730
CUST04705,47,Male,71735,SALARIED,13,703
CUST02352,21,Male,140528,Full-Time,1,694
CUST04490,Unknown,FEMALE,99749,Self Employed,11,690
CUST03224,38,Male,70936,salaried,17,N/A
CUST02435,49,Female,114259/-,Sal.,22,758
CUST05219,57,Male,NULL,Business owner,3,820
CUST03927,30,FEMALE,54498,self-employed,4,N/A
CUST04258,53,F,99999999,salaried,12,713
CUST02678,65,M,27248,Self Employed,20,836
CUST03422,60,F,115347,SE,16,NULL
CUST02995,41,Male ,111830,NULL,N/A,700
CUST01781,51, ,91052,Sal.,12,741
CUST04543,63,Male,8942,UNEMPLOYED,#N/A,662
CUST04296,63,Female,55514,Freelancer,35,823
CUST04873,22,Male ,298790,Entrepreneur,2,781
CUST03056,50,MALE,32206,SALARIED,2,699
CUST02366,59, Female,46919,SALARIED,10,737
CUST03411,53,Male ,121308,Sal.,20,701
CUST03827,54,female,261013,Biz Owner,19,755
CUST01620,21,Male ,101391,Full-Time,1,694
CUST01321,54,M,112818,SALARIED,6,835
CUST03210,32,female,105800,SALARIED,9,661
CUST03130,Unknown,M,64707,SALARIED,5,544
CUST00479,52,male,"$126,309",Full-Time,13,759
CUST03410,35,Male,102619,SE,15,792
CUST01194,27,Female,54377,FREELANCER,3,538
CUST05394,51,f,54396,Full-Time,24,N/A
CUST00860,54,FEMALE,111758,SALARIED,16,999
CUST02828,47,M,91946,Salaried,11,713
CUST05932,61,Female,202114,Biz Owner,6,675
CUST05857,43,male,#N/A,BUSINESS OWNER,11,815
CUST02719,40,m,73741,FREELANCER,16,785
CUST05174,35,Male ,145519,Sal.,11,671
CUST05862,21,MALE,74970,freelancer,1,811
CUST00104,39,FEMALE,45346,Freelancer,4,779
CUST02468,21,Female,53736,SALARIED, ,782
CUST02901,43,M,189830,Entrepreneur,9,850
CUST03606,43,M,INR 107016,salaried, ,698
CUST03123,60,male,23288,Free Lancer,NULL,827
CUST04142,47,male,29056,Free Lancer,9,653
CUST01864,45,Male ,109582,Business owner,16,805
CUST04129,27,F,Unknown,Jobless,0,580
CUST03165,61,Male,87026,salaried,21,692
CUST05155,61,m,197234,BUSINESS OWNER,7,695
CUST05812,,,Unknown,SALARIED,1,715
CUST03774,63,Female,101995,Full-Time,5,651
CUST03358,48,Female,nan,Full-Time,11,830
CUST04983,36,MALE,INR 77531,,12,819
CUST03601,61,FEMALE,63738,Free Lancer,23,810
CUST00147,55,Male,130400,salaried,29,671
CUST00998,, Female,211255,Business owner,14,627
CUST00320,51,male,"$30,708",Full-Time,25,677
CUST03189,44,F,109486,self-employed,6,664
CUST02397,31,M,96330,Sal.,2,565
CUST02260,26,m,194079,Biz Owner,5,731
CUST04981,23,Non binary,"$26,799",Freelancer,2,691
CUST04475,44,,86493,Salaried,9,nan
CUST03773,60,M,144504,Business Owner,6,793
CUST04303,25,male,62081,Full-Time,4,538
CUST00988,30,Female,264581.00,Business Owner,7,595
CUST03672,28,Male ,NULL,Freelancer,3,649
CUST03001,40,m,147532,SALARIED,16,675
CUST04884,59,,94959,Self employed,5,800
CUST00882,38,Female,78520,Salaried,8,718
CUST00336,41,Male,nan,salaried,7,637
CUST00556,34,M,47336,Sal.,8,801
CUST03619,28, Female,50820,Salaried,,749
CUST05309,44,f,92369,Salaried,23,850
CUST02694,42,male,147036,Full-Time,5,581
CUST02133,41,Male ,118075,Sal.,14,759
CUST02085,28,f,53922,Self employed,2,553
CUST04095,49,f,#N/A,salaried,11,801
CUST04220,59,NULL,80337,N/A,15,632
CUST04916,27,Male,82190,Sal.,1,723
CUST05623,49, Female,68188,Full-Time,18,#N/A
CUST03138,56,F,4070,Not Employed,0,736
CUST01314,34,FEMALE,43353,Self-Employed,N/A,685
CUST05837,37,NULL,96071,Sal.,6,771
CUST01614,55,M,35474/-,Self Employed,10,747
CUST05002,26,f,128333,Entrepreneur,5,761
CUST04522,48,Male ,-1,BUSINESS OWNER,2,712
CUST04326,59,FEMALE,42306,Free Lancer,28,687
CUST00727,29,M,96678,Sal.,6,647
CUST03327,56,MALE,117900,Salaried,14,711
CUST05080,40,NULL,104651,SE,2,784
CUST04285,37,F,45770,Self employed,16,596
CUST02081,27,female,95069,Salaried,1,633
CUST02429,34,male,INR 76398,Entrepreneur,3,687
CUST02418,33,M,58897,freelancer,6,631
CUST04488,52,N/A,121215,SALARIED,12,720
CUST00067,40,FEMALE,68766/-,,2,707
CUST01880,62, Female,69142,salaried,32,758
CUST02645,33,M,144830,SALARIED,6,765
CUST02766,37, Female,89925,Self-Employed,4,900
CUST02096,nan,MALE,NULL,Entrepreneur,5,708
CUST03340,36,MALE,-5000,Salaried,13,608
CUST05641,41,NB,234548,BUSINESS OWNER,6,772
CUST02212,58,MALE,46978,SALARIED,N/A,694
CUST05658,65,MALE,142886,Full-Time,27,850
CUST05783,31,Male,108251,,3,622
CUST00674,42,f,108812,Self employed,15,660
CUST03096,23,female,N/A,Salaried,1,706
CUST05379,48,m,226204,,N/A,661
CUST02683,22,Male,119841,SALARIED,2,762
CUST01675,37,Male,18029,Free Lancer,7,569
CUST02860,48,m,53000,SE,6,640
CUST04559,44,M,1554,unemployed,0,740
CUST03107,57,Male,107055,nan,,786
CUST00007,37,f,145550,Sal.,100,696
CUST02189,28,Male,35419,SALARIED,4,635
CUST05764,61,Unknown,38716,SALARIED,8,761
CUST05107,50,F,120618,Sal.,20,698
CUST01421,35,Male ,19178,Free Lancer,12,664
CUST04445,62, Female,295922,Business owner,31,675
CUST02314,45, Female,102145,Self employed,7,783
CUST05248,25,Male ,38921,salaried,nan,606
CUST05215,50,f,43585,Free Lancer,Unknown,739
CUST01405,45,F,41812,Gig Worker,, 
CUST01543,42, Female,39981/-,SE,5,728
CUST01626,35, Female,34357,Self-Employed,-3,555
CUST04869,33,MALE,67884.00,SALARIED,12,707
CUST04921,50,male,93393,SE,17,723
CUST00745,130,FEMALE,90197,Sal.,10,769
CUST05525,54,FEMALE,181379,Biz Owner,NULL,463
CUST05576,50,Male ,5830,unemployed,0,
CUST05569,23,f,44845,Gig Worker,1,787
CUST02807,32,MALE,66690,Business owner,5,828
CUST05554,45,f,46785,nan,24,827
CUST00843,32,m,28362,Self Employed,12,814
CUST05281,24,M,16654,Free Lancer,#N/A,665
CUST04820,23,f,180811,Business Owner,2,-50
CUST00629,29,Male ,68678,Business Owner,1,609
CUST02518,51,male,74401,Self-Employed,17,567
CUST04471, ,f,nan,salaried,20,759
CUST00044,29,male,115318,Salaried,5,808
CUST02895,49,m,139041,Salaried,1,775
CUST04244,43,F,141171,SALARIED,6,822
CUST00907,41,Male ,84842,Salaried,19,790
CUST00709,46,F,82648,Full-Time,24,686
CUST03806,47,FEMALE,120361, ,8,736
CUST05056,56,m,7799,unemployed,0,708
CUST05948,41,female,99999999,SALARIED,5,795
CUST01555,29,FEMALE,#N/A,Sal.,9,739
CUST02779,21,M,67532,SALARIED,1,751
CUST02700,26,F,140696,SALARIED,1,781
CUST05181,39,Male,33605,Sal.,13,654
CUST05498,55,Male ,111564,Sal.,N/A,705
CUST01024,25,FEMALE,23167,SE,3,667
CUST03719,55,,137471,Full-Time,20,829
CUST04204,49,male,61592,SALARIED,11,757
CUST03149,35,F,115720,Salaried,13,807
CUST01771,50,M,47491,Full-Time,17,740
CUST02232,54, Female,206380,Biz Owner,2,496
CUST00466,64,Male,135705,salaried,28,776
CUST00851,36,Female,72756,Gig Worker,,628
CUST05419,33,F,"$66,437",Free Lancer,3,697
CUST03531,42,m,84444,,22,711
CUST01747,55, Female,106435,Self-Employed,15,630
CUST04743,41,F,98026,salaried,18,811
CUST05034,63,Male ,96991,SALARIED,24,656
CUST02158,130,Female,84749,SALARIED,1,610
CUST01714,61,f,55447,Self-Employed,35,752
CUST04194,62,FEMALE,78145,BUSINESS OWNER,25,850
CUST03273,48,FEMALE,34890,Self-Employed,16,733
CUST04319,41,M,Unknown,Sal.,14,616
CUST05031,51,FEMALE,23034,self-employed,26,642
CUST04656,50,male,109947,Salaried,21,837
CUST03655,21,M,Unknown,salaried,1,720
CUST05646,34,F,109799,self-employed,4,743
CUST04011,25, Female,46266,Salaried,3,674
CUST00139,53,F,240831,Business Owner,16,709
CUST04146,40,Female,130779,salaried,7,613
CUST00172,46,M,90782,Self Employed,10,771
CUST03497,38,m,34652,Self-Employed,2,721
CUST03031,53,FEMALE,102508,Self employed,14,778
CUST01988,61,F,44583.00,Self employed,NULL,824
CUST04379,39,F,69847,FREELANCER,3,708
CUST05308,34,f,45893,salaried,5,690
CUST00724,38,male,5761,unemployed,0,803
CUST01368,36,MALE,228301,BUSINESS OWNER,15,722
CUST01557,26,Female,229072,BUSINESS OWNER,5,#N/A
CUST00688,64,Male,65494,self-employed,35,850
CUST01655,34,Unknown,72328,salaried,8,669
CUST03438,60,female,27925,freelancer,30,790
CUST02185,36,male,#N/A,Salaried,15,767
CUST02488,36, ,23988,Gig Worker,1,673
CUST03689,50, Female,36264,Free Lancer,1,-50
CUST05995,63,Female,110661,SE,2,724
CUST05597,NULL, Female,39992,Self employed,#N/A,744
CUST01563,39,Female,"$73,627",Self Employed,8,850
CUST05217,21,MALE,32178,Freelancer,nan,817
CUST00721,28,female,103793,,1,542
CUST05548,56,male,-5000,SALARIED,29,836
CUST05371,40,Male ,221750,Business Owner,15,628
CUST01221,52,male,121696,Business owner,9,728
CUST01929,37,Male,37860,Free Lancer,8,670
CUST01876,38,f,77291,salaried,12,699
CUST01564,47,M,233550,Entrepreneur,16,836
CUST05648,58,#N/A,42399,Full-Time,1,599
CUST05804,23,F,nan,SE,1,611
CUST02985,29,F,91626,Sal.,4,640
CUST03542,25,F,"$83,818",Self-Employed,,850
CUST00610,60,female,155358,Business Owner,11,688
CUST01023,40,Male,,self-employed,5,807
CUST04376,65,Male,96818,Full-Time,24,833
CUST01913,33,f,73032,SALARIED,6,645
CUST00550,55,m,95144,self-employed,31,781
CUST03855,60, Female,"$117,349",SALARIED,2,770
CUST00624,54,Female,124450,Sal.,30,782
CUST04685,39,M,42063,SALARIED,8,685
CUST03326,62,f,52209,Full-Time,#N/A,Unknown
CUST01611,38,Female,126732,salaried,10,788
CUST00419,36,m,132531,Business Owner,5,762
CUST04711,27,M,59091,salaried,2,647
CUST02739,43,Male,34750,Salaried,12,724
CUST01050,55,FEMALE,109302.00,Full-Time,#N/A,544
CUST05976,32,Female,76947,Sal.,8,773
CUST03244,40, Female,9754,Not Employed,0,439
CUST00117,54,male,57904,self-employed,32,588
CUST01293,62,f,82754,Sal.,5,632
CUST01283,47,M,40442,Salaried,#N/A,806
CUST02891,22, Female,98356,self-employed,1,N/A
CUST01514,39,Male,123315,SALARIED,5,838
CUST02743,21,Female,50264,Business Owner,1,
CUST00822,29,F, ,Salaried,9,768
CUST00650,nan,NULL,139453,SALARIED,-3,615
CUST02362,43,female,73295,SE,23,691
CUST05126,24,m,87847,Salaried,nan,nan
CUST04442,34,female, ,SE,13,588
CUST00644,59,F,108319,self-employed,12,596
CUST00644,59,F,108319,self-employed,12,596
CUST01311,26,male,55526,Salaried,4,743
CUST01227,65,Non binary,137506,Business owner,23,611
CUST04100,61,m,149607,salaried,4,-50
CUST03761,38,MALE,Unknown,salaried,9,705
CUST02640,39,F,51344,SALARIED,16,806
CUST02069,50,m,53390,Biz Owner,25,745
CUST01083,51,Unknown,92856,Sal.,-3,623
CUST04200,50,Male,36422,FREELANCER,29,766
CUST00974,29,female,133105,SALARIED,3,759
CUST04836,59,male,-5000,Business owner,18,nan
CUST00754,130,male,63213,freelancer,13,695
CUST00225,39,F,49617,SALARIED,19,NULL
CUST04037,57,f,96141,SALARIED,35,803
CUST00291,59,Non binary,89474,Full-Time,33,729
CUST00186,43,Male ,48521,salaried,14,728
CUST04673,55,Female,117754,Salaried,4,722
CUST04245,25,Female,30767,self-employed,1,nan
CUST01019,29,M,123764,Biz Owner,3,674
CUST01884,51,f, ,SE,6,803
CUST02046,35,m,35224,Full-Time,1,741
CUST03534,47,FEMALE,86783,Unknown,4,694
CUST05444,56,Male ,65625,Entrepreneur,12,761
CUST01463,nan,,203325,Business Owner,7,740
CUST00221,35, Female,118171,Full-Time,3,660
CUST04151,31,non-binary,253051,Business Owner,4,666
CUST05500,23,Male ,104873,Self employed,3,773
CUST04526,24,Male ,75968,FREELANCER,1,850
CUST00362,31,Male,46827,Self-Employed,1,682
CUST04014,7,F,121079,SALARIED,6,611
CUST02336,28,F,83188,N/A,#N/A,709
CUST00208,,f,93857,SE,8,nan
CUST01657,34,Female,17382,Freelancer,10,619
CUST05343,21,m,58944,SALARIED,1,816
CUST00280,29,m,65778,Business owner,6,671
CUST04508,40,Male,4237,Not Employed,0,496
CUST04555,25,Female,76672,SALARIED,3,669
CUST01639,22,M,99918,SALARIED,2,722
CUST01483,61,female,6040,UNEMPLOYED,0,643
CUST02669, ,female,127439,Sal.,9,738
CUST04271,,M,117458,Sal.,13,695
CUST02367,41,female,26849,Self employed,13,769
CUST00615,58,f,60345,Sal.,7,N/A
CUST05806,130,male,80207,Full-Time,5,460
CUST03885,55,Male ,51080,self-employed,29,612
CUST02162,31,Male ,108847,SALARIED,2,609
CUST05225,24,f,148380,salaried,1,564
CUST00839,30,Male ,32804,freelancer,10,575
CUST03013,31,#N/A,123246,salaried,9,660
CUST01068,22,Male ,59144,Self Employed,1,760
CUST01723,56,m,79138,Freelancer,15,669
CUST03670,48,Male,67198,Self-Employed,27,691
CUST01744,26,male,N/A,Not Employed,0,796
CUST04546,43,F,130511,Sal.,20,829
CUST00995,56,MALE,96730,Self-Employed,,622
CUST04613,39,F,108995,salaried,17,686
CUST00949,nan,male,108043,Salaried,19,672
CUST00524,49,FEMALE,59979,Salaried,,787
CUST02431,43,Female,91395,Self Employed,18,691
CUST05624,26,Male ,"$36,149",SALARIED,5,731
CUST03064,57,m,39380,N/A,10,560
CUST03263,56, Female,-5000,Gig Worker,19,756
CUST04239,63,MALE,57259,self-employed, ,647
CUST01261,40,male,63775,Self-Employed,-3, 
CUST04535,44, Female,131045,SALARIED,12,704
CUST00750,21,MALE,73760,Sal.,1,720
CUST00271,42,non-binary,264419,Business Owner,3,819
CUST03599,43,MALE,294622,BUSINESS OWNER,3,850
CUST05986,64,MALE,50428,Sal.,6,613
CUST02632,45,female,60240,self-employed,15,810
CUST05194,57,F,4862,Not Employed,0, 
CUST02696,40,female,NULL,Salaried,2,704
CUST01403,43,FEMALE,34043,salaried,18,825
CUST04398,39,Unknown,Unknown,salaried,2,559
CUST01332,130,M,129504,Full-Time,3,-50
CUST00390,34,m, ,Entrepreneur,13,694
CUST03754,49,m,77014,Gig Worker,11,684
CUST00354,40,female,34724,Free Lancer,16,732
CUST05229,26,M,23830,Self Employed,3,664
CUST05328,50,FEMALE,141405, ,,829
CUST01151,57,m,136743,Full-Time,13,850
CUST05920,30,female,297080,nan,9,825
CUST03482,65,,33844.00,Gig Worker,6,784
CUST05530,7,MALE,119508,self-employed,1,623
CUST03503,58,Male ,99506,SALARIED,2,655
CUST04902,51,f,129709,salaried,10,832
CUST04162,40,m,64343,Unknown,10,731
CUST04718,56,f,42836,Freelancer,23,599
CUST03715,54,male,92403,Self Employed,11,789
CUST04906,47,FEMALE,208021,Business Owner,23,664
CUST03227,23,F,43765,Sal.,,721
CUST05882,40,male,"$69,213",freelancer,#N/A,743
CUST00245,50,F,95832,Salaried,19,600
CUST00060,24,Male ,99999999,freelancer,Unknown,725
CUST04218,37,m,45396,self-employed,13,847
CUST00118,27,F,60834,Salaried,1,727
CUST04829,42,M,102526,SE,12,843
CUST04762,29,male,125323,Full-Time,9,624
CUST04008,25,MALE,60753,SALARIED,2,787
CUST05999,46,F,910,unemployed,0,830
CUST00183,32,Male,57113,salaried,2,659
CUST00225,39,F,49617,SALARIED,19,NULL
CUST00152,61,F,105535,self-employed,32,823
CUST04163,7,F,61166,Salaried,4,727
CUST05200,36,male,6557,Unknown,0,676
CUST02001,31,MALE,127138,SALARIED,7,712
CUST04612,38,FEMALE,144249,salaried,5,719
CUST02454,37,F,103787,Salaried,17,742
CUST03127,47,Male ,3370/-,Jobless,0,630
CUST00061,30,M,25035,Self Employed,2,812
CUST02975,65,female,35871,Self Employed,5,631
CUST01925,38,Male ,69725,Full-Time,8,436
CUST04166,45, Female,60699,Salaried,23,697
CUST05892,63,female,50677,Free Lancer,1,708
CUST02306,58,F,N/A,salaried,18,nan
CUST04924,63,FEMALE,132355,Full-Time,17,773
CUST05533,33,m,35163,Self employed,12,693
CUST00388,32,female,69100,Sal.,12,692
CUST05713,53,male,95348,SE,30,787
CUST05247,62, Female,88199,SALARIED,17,N/A
CUST04141,26,f,67266,Gig Worker,,680
CUST02764,58,F,47228,Salaried,24,787
CUST01231,nan, Female,31543,salaried,6,780
CUST00365,34,f,62361,SE,-3,786
CUST02660,41,M,48939,salaried,nan,850
CUST01036,27,f,110295/-,SE,4,850
CUST00328,59,male,73950,Full-Time,2,714
CUST02200,44,Male,137263,Full-Time,19,774
CUST02942,41,Male,NULL,Self Employed,12,527
CUST06000,49,male,95080,self-employed,1,624
CUST01357,54,f,37687,Sal.,13,686
CUST01569,-5,MALE,49749,Self Employed,19,794
CUST01536,29,N/A,100967,Business owner,1,703
CUST04292,65,MALE,96438,salaried,20,850
CUST00539,29,Female,43629,FREELANCER,9,585
CUST00441,27,Male ,28521,Self-Employed,5,652
CUST01200,25,male,132506,SALARIED,3,732
CUST03688,47,M,127751,salaried,9,743
CUST05957,65,female,66073,SALARIED,16,772
CUST03587,60,Female,52378,SALARIED,6,900
CUST02506,31,M,104444,self-employed,9,705
CUST01987,49,F,94852,Salaried,8,839
CUST02770,50, Female,65604,Self-Employed, ,692
CUST02175,41, Female,38108,salaried, ,679
CUST02910,26,M,76075,salaried,4,850
CUST01861,27,female,111023,Biz Owner,2,543
CUST04689,39, Female,58816,Full-Time,4,778
CUST00028,32,F,97881,salaried,12,728
CUST03498,33,Male ,73187,self-employed,12,717
CUST03220,62,FEMALE,27416,SE,23,757
CUST00217,60,Male ,89431,Salaried,NULL,807
CUST03737,37,FEMALE,39662,Full-Time,14,599
CUST05547,47,Male ,139123,SALARIED,9,716
CUST01954,29,Female,43183,FREELANCER,1,778
CUST02262,37,F,N/A,SALARIED,11,812
CUST03807,38,male,3764,unemployed,0,536
CUST01104,45, Female,113728,Sal.,18,645
CUST01418,54,FEMALE,46766/-,,21,751
CUST03687,42,Unknown,7612.00,unemployed,0,712
CUST02765,31,female,137304,salaried,3,662
CUST03947,40,Male,114106,Salaried,16,810
CUST05467,27,M,41009,Freelancer,7,720
CUST01706,63,male,130862,SALARIED,20,745
CUST00856,44,Female,69706,Self employed,2,606
CUST03150,,M,113522,SALARIED,100,850
CUST03910,62,N/A,4199,UNEMPLOYED,0,761
CUST04390,52,m,69499,Full-Time,7,659
CUST01235,-5,MALE,146689,Salaried,3,644
CUST02396,25,Male,56072,Salaried,5,642
CUST03646,60,f,106989.00,SALARIED,3,705
CUST01485,48,FEMALE,NULL,salaried,28,703
CUST03721,30,MALE,-5000/-,FREELANCER,2,792
CUST00498,64,male,116744,Salaried,30,690
CUST00359,50, Female,"$156,021",Entrepreneur,21,747
CUST01821,41, Female,42700,Full-Time,12,722
CUST03288,55,MALE,74564,Gig Worker,13,688
CUST00262,28,FEMALE,79049,salaried,8,740
CUST01228,65,f,46916,self-employed,28,638
CUST00600,27,f,114609,Sal.,7,672
CUST03458,59,,110251,Full-Time,1,734
CUST01184,58,male,31635,Full-Time,#N/A,-50
CUST03480,30,MALE,274998,Business Owner,2,696
CUST04120,58,m,122101,salaried,14,778
CUST05431,200,Male,110445,salaried,9,669
CUST04501,23, Female,-5000,Gig Worker,1,699
CUST04521,29,Male ,136250,Sal.,1,700
CUST00389,54, Female,146581,salaried,21,nan
CUST00106,25,FEMALE,47359,Sal.,4,636
CUST02350, ,male,69480,Sal.,4, 
CUST01198,32,female,45279,Self-Employed,12,820
CUST05538,31,f,144068,SALARIED,2,620
CUST03869,-5,m,40838,Self employed,3,777
CUST02415,47,female,65952,Entrepreneur,1,640
CUST03634,24,FEMALE,110958,Business Owner,4,601
CUST05620,27,M,3186,unemployed,0,850
CUST01527,23,male,146820,Salaried,1,787
CUST00836,32,NULL,INR 78766,SALARIED,10,665
CUST00246,30,MALE,113122,N/A,1,667
CUST04287,53,M,168326,Biz Owner,6,850
CUST03822, ,Female,97177,self-employed,5,680
CUST00771,43,FEMALE,51555,Gig Worker,7,721
CUST05330,59,F,75445,salaried,32,627
CUST00932,44, Female,149651,Full-Time,11,737
CUST01136,54,female,33177,salaried,1,703
CUST02799,32,Male ,102385/-,Full-Time,4,804
CUST05241,43,FEMALE,20408,self-employed,11,813
CUST04506,29,MALE,81718,Salaried,Unknown,784
CUST02873,50,FEMALE,143245,Salaried,7,585
CUST01647,39,F,99999999,Sal.,14,835
CUST02968,24,FEMALE,108853,Self-Employed,1,811
CUST01910,22,Male ,N/A,Entrepreneur,1,778
CUST01273,43,Female,78250,SALARIED,21,688
CUST02149,60,M,INR 108910,BUSINESS OWNER,14,850
CUST02036,48,Female,69315,Self employed,24,666
CUST05728,48,M,128365,Salaried,15,504
CUST01899,21,MALE,74323,Freelancer,1,716
CUST04193,25,f,105787/-,Self employed,5,713
CUST00242,49,FEMALE,128524,SALARIED,23,684
CUST03852,NULL,m,48250,Self Employed,3,586
CUST00048,58,f,104754,Business Owner,17,754
CUST03769,55,Male,122622,SALARIED,8,658
CUST05133,34,Male ,270193,Biz Owner,9,805
CUST05940,27,MALE,INR 112973,Self Employed,2,528
CUST04462,29, Female,100488,salaried,7,657
CUST00143,25,male,88799,Salaried,3,771
CUST03590,57,F,146121,Salaried,2,776
CUST05156,63,f,122216,Full-Time,16,N/A
CUST01999,36,Female,63118,Business Owner,8,nan
CUST04434,31,non-binary,"$113,159",Salaried,6,723
CUST02772,51,F,111851,SE,20,581
CUST04587,58,m,130340,Full-Time,16,709
CUST05790,40,male,120336,Sal.,6,709
CUST01262,48,M,24900,SE,13,588
CUST05323,55,Female,57051,Self-Employed,8,727
CUST02913,21,NULL,132649,Salaried,1,662
CUST03082,51,F,31268,Gig Worker,10,NULL
CUST00329,47,M,30116,salaried,7,747
CUST02087,48,male,,Sal.,14,772
CUST04167,21,nan,-5000,Business Owner,1,767
CUST00871,55, Female,145905,salaried,26,583
CUST02012,28,male,102893,BUSINESS OWNER,4,711
CUST01347,45,female,57638,FREELANCER,6,Unknown
CUST04022,0,female,76112,FREELANCER,18,850
CUST01814,32,Male,107818,Salaried,100,568
CUST01348,47,Female,74666,Self-Employed,100,671
CUST02233,36,m,"$39,477",Self Employed,3,844
CUST00085,44,Female,35858,Sal.,23,771
CUST03177,58,MALE,254563,Business Owner,18,803
CUST00785,49, Female,,self-employed,20,678
CUST01820,53,Male,121619, ,29,806
CUST01088,59,F,78931,Gig Worker,11,850
CUST01753,25,Male ,-1,SALARIED,2,636
CUST05518,21,M,66368,Free Lancer,nan,757
CUST05925,52,Male,"$33,639",SALARIED,4,842
CUST02194,21,male,#N/A,Sal.,1,740
CUST03037,57,female,35041,Sal.,30,655
CUST00219,Unknown,FEMALE,30801,Self Employed,9,648
CUST01286,-5,Female,78934,FREELANCER,3,693
CUST04341,50,male,135554,Salaried,10,840
CUST02788,41,Male,81661,Self employed,10,651
CUST02618,25,Male,57186,salaried,3,711
CUST02054,25,f,20270,Free Lancer,2,630
CUST02561,51,f,111528,Sal.,22,833
CUST02208,22,Male ,44594,SALARIED,2,999
CUST01135,46,female,126206,Entrepreneur,2,746
CUST05062,0,MALE,67685,Sal.,2,705
CUST03039,41,female,34263,Self Employed,8,0
CUST00663,57,MALE,INR 83411,Salaried,7,681
CUST01556,28,f,46168,salaried,6,665
CUST01107,40,female,87714,Salaried,19,707
CUST04697,Unknown,M,63621,Biz Owner,3,645
CUST02197,63,Female,108823,BUSINESS OWNER,3,648
CUST01816,,M,9966,nan,0,625
CUST01607,60,female,231910,Business owner,34,696
CUST04048,35,M,89172,self-employed,5,728
CUST02738,47,male,103795,SALARIED,21, 
CUST04416,21,f,139592,SALARIED,1,701
CUST04023,58,#N/A,28407,Free Lancer,14,850
CUST03831,40,nan,47695,Full-Time,NULL,712
CUST01459,60,MALE,108669,Self employed,35,824
CUST03988, ,female,43047,Freelancer,4,634
CUST02009,37,Male,8442,UNEMPLOYED,0,750
CUST02760,21, Female,201011,Business Owner,1,662
CUST00230,36,FEMALE,39401,SALARIED,14,701
CUST01413,38,MALE,76051,Full-Time,14,672
CUST03739,55,M,96631,Salaried,7,#N/A
CUST00213,55,M,75512,FREELANCER,26,742
CUST02880,40,FEMALE,141917,Business Owner,17,588
CUST01298,44,male,36875,freelancer,23,653
CUST03868,44,MALE,84579,salaried,4,608
CUST00374,41,F,Unknown,salaried,13,646
CUST05619,28,f,101385,Self-Employed,2,670
CUST04196,57,F,52160,Sal.,6,620
CUST01256,25,m,48754,SALARIED,5,524
CUST01791,39,f,53664,FREELANCER,N/A,791
CUST05752,42,,106004,Business Owner,6,666
CUST04440,60, Female,133331,Full-Time,12,845
CUST05345,34,Male,2368,Unemployed,0,662
CUST03487,63,Female,30888,Salaried,10,709
CUST02676,52,Non binary,90221,salaried,9,
CUST04541, ,N/A,36995,Unknown,7, 
CUST02399,35,Male ,102442,Unknown,1,705
CUST02316,31,m,66098,Self Employed,9,723
CUST03054,58, Female,21092,Self-Employed,2,570
CUST03313,59,Female,141119,Full-Time,34,702
CUST04358,46,Male,34885,Self employed,100,714
CUST03589,52,Unknown,INR 61093, ,15,763
CUST02201,47,F,91268.00,SALARIED,14,N/A
CUST03023,56,f,159842,BUSINESS OWNER,-3,787
CUST05777,34,male,54184,salaried,7,678
CUST01040,56,MALE,N/A,Sal.,1,900
CUST04813,24,Female,135772,Full-Time,1,625
CUST01267,59,Male ,54205,Full-Time,#N/A,850
CUST01732,52,f,141858,salaried,NULL,657
CUST04443,32,F,94329,Full-Time,12,710
CUST00411,52,FEMALE,59795,salaried,13,605
CUST02261,60,MALE,3985,Jobless,0,705
CUST04951,65,M,1560,UNEMPLOYED,0,536
CUST02394,28,MALE,143239,SALARIED,1,NULL
CUST05023,49,f,50516,freelancer,4,664
CUST02897,53,Female,44493,FREELANCER,2,687
CUST00568,30, Female,34593,Gig Worker,Unknown,797
CUST00867,50,#N/A,246326,Biz Owner,22,850
CUST01865,29,female,55256,freelancer,1,682
CUST05785,23,m,99366,Full-Time,2,654
CUST03974,36,MALE,143463,Salaried,3,704
CUST02829,24,MALE,125327,Salaried,4, 
CUST03215,54,M,70610,Salaried,31,788
CUST01532,47,NULL,85956/-,Self-Employed,NULL,nan
CUST04857,30,female,78854,Self Employed,1,624
CUST01604,49,F,33691,Salaried,19,614
CUST02621,26,M,68135,Salaried,1,586
CUST02417,34,F,,Full-Time,11,612
CUST00821,24,Male,35025,Full-Time,4,596
CUST05090,30,Male ,99455,Full-Time,5,730
CUST03051,46,female,44049,#N/A,26,771
CUST03184,34,MALE,128949,Full-Time,11,743
CUST04114,34,male,119807,Sal.,999,666
CUST00901,40,M,147619,Full-Time,6,565
CUST04777,22,Male ,118298,Full-Time,1,710
CUST02490,34,male,134924,Salaried,7,676
CUST00366,33,female,86820,SALARIED,5,504
CUST01325,36,MALE,142460,Salaried,9,678
CUST04183,38, Female,118613,Entrepreneur,,808
CUST01727,37,Female,147238,Sal.,9,598
CUST02310,Unknown,m,41368,Self-Employed,24,725
CUST01827,36,F,99005,salaried,,684
CUST00543,49,MALE,"$124,131",Business owner,7,630
CUST00574,42,f,nan,self-employed,2,766
CUST00691,43, Female,99999999,Salaried,16,677
CUST04418,46,male,117148,Sal.,18,796
CUST02989,22,m,143621,SALARIED,2,617
CUST01979,-5,female,91767,Salaried,1,562
CUST02184,22,female,33941,Sal.,2,514
CUST00039,#N/A,Female,46566,Salaried,N/A,592
CUST03483,24,f,62784,Self Employed,3,N/A
CUST01949,24,m,73404,Sal.,2,610
CUST01410, ,M,128599,salaried,32,746
CUST02606,26,F,102467,Business owner,6,728
CUST04213,43,Male,34249,Freelancer,7,N/A
CUST03431,26,male,55733,SALARIED,5,610
CUST05685,63, Female,134033,BUSINESS OWNER,33,824
CUST02526,42,Male,44682,Full-Time,14,696
CUST03314,21,MALE, ,SALARIED,1,Unknown
CUST03984,27,Male ,59314,Self-Employed,3,1200
CUST04990,48,female,107082,Biz Owner,28,850
CUST05446,22,FEMALE,55395,Full-Time,2,693
CUST03101,200,Female,69584,SALARIED,2,736
CUST05171,51,male,265450,BUSINESS OWNER,11,630
CUST02035,26,m,128066,Full-Time,1,698
CUST04963,63,f,74222,salaried,11,728
CUST05674,61,m,39936,salaried,35,773
CUST03496,38,M,91128,SALARIED,5,755
CUST02846,65,FEMALE,"$8,388",unemployed,0,576
CUST04308,38,FEMALE,74818,SE,NULL,
CUST00151,31,Male ,126919,Full-Time,7,694
CUST01210,42,F,133666,BUSINESS OWNER,19,786
CUST04181,23, Female,568,Not Employed,0,586
CUST00838,61,Male,35456,Freelancer,20,686
CUST05474,40,m,63717,Sal.,7,589
CUST01504,47, Female,103184,SALARIED,14,687
CUST02047,57,MALE,135455,salaried,26,684
CUST02571,57,Male ,53467,Salaried,13,681
CUST00317,35,MALE,N/A,Full-Time,13,714
CUST02349,59,M,34904,Salaried,29,698
CUST03423,63,M,"$55,938",Salaried,11,642
CUST05287,55,M,18116,Freelancer,1,703
CUST04819,N/A,M,108379,Full-Time,3,739
CUST01711,35,M,59165,SE,11,708
CUST01209,26,female,56166,FREELANCER,3,561
CUST03726,45,m,125577,salaried,4,632
CUST04025,32,M,INR 134111,Sal.,2,620
CUST01506,36,FEMALE,"$109,963",Full-Time,3,609
CUST05958,50,F,1822,UNEMPLOYED,0,574
CUST02665,53,m,7594,Not Employed,0,759
CUST04015,49,Male ,#N/A,,8,697
CUST04887,36,Male,272383,Entrepreneur,nan,733
CUST05063,61, Female,187682,BUSINESS OWNER,2,565
CUST00930,58,Male,43013,Gig Worker,29,684
CUST04136,45,NULL,63262,Self employed,15,nan
CUST02798,49,female,42273,Salaried,26,758
CUST00593,23,male,116809,Self-Employed,1,666
CUST04330,59,FEMALE,NULL,SALARIED,35,
CUST04184,49, Female,8335,Jobless,0,700
CUST01837,34,Non-Binary,115592,self-employed,12,755
CUST02840,56,FEMALE,128864,Sal.,12,737
CUST05817,45,m,279235,BUSINESS OWNER,13,759
CUST04803,21,M,56340,Freelancer,1,698
CUST03579,48,Male ,120817,SALARIED,23,643
CUST05524,200,F,78614,FREELANCER,8,757
CUST02234,41,MALE,230542,Biz Owner,17,
CUST04818,21, Female,92118,Full-Time,1,736
CUST04009,33,f,68164,Sal.,12,569
CUST02404,57,MALE,119562,Sal.,999,779
CUST00400,50,Male ,110364,Self-Employed,15,780
CUST01255,46,Male,#N/A,NULL,14,643
CUST02649,52,male,81003,salaried,18,583
CUST03399,36,Male,47701,Sal.,5,648
CUST04088,48,MALE,21978,Self-Employed,17,797
CUST04671,27,m,101122.00,salaried,2,820
CUST03585,nan,Male,7586,Unemployed,Unknown,703
CUST01388,46,FEMALE,78573,Self-Employed,13,738
CUST04987,44,Female,107916,Salaried,15,658
CUST00160,55,male,43038,SALARIED,28,795
CUST00521,37,f,Unknown,SALARIED,1,773
CUST04001,56,f,94230,Unknown,12,778
CUST05723,22,Female,Unknown,Full-Time,1,830
CUST02713,30,MALE,nan,SALARIED,10,654
CUST01728,37,female,35178,Free Lancer,17,721
CUST05834,52,female,142892,Sal.,24,658
CUST05363,28,female,42237,Salaried,7,695
CUST04946,39,F,123657,salaried,6,685
CUST02428,35,Male,146431,Sal.,13,700
CUST03653,34,Female,110673,Self Employed,4,618
CUST02613,29,Female,,Business owner,7,580
CUST01240,59,MALE,288413,BUSINESS OWNER,18,799
CUST01192,64,m,15139/-,freelancer,nan,772
CUST00573,39,male,149861,salaried,10,680
CUST04624,63,M,33104,Full-Time,100,562
CUST04041,38,FEMALE,NULL, ,14,667
CUST00887,59,Female,53979,freelancer,7,699
CUST04618,46,,91912,Full-Time,23,900
CUST01846,54, Female,100101,Salaried,34,669
CUST05322,45,Male ,80402,self-employed,9,706
CUST03999,25, Female,16177,Free Lancer,1,594
CUST02951,61,NULL,28170,self-employed,14,637
CUST01858,37,FEMALE,110639,SE,2,670
CUST01780,46,Male,63638,Business Owner,7,654
CUST00032,55,Male ,INR 267110,Entrepreneur,3,730
CUST00902,53,female,209299.00,Biz Owner,30,738
CUST01336,41,male,98567/-,self-employed,16,836
CUST03936,37, Female,47743,salaried,16,#N/A
CUST03830,52,Male,96198,salaried,2,698
CUST00705,25,M,158401,Business owner,2,601
CUST02206,48,f,211057,Business Owner,22,#N/A
CUST05001,65,nan,30039,Salaried,28,722
CUST03668,23,Male,125304,SALARIED,2,648
CUST00729,25,male,204022,Business Owner, ,900
CUST02174,45,Male,69589,SALARIED,11,599
CUST04973,23, Female,-5000,Not Employed,0,663
CUST03789,37,M,90903,Self employed,8,735
CUST00635,22,#N/A,51962,Self employed,2,604
CUST05705,40,female,53613,Sal.,6,617
CUST01271,25,F,7197,Unemployed,0,
CUST05676,50,F,43008,salaried,2,652
CUST02060,nan,Female,,Self employed,10,850
CUST01513,35,FEMALE,136525,Sal.,3,684
CUST03576,62, Female,107626,Self Employed,24,850
CUST05714,nan, Female,46489,salaried,32,753
CUST04284,33, Female,113698,Self-Employed,5,629
CUST00623,N/A,M,78520,Full-Time,2,726
CUST02839,24,F,61551,SE,3,778
CUST02152,56,female,102564,Biz Owner,6,696
CUST02863,26,Female,"$62,347",Self Employed,4,604
CUST02022,64,male,35254,Sal.,13,731
CUST00582,51,Male ,213935,Business Owner,1,#N/A
CUST03983,N/A,Male ,62142,salaried,6,654
CUST03122,40,Male,91681,Entrepreneur,7,627
CUST02875,30,FEMALE,88792,SE,7,
CUST02223,30,Female,119424,Full-Time,6,647
CUST00989,21,Female,69189,Self Employed,1,690
CUST02453,48,MALE,65227,SALARIED,3,562
CUST01327,52, Female,5066,unemployed,0,637
CUST03654,34,male,131015,Sal.,9,690
CUST02126,27,M,54985,freelancer,5,723
CUST00393,62,male,107447,Sal.,14,850
CUST05638,62,f,95330,Salaried,25,736
CUST03393,65,Male ,79936,Full-Time,27,#N/A
CUST01529,32,Male,76282,SALARIED,1,Unknown
CUST02516,42,Male ,106427,Sal.,15,730
CUST00744,34,MALE,47159,SE,8,600
CUST04984,43,female,37991.00,freelancer,5,761
CUST03467,48,F,68157,Self employed,4,702
CUST02114,41,F,47792,Self-Employed,14,827
CUST00894,57,female,148025,SALARIED,14,685
CUST05376,54,Non binary,73637/-,salaried,27,613
CUST00433,24,F,26380,freelancer,4,782
CUST03329,51,MALE,114032,SALARIED,28,712
CUST03228,44,F,75044,self-employed,6,619
CUST00128,39,MALE,132858,SALARIED,19,749
CUST01778,42,Male ,75470,self-employed,20,850
CUST03540,51,Other,146393,Sal.,17,652
CUST03269,39,Non binary,117917,Self employed,16,629
CUST05522,60,FEMALE,107875,SALARIED,25,658
CUST01664,58,MALE,72195,Self Employed,32,#N/A
CUST04050,52,male,88907,Salaried,29,616
CUST00372,46,male,,Entrepreneur,17,1200
CUST02708,-5,Female,115529,salaried,20,NULL
CUST02424,48,Male,129244,salaried,8,786
CUST04232,57,M,70785,Sal.,35,N/A
CUST03967,36,M,30992,SALARIED,#N/A,608
CUST04246,30,F,103656,Self Employed,1,733
CUST01031,52,male,58429/-,Free Lancer,5,784
CUST05316,51,FEMALE,62693,Full-Time,23,0
CUST02485,35,f,80469,SALARIED,15,683
CUST04937,57,M,36267,SE,21,811
CUST05683,Unknown,Male ,122116,Full-Time,1,Unknown
CUST04070,52,M, ,Business Owner,23,793
CUST00316,51,female,173581, ,21,814
CUST02256,36, Female,85272,SALARIED,11,755
CUST04860,40,MALE,Unknown,SALARIED,13,679
CUST05930,25,f,INR 70936,Salaried,2,748
CUST03508,22,Female,61823,BUSINESS OWNER,2,
CUST04942,58,F,108655,Salaried,19,790
CUST04450,48,Male,NULL,Self Employed,1,657
CUST00035,41,MALE,nan,Sal.,13,677
CUST03790,54,Male,36603,Self employed,15,732
CUST01006,32,Male ,57268,self-employed,4,589
CUST05325,35,f,134568,Full-Time,10,572
CUST04995,29,Female,94096,SALARIED,7,815
CUST04005,40,f,279570,Business owner,100,764
CUST02331, ,MALE,94532,SALARIED,8,730
CUST00684,31,F,103434,Self employed,5,768
CUST02945,40,Male ,Unknown,salaried,9,541
CUST05891,59,Male ,35798,Self Employed,31,850
CUST01703,26,N/A,236022,Biz Owner,6,695
CUST00278,42,MALE,28046,Self-Employed,5,691
CUST01468,55,Female,22744,Free Lancer,17,813
CUST05690,N/A,Female,135119,Salaried,4,791
CUST00719,40,Male,76854,N/A,,850
CUST04972,28,Female,59461,SE,8,734
CUST01149,60,FEMALE,N/A,Sal.,2,644
CUST01852,59,M,37257,freelancer,5,845
CUST02253,62,Female,142218,Salaried,28,704
CUST03746,52,FEMALE,70294,SALARIED, ,696
CUST00819,49,MALE,147881,Sal.,23,619
CUST03629,51,Female,54290,Full-Time,30,850
CUST05910,32,Female,64219,,10,709
CUST05475,46,Male ,95818,Full-Time,16,640
CUST00256,42,,Unknown,self-employed,22,747
CUST04719,22,female,47143,#N/A,2,663
CUST02986,24,Female,292201,Biz Owner,2,777
CUST04760,130,Non binary,68152,Business Owner,13,681
CUST03587,60,Female,52378,SALARIED,6,900
CUST05588,56,MALE,128087,Full-Time,32,683
CUST01037,27,MALE,2527,nan,0,1200
CUST02341,57,MALE,#N/A,Biz Owner,34,850
CUST02118,47,N/A,137157,salaried,6,704
CUST04072,23,m,24374,Free Lancer,2,785
CUST00304,36,female,INR 139996,Sal.,9,744
CUST01909,45,male,91730,Business owner,-3,672
CUST04424,30,m,77336,SALARIED,9,754
CUST01591,27, ,36301,SALARIED,4,673
CUST05091,53, Female,36115,Self Employed,24,754
CUST05884,64,m,260707,Business Owner,6,827
CUST01438,65,F,49590,salaried,35,806
CUST02936,53,Male ,45658,Gig Worker,16,654
CUST05139,49,f,70801,,15,628
CUST02841,65,m,99999999,Salaried,5,834
CUST03873, ,Female,nan,Salaried,16,651
CUST04996,52,non-binary,61339,Freelancer,-3,771
CUST04028,34,Male,106543,Self Employed,999,617
CUST01296,26,Female,121210,Salaried,3,774
CUST04411,200,male,48338,Self-Employed,#N/A,718
CUST00003,49,FEMALE,223093,Business Owner,20,782
CUST05131,29,f,232932,Business Owner,3,737
CUST03241,33,male,103420,salaried,999,804
CUST00026,26,male,85324,Salaried,1, 
CUST01484,38,FEMALE,34024,SALARIED,11,651
CUST02547,32,Female,33567,Full-Time,5,596
CUST03416,nan,male,59766,Self Employed,11,763
CUST03949,32,male,101474,Self Employed,11,606
CUST01825,30,female,235256,BUSINESS OWNER,9,850
CUST02612,57,N/A,51743,Freelancer,22,664
CUST00059,28,male,123336,SALARIED,8,805
CUST05494,37,f,34627,Full-Time,1,850
CUST01164,37,FEMALE,111302,salaried,9,688
CUST04191,39,MALE,-5000,FREELANCER,9,657
CUST02278,52,m,#N/A,freelancer,11,613
CUST03110,54,F,134328,salaried,13,592
CUST03866,62,M,"$43,800",SE,20,674
CUST04309,51,#N/A,56380,Salaried,17,806
CUST00057, ,MALE,147433,#N/A,1,691
CUST02622,26,Male,86261,salaried,2,676
CUST01059,35,F,84627,Full-Time,13,771
CUST04054,65, Female,139768,Salaried,25,850
CUST01004,50,M,53030,Free Lancer,N/A,691
CUST03330,30,F,87704,salaried,100,900
CUST04067,44,Male,100675,Salaried,3,558
CUST03413,50,Female,240471,,27,784
CUST05839,55,female,57737,SE,9,695
CUST05000,50,Male,103011,Salaried,#N/A,850
CUST00769,61, Female,6626,UNEMPLOYED,0,724
CUST03239,37, Female,126090,SALARIED,13,694
CUST03303,29,FEMALE,132348,Full-Time,9,736
CUST01533,46,male,140008,Full-Time,20,825
CUST03684,27,M,74282,Self Employed,6,674
CUST00100,61, Female,40382,Salaried,35,618
CUST04153,45,FEMALE,58494,salaried,Unknown,518
CUST04031,39,f,113493,self-employed,8,N/A
CUST04666,24, Female,Unknown,Full-Time,2,836
CUST01845,42, Female,94713,Business Owner,2,677
CUST03437,42,MALE,111402,Salaried,6,670
CUST04598,32,male,90020,SALARIED,11,684
CUST04337,29,Male,Unknown,salaried,4,653
CUST00751,33,Male,68175,Self Employed,1,583
CUST00229,26,F,44566,SALARIED,5,763
CUST03156,50,male,133330,salaried,14,828
CUST03517,50,,"$32,551",Full-Time,4,756
CUST05950,41, Female,25005,Free Lancer,4,690
CUST04683,34,F,98983,Business owner,3,683
CUST04177,55,F,20842,self-employed, ,822
CUST03881,29,NB,44050,self-employed,1,691
CUST02831,39,Female,74091,Salaried,19,736
CUST00607,27, ,208412,nan,7,606
CUST03091,37,female,44719,salaried,10,850
CUST01349,54,FEMALE,99584,Self employed,21,766
CUST02070,63,Female,129309,SALARIED,13,787
CUST01838,27,male,80244,SE,1,781
CUST02144,30,f,284551.00,Entrepreneur,2,622
CUST00527,45,F,125809,Full-Time,6,772
CUST03685,30, Female,77044,Full-Time,1,662
CUST01361,21,M,54741,Salaried,1,633
CUST04841,49,#N/A,18847,Freelancer,6,628
CUST03527,27,MALE,85015,Self employed,1,730
CUST02083,61,male,47905,Free Lancer,34,634
CUST00664,31,m,9662,Not Employed,0,-50
CUST04800,36, Female,Unknown,salaried,10,764
CUST01100,7,m,118925,Sal.,1,568
CUST00767,65,Male ,65288,salaried,6,585
CUST00508,39,F,63133,FREELANCER,18,652
CUST00380,48,#N/A,92438,Biz Owner,15,844
CUST00779,55,FEMALE,117824,Full-Time,20,524
CUST02173,47,non-binary,71449,self-employed,19,743
CUST03223,43,nan,63537,FREELANCER,12,814
CUST01676,0,f,77410,Self employed,11,770
CUST01472,51,Male ,40690,#N/A,19,649
CUST01710,50,Male ,40484,Salaried,NULL,617
CUST04345,31,FEMALE,7134,unemployed,0,850
CUST00468,53,male,47209,salaried,21,1200
CUST04206,41,m,32977,SE,9,711
CUST00420,36, Female,42200,self-employed,5,455
CUST02546,62,f,72361,Business Owner,3,719
CUST02493,21,F,45231,Salaried,1,629
CUST00826,46,m,8547,UNEMPLOYED,0,670
CUST03159,59,male,Unknown,Freelancer,8,790
CUST05541,32, ,79542,Biz Owner,8,578
CUST00379,44,FEMALE,88301,Salaried,2,564
CUST01385,200,MALE, ,salaried,9,596
CUST00334,61, Female,48070,Full-Time,15,820
CUST05840,64,MALE,114833,Salaried,29,765
CUST01103,56,Male ,282591,BUSINESS OWNER,1,730
CUST03276,59,F,92323,SALARIED,34,772
CUST03471,,Male,111321,Sal.,1,710
CUST01142,56,female,110040,Salaried,2,673
CUST04590,51,Male ,100871,salaried,8,763
CUST05987,25,m,89424,Self Employed,2,783
CUST02768,N/A,MALE,83541,Self Employed,9,746
CUST00669,38,FEMALE,30643,salaried,15,850
CUST04953,25,MALE,32286,salaried,2,554
CUST03308,51, ,52611,Self employed,22,650
CUST00099,44,F,135433,Full-Time,3,656
CUST05142,43,f,75621,SALARIED,1,615
CUST03373,21,male,218323,Business owner,1,572
CUST00299,25,Male ,129797,Business Owner,4,642
CUST05050,31,f,103324,salaried,6,823
CUST02471,40,Unknown,1017,Unemployed,0,784
CUST05904,62,F,INR 117616,salaried,4,812
CUST03959,62, Female,160464,Business Owner,2,570
CUST03890,31,female,110869,Sal.,8,768
CUST00935,52,female,2636,Not Employed,0,696
CUST03779,57,FEMALE,510,Unemployed,0,670
CUST00842,49,FEMALE,71557,Free Lancer,13,538
CUST01709,57,Male,169222,BUSINESS OWNER,4,620
CUST04740,61,Female,100946,self-employed,25,761
CUST01694,63,F,32673,SE,33,710
CUST04505,64,F,258474,Business Owner,20,652
CUST05983,36,M,113009,Self-Employed,10,829
CUST01773,57,female,126178,Sal.,#N/A,698
CUST03148,35,male,65388,Full-Time,N/A,694
CUST05984,28,F,92397,Self-Employed,2,774
CUST05497,63,female,,self-employed,15,547
CUST02100,43,FEMALE,nan,self-employed,nan,697
CUST03952,30,#N/A,32378,Self-Employed,2,467
CUST00908,24,male,52866,self-employed,2,683
CUST01039,39,F,120026,Sal.,3,552
CUST00482,22,#N/A,130990,Full-Time,2,663
CUST03087,,m,765,unemployed,0,694
CUST02569,Unknown,M,166839,BUSINESS OWNER,7,693
CUST04867,50,f,126027,SALARIED,10,597
CUST00070,50,MALE,46498,Gig Worker,12,615
CUST00450,60,m,286916,Entrepreneur,5,591
CUST01358,47, ,133347,Entrepreneur,9,594
CUST05280,54,M,59399,Sal.,13,662
CUST02074,29,Female,94852,Full-Time,3,746
CUST03892,64, Female,78122,Self Employed,#N/A,750
CUST05631,44,Female,144528,SALARIED,4,831
CUST05239,32,m,228732,Business owner,10,850
CUST04949,36,female,108077,Salaried,5,483
CUST01762,41,FEMALE,88520,Self Employed,4,802
CUST04566,26,F,5624,unemployed,0,647
CUST05315,57,M,165259,Business Owner,29, 
CUST04741,44,M,71840,Self-Employed,999,639
CUST05073,33,f,118937,SALARIED,3,NULL
CUST03406,31,m,87345,Full-Time,7,790
CUST03932,37,Male ,NULL,Sal.,5,608
CUST04941,37,Female,99900,Sal.,12,850
CUST00338,35,MALE,109946, ,9,721
CUST03318,50,FEMALE,514,NULL,0,635
CUST01911,37,F,64393,self-employed,4,745
CUST03025,45,male,131650,Salaried,5,711
CUST00793,55,Male ,127126,Business Owner,30,816
CUST05972,65,FEMALE,74727,Salaried,12,655
CUST00012,49,male,121165,SALARIED,2,783
CUST00606, ,m,149673,salaried,Unknown,716
CUST04250,35,m,"$50,220",Sal.,2,597
CUST02890,54,Male ,84311,Sal.,27,850
CUST00874,65,M,266215,Business Owner,25,850
CUST02931,63,Male,125205,Full-Time,15,653
CUST03243,46,male,140065,Sal.,nan,799
CUST04035,24,FEMALE,64214,Self employed,4,535
CUST05211,45,N/A,98291,Full-Time,12,765
CUST03254,56,f,134175,BUSINESS OWNER,35,850
CUST01229,22,F,122279,Full-Time,1,689
CUST02225,39,Female,60209,SALARIED,11,714
CUST03075,48,FEMALE,4394,Not Employed,0,633
CUST01186,48,Male,293152,Biz Owner,21,693
CUST02523,60,Male ,46108,Full-Time,31,745
CUST02298,34,f,55228,self-employed,12,850
CUST02291,28,nan,156495,Biz Owner,1,718
CUST03817,43,MALE,33658,SALARIED,23,628
CUST02427,63, Female,132628/-,Full-Time,28,795
CUST03755,50,Male,144739,SALARIED,25,601
CUST00312,63,Male,21406,Free Lancer,20,640
CUST03889,43,FEMALE,133621,Full-Time,12,718
CUST05881,37,FEMALE,66075,Salaried,999,743
CUST02564,33,female,57468,Gig Worker,6,510
CUST04285,37,F,45770,Self employed,16,596
CUST03914,44,Male ,,Self Employed,22,#N/A
CUST01600,63,Male ,131415,SALARIED,6,555
CUST05344,57,Male ,83637,SALARIED,5,472
CUST02567,43,f,33564,SE,11,720
CUST01516,63,NB,80967,Salaried,34,707
CUST01130,30, Female,43155,salaried,9,753
CUST02805,34, Female,75203,freelancer,#N/A,
CUST02684,28,Male,76440,self-employed,7,726
CUST01668,43,female,77246,Salaried,5,652
CUST03391,38,F,1864,unemployed,0,
CUST05813,49,male,17213,Freelancer,28,729
CUST05732,29,Male ,52461,Self-Employed,1,693
CUST01367,45,m,106434,salaried,17,999
CUST01545,21,F,92305,Full-Time,1,594
CUST05907,40, Female,63235,salaried,16,757
CUST01351,33,f,70503,Self Employed,5,605
CUST01021,39,f,47101,Full-Time,10,734
CUST05097,65,non-binary,116274,self-employed,1,757
CUST00885,30,FEMALE,88752,Salaried,9,850
CUST00235,42, Female,125765,Salaried,17,749
CUST03632,43,Female,129224,SALARIED,15,577
CUST04380,42,male,126303,SALARIED,,649
CUST00429,21,M,83779,Self Employed,1,606
CUST01519,56,FEMALE,N/A,SALARIED,4,690
CUST04905,30,m,37747,Gig Worker,8,504
CUST02787,-5,F,64392,Biz Owner,1,676
CUST00179,38,f,"$140,207",Salaried,11,724
CUST02016,65,F,INR 118139,Self-Employed, ,613
CUST05663,25, Female,71550,salaried,4,N/A
CUST02861,59,female,54172,Salaried,2,757
CUST03961,48,M,62761,SALARIED,22,615
CUST04732,54,male,1242,Unemployed,0,577
CUST02833,48,male,84033,salaried,22,681
CUST00086,35,Female,122145,Salaried,3,705
CUST02727,21,FEMALE,7825,unemployed,0,767
CUST02857,45,Male,40660,Salaried,12,762
CUST01106,38,male,84243,Self-Employed,10,761
CUST03029,24, Female,116909,Sal.,1,675
CUST05969,59,FEMALE,26436,self-employed,16,694
CUST05994,22,f,129506,Business Owner,2,772
CUST01390,26,FEMALE,Unknown,SE,4,641
CUST02030,58,MALE,N/A,Sal.,20,850
CUST04073,24,MALE,102835,SALARIED,1,648
CUST03864,31,Male,107024,Self Employed,11,761
CUST04919,63,FEMALE,71838,Full-Time,30,752
CUST01628,52,MALE,266916,BUSINESS OWNER,N/A,699
CUST02323,33,F,55886,salaried,1,791
CUST03828,42,Male ,134609,BUSINESS OWNER,4,575
CUST00031,37,Male,117340,SE,10,808
CUST03546,37,Male ,141931,SALARIED,8,740
CUST04102,28,MALE,34407,Self-Employed,4,720
CUST01685,29,m,32714,Salaried,9,700
CUST01502,40,female,NULL,Full-Time,100,nan
CUST04254,62,Female,8245,UNEMPLOYED,0,711
CUST03893,42,m,142082,salaried,14,753
CUST00692,32, Female,98417,Full-Time,9,809
CUST04823,49,M,-1,Salaried,2,556
CUST00986,31,Male,8944,Unemployed,0,742
CUST02634,34,MALE,175946,BUSINESS OWNER,9,578
CUST04476,28,Male ,51903,self-employed,6,850
CUST05209,48,FEMALE,80302,salaried,16,831
CUST00056,47,FEMALE,19959,freelancer,N/A,787
CUST03691,33,M,73306,self-employed,11,799
CUST03603,29,Male ,7848,unemployed,0,675
CUST03901,42,M,100569,Self-Employed,22,806
CUST00421,53,M,82648,salaried,1,726
CUST02005,51, ,128232,Sal.,28,782
CUST04055,61,female,147543,Entrepreneur,33,765
CUST04695,65, Female,88762,self-employed,5,850
CUST04383,35,F, ,Entrepreneur,13,703
CUST03093,33,male,119315,Self Employed,6,470
CUST01857,54,MALE,37738,Self employed,25,710
CUST05203,40,m,38205,Unknown,11,763
CUST05083,41,m,#N/A,salaried,8,694
CUST03454,39,male,130379, ,5,594
CUST00652,200,Male,NULL,SALARIED,NULL,817
CUST01162,31,M,85676,Full-Time,8,762
CUST00238,58,m,89345,Salaried,1,834
CUST05864,36,Female,129307,Full-Time,2,584
CUST05693,63,female,128681,salaried,13,824
CUST03084,40,Male ,293717,Biz Owner,9,711
CUST05264,50,Female,147056,SALARIED,2,715
CUST04395,65,M,43965,FREELANCER,33,706
CUST05611,61,female,61327,Gig Worker,31,671
CUST04876,62,f,116514,Full-Time,26,850
CUST02508,24, Female,73959,salaried,2,637
CUST04321,42,nan,47201,Self-Employed,8,621
CUST04520,30,Female,261921,Biz Owner,4,850
CUST01108,29,female,80260,Self-Employed,4,NULL
CUST00873,62,F,104679,self-employed,23,734
CUST03162,62,Male ,"$42,487",Sal.,34,849
CUST01480,58,female,129826,Full-Time,32,625
CUST05591,28,female,264124,NULL,7,629
CUST01957,34,male,103561,salaried,13,752
CUST03146,NULL,Female,58045,FREELANCER,15,#N/A
CUST05464,57,Male ,NULL,SALARIED,33,738
CUST01500,29,male,147224,SALARIED,8,553
CUST03767,36,f,-5000,Business owner,11,657
CUST04458,52,Male,101017,Self employed,19,999
CUST04894,33,FEMALE,274743,nan,10,662
CUST02637,34,,72827,salaried,12,850
CUST03449,21,M,81690,Self Employed,999,617
CUST02753,51,female,78875,Sal.,4,441
CUST00883,28,MALE,109643,Sal.,4,771
CUST05167,50,FEMALE,43759,Sal.,11,536
CUST00497,50,female,47363,nan,26,798
CUST01712,29,Male,157618,Entrepreneur,8,545
CUST04302,25,female,60317,Gig Worker,3,706
CUST05661,44,male,79121,Salaried, ,789
CUST01363,57,female,131071,SALARIED,N/A,574
CUST01222,34, Female,86102,salaried,12,605
CUST02556,30,Male ,54114,FREELANCER,2,736
CUST03764,21,Male,54214,freelancer,1,641
CUST03448,52,f,43544,salaried,3,703
CUST03778, ,M,236024,Entrepreneur,1,698
CUST04437,7,female,120845,Full-Time,nan,565
CUST02020,34,FEMALE,37074,Sal.,nan,742
CUST02644,33,female,209579,BUSINESS OWNER,Unknown,819
CUST04404,46, Female,86200,salaried,14,796
CUST03402,27,FEMALE,126663,Salaried,6,611
CUST01920,26,Male ,48769,Self Employed,6,665
CUST02517,37,male,N/A,Free Lancer,15,666
CUST00091,62,F,124021,NULL,14,850
CUST00580,55,f,55955,nan,34,540
CUST05271,21,m,264174,Entrepreneur,1,850
CUST00772,37,Male ,51814,Gig Worker,12,771
CUST04189,33,Male,#N/A,Self employed,6,550
CUST05336,40,FEMALE,70627,Gig Worker,8,775
CUST05058,21,male,65785,FREELANCER,1,756
CUST01574,44,m,61608,salaried,6,503
CUST02386,NULL,female,298331,Business owner,26,768
CUST02589,44,male,87531,Self-Employed,24,639
CUST05044,33,f,8538,UNEMPLOYED,0,704
CUST01538,38,M,N/A,salaried,12,769
CUST00063,-5,MALE,113531,Salaried,10,756
CUST03212,35,MALE,20850,Free Lancer,6,657
CUST04627,22,Female,nan,Self Employed,,572
CUST00075,53,female,90494,Entrepreneur,NULL,685
CUST02361,62,F,Unknown,Self Employed,35,667
CUST00471,29,FEMALE,NULL,UNEMPLOYED,0,660
CUST02774,50,m,276828,Entrepreneur,3,721
CUST00091,62,F,124021,NULL,14,850
CUST00137,21,#N/A,87694,Self-Employed,1,575
CUST03180,39,Male,185534,Biz Owner,19,641
CUST05622,50,F,235651,BUSINESS OWNER,4,736
CUST00853,49,male,76991,Self Employed,4,669
CUST03067,36,N/A,56535,Salaried,#N/A,0
CUST01627,62,Male ,109549,self-employed,4,625
CUST02725,47, Female,107322,salaried,NULL,691
CUST04454,24,female,108715,Sal.,1,743
CUST01893,N/A,Female,74077,FREELANCER,nan,783
CUST04002,38, Female,80705,Full-Time,13,769
CUST00876,29, Female,50390,SALARIED,2,646
CUST03728,61,Male,Unknown,Entrepreneur,19,703
CUST05298,N/A,M,"$127,540",Sal.,7,634
CUST00735,35,m,-5000,Unemployed,0,N/A
CUST02925,41,Male ,89794,salaried,15,803
CUST00561,45,male,8950,Unemployed,0,537
CUST01980,46,f,118463,Salaried,23,653
CUST05629,61, Female, ,salaried,27,850
CUST03173,46,m,46609,self-employed,20,762
CUST05365,53,Male ,"$59,901",Self employed,18,658
CUST04738,39,M,35499,Free Lancer,12,727
CUST04645,36,m,96471,Full-Time,8,692
CUST02711,49,female,80117,salaried,#N/A,723
CUST01140,57,Male,42192,self-employed,3,681
CUST05119,62,f,95565,Salaried,999,731
CUST03972,43,f,,Full-Time,14,681
CUST03092,43,Male ,54996,salaried,23,636
CUST04844,48,FEMALE,83343,N/A,6,767
CUST02911,45,female,65753,FREELANCER,16,580
CUST02620,27,MALE,115082,salaried,3,785
CUST00823,59,m,53136,Biz Owner,5,1200
CUST03081,30,Female,125192,Sal.,2,661
CUST01637,58,male,33864,Salaried,nan,615
CUST04186,43, Female,20973,Self-Employed,15,1200
CUST00697,22,Female,219781,Entrepreneur,1,843
CUST01308,36,female,116157,Self-Employed,3,669
CUST04127,32,F,Unknown,BUSINESS OWNER,5,734
CUST05152,30,Female,80982,SALARIED,3,730
CUST00315,33,male,INR 104007,Salaried,2, 
CUST00451,65, Female,43583,SE,3,719
CUST04757,38,Male,1491,Not Employed,0,718
CUST03787,29,f,57280,salaried,3,772
CUST00552,47,male,278195,Business owner,12,653
CUST01126,54,Male ,281817,Entrepreneur,7,676
CUST04662,38,MALE,2146,unemployed,0,648
CUST04498,63,M,101598,Salaried,34,782
CUST04588,21,female,144515,salaried,1,604
CUST04053,,MALE,225984,nan,4,679
CUST04910,,non-binary,55671,Sal.,1,791
CUST00854,35,Male,56775,FREELANCER,8,768
CUST01450,52,F,167248,,1,590
CUST04343,47,male,60986.00,Business owner,NULL,589
CUST01843,55,m,54339,freelancer,12,796
CUST02480,43,f,53083,SE,17,774
CUST00770,55,#N/A,73896,Sal.,30,765
CUST05951,7,female,135426,Salaried,27,850
CUST02382,44,Male,58145,Salaried,23,787
CUST02477,24,,58470,Self employed,2,N/A
CUST00515,23,NULL,93757,salaried,2, 
CUST03521,49,m,119215,Salaried,8,786
CUST05809,44, Female,nan,SE,N/A,500
CUST05492,39,m,57240,SE,10,671
CUST04714,64, Female,110905,SALARIED,28,488
CUST04299,64,M,82112,Self Employed,34,808
CUST04580,39,M,N/A,Sal.,2,672
CUST02524,32,Male ,78013,salaried,3,628
CUST05350,26,m,64257,Salaried,6,749
CUST03160,42,male,208504,#N/A,16,808
CUST01195,29,male,7425,unemployed,0,776
CUST02151,46,male,183700,Business owner,3,732
CUST00184,28,M,108374,Self-Employed,6,744
CUST01701,31, Female,149995,Salaried,,631
CUST00102, ,NULL,105900,Full-Time,nan,605
CUST00159,25, Female,34347,Gig Worker,4,724
CUST03434,65,FEMALE,60091,Gig Worker,34,661
CUST03559,26,FEMALE,,Full-Time,6,724
CUST03935,42,Male ,49330,SALARIED,7,715
CUST03714,NULL,Female,58754.00,Salaried,4,662
CUST03844,39,f,86164,self-employed,4,Unknown
CUST00384,62,F,99999999,freelancer, ,809
CUST03400,48,f,53959,Sal.,18,804
CUST01218,22,Female,105707,salaried,1,636
CUST02878,52,male,29422,Self-Employed,14,700
CUST01099,46,F,284867,Business owner,nan,732
CUST01193,30,,57245,Salaried,nan,632
CUST01792,23,f,#N/A,SE,3,573
CUST04333,54,Male,99379,Sal.,15,811
CUST02711,49,female,80117,salaried,#N/A,723
CUST02705,51,male,66086,Full-Time,999,798
CUST00426,55,MALE,97282,Full-Time,4,630
CUST05473,61,M,140472,Business Owner,26,850
CUST00305,65,m,4714,Jobless,0,820
CUST05855,47,FEMALE,"$1,323",unemployed,0,797
CUST02120,44,Female,5449,unemployed,0,687
CUST02948,38,FEMALE,108134.00,SALARIED,5,713
CUST02596,23,Female,138545,Salaried,3,718
CUST05673,36,f,76835,salaried,15,782
CUST05105,34,F,49961,Salaried,11,#N/A
CUST02576,26,M,242591,BUSINESS OWNER,2,686
CUST05686,39,M,4911,unemployed,0,Unknown
CUST05369,42,f,146065,Full-Time,7,662
CUST02226,27, Female,26015,Gig Worker,Unknown,569
CUST03763,47,Male,122521,Salaried,N/A,762
CUST05595,40,Male,40364,SALARIED,15,717
CUST01154,42,M,"$58,666",Full-Time,8,Unknown
CUST00978,25,Female,45484,SALARIED,3,849
CUST01446,, Female,186379.00,Business Owner,33, 
CUST00720,44,NULL,INR 132694,NULL,21,nan
CUST05953,59,male,,Full-Time,27,850
CUST05871,26,F,236985,Business Owner,5,655
CUST03163,50,m,218823,Biz Owner,20,666
CUST00564,54,Male,77394,Salaried,5,726
CUST05100,38, Female,106397,Full-Time,,790
CUST00381,60,FEMALE,172916,Business owner,23,812
CUST03859,39, Female,53054,freelancer,17,772
CUST05340,54,M,"$105,172",self-employed,999,722
CUST01496,130,MALE,INR 109625,SE,25,756
CUST04325,56,F,3868,Jobless,0,576
CUST00926,60,MALE,117405,Sal.,2,635
CUST01697,34,male,118016,self-employed,11,763
CUST01636,34,male,111151,salaried,11,585
CUST05407,56, Female,60679/-,Salaried,13,725
CUST04704,25,m,41501,Salaried,3,850
CUST00222,38,Male,103241,salaried,13,743
CUST04678,23,M,117959,salaried,2,687
CUST01731,51,F,27278,Self-Employed,#N/A,675
CUST03581,46, Female,NULL,Sal.,10,0
CUST03558,34,NB,59683,freelancer,nan,850
CUST01885,51,,95287,BUSINESS OWNER,15,624
CUST03895,nan, Female,107054,SALARIED,26, 
CUST02654,50,f,182049,Entrepreneur,22,775
CUST04509,#N/A,Male,74887,Sal.,27,620
CUST02865,44,Male ,89462,Self employed,23,660
CUST04342,28,m,45538,SALARIED,2,700
CUST00813,38,FEMALE,91348,Self-Employed,3,734
CUST01699,51,Female,75527,Salaried,17,680
CUST02294,36,Male,100182,Salaried,11,733
CUST00440,54,Female,137840,Full-Time,15,
CUST05901,44,m,6369,Unemployed,0,642
CUST01117,56,F,INR 70946,Business owner,,786
CUST01430,38,f,102759,Sal.,6,786
CUST04255,62,FEMALE,37300,Unknown,16,545
CUST05771,52,female,118,UNEMPLOYED,0,614
CUST04168,24, Female,60558,Sal.,2,1200
CUST01155,28,Male,138803,Full-Time,4,760
CUST03036,59,m,56952,self-employed,12,649
CUST03863,47,MALE,102372,salaried,8,840
CUST01993,62,Male,-1,Sal.,13,726
CUST01007,28,Male ,58817,Self-Employed,6,789
CUST01956,37,female,72674.00,Freelancer,14,606
CUST02662,49,,198326.00,Business Owner,10,712
CUST04156,24,m,81188,Self Employed,4,691
CUST05207,23,Male ,134674,salaried,3,626
CUST02851,58,MALE,57045,FREELANCER,34,760
CUST00645,nan,M,70047,Sal.,8,850
CUST01590,31,m,123614,Salaried,9,772
CUST04780,58,Unknown,86370,Self-Employed,31,795
CUST02885,27,male,83316,Full-Time,3,722
CUST05666,56,Male ,103270,Unknown,13,606
CUST00638,46,female,136158,Entrepreneur,7,577
CUST03649,43,F,NULL,salaried,13,832
CUST01757,53,Female,121271,Full-Time,11,649
CUST04997,39,F,95036,salaried,7,693
CUST05939,30,M,104161,salaried,9,788
CUST02354,26, Female,147601,BUSINESS OWNER,4,815
CUST00841,61,F,103687,self-employed,13,850
CUST02636,41,M,38284,Sal.,5,632
CUST01191,22,m,180802,Business Owner,1,620
CUST01216,42,Male,121427,Full-Time,2,668
CUST03397,32,M,147506.00,salaried,9,656
CUST00417,43,Male,97581,Salaried,20,715
CUST00815,25,m,23863,self-employed,2,661
CUST03126,22,Male,129942,Salaried, ,696
CUST03166,33,F,137261,Sal.,11,829
CUST03821,45,Male,"$91,717",self-employed,25,743
CUST03572,34,female,1808,Not Employed,0,760
CUST01541,26,Male,INR 68325,Full-Time,1,675
CUST05092,60,M,15043,nan,32,776
CUST03507,44,Male,67802,BUSINESS OWNER,10,-50
CUST04188,42,NB,31216,Gig Worker,#N/A,784
CUST01894,60,Male,256057,Business Owner,32,801
CUST00140,30,female,159714,Entrepreneur,9,Unknown
CUST05262,NULL,female,111412,Salaried,14,724
CUST01376,26,,141959,Sal.,2,676
CUST00392,39,M,3668,Not Employed,0,654
CUST04013,0, Female,24099,freelancer,4,850
CUST04028,34,Male,106543,Self Employed,999,617
CUST03409,39,female,87354,self-employed,16,687
CUST03349,57,female,47904,Freelancer,31,664
CUST04651,61,Male,86551,self-employed,9,583
CUST02265,45,Male ,N/A,FREELANCER,22,nan
CUST03484,57,Female,#N/A,SE,30,725
CUST01268,62,,34741,Free Lancer,33,731
CUST05086,47,Male,113073,salaried,17,
CUST03628,36,Male ,88591/-,Self Employed,5,786
CUST02347,21,MALE,226975,Entrepreneur,1,484
CUST03924,38,Female,68567,SE,12,850
CUST02734,48,male,74387,salaried,NULL,745
CUST03472,44,F,N/A,Sal.,14,786
CUST01457,54,MALE,61849,Salaried,13,Unknown
CUST01528,61,female,255188,Entrepreneur,35,803
CUST00787, ,Male,174760,Business owner,13,nan
CUST02275,51,Female,86960,Entrepreneur,17,713
CUST05025,28,Male,121330,Salaried,8,593
CUST02168,45,M,N/A,Self-Employed,16,#N/A
CUST02190,47,FEMALE,36529,Freelancer,26,663
CUST00049,51,Female,71884,freelancer,25,760
CUST00631,23,Female,126895,SALARIED,3,663
CUST02015,60,Male ,38844,SE,8,686
CUST04548,51,NB,3308,unemployed,0,728
CUST00794,7,Female,289152,Entrepreneur,NULL,789
CUST04832,55,Male ,48630,Gig Worker,7,740
CUST01682,21,Other,nan, ,1,525
CUST00110,65,female,46400,SE,35,549
CUST04998,64,FEMALE,164027,Business owner,23,741
CUST03526,,Male ,41994,#N/A,9,663
CUST01589,38,female,6341,Unemployed,0,770
CUST04049,23,M,9410,NULL,0,636
CUST00268,22,MALE,62741,Full-Time,1,713
CUST05221,27,male,INR -1,SALARIED,1,668
CUST03444,46,Male ,96321,Self Employed,9,746
CUST04479,59,MALE,26268,Free Lancer,27,564
CUST05585,56,MALE,103978,Self-Employed,15,753
CUST02628,49,m,97420,Sal.,16,Unknown
CUST00020,7,male,32367,Salaried,4,644
CUST00665,65,Male ,88973,Self employed,28,779
CUST02972,27,male,73888,self-employed,6,747
CUST04675,65, Female,63231,Gig Worker,1,N/A
CUST03848,64, Female,64966,salaried,29,707
CUST05252,22,MALE,108708,SE,1,689
CUST02926,29, Female,94594,salaried,7,740
CUST00125,37,Male ,292434,Business owner,16,576
CUST03595,60, Female,107109/-,Self Employed,10,721
CUST04489,42, Female,119951,Business Owner,1,704
CUST03902,-5,m,202124,Business Owner,8,849
CUST00404,48,M,137046,Salaried,21,649
CUST01002,26,male,99404,self-employed,4,787
CUST00052,30,,134072,SALARIED,1,811
CUST01966,52,FEMALE,8908,Unemployed,0,756
CUST05396,200, Female,89060,Self employed,4,703
CUST01073,48,m,4702,Jobless,100,656
CUST05602,49,male,110065/-,Self Employed,10,655
CUST02923,58,FEMALE,133762,Full-Time,27, 
CUST01224,33,MALE,65315/-,SE,8,699
CUST01055,23,m,nan,Gig Worker,2,730
CUST05101,63,FEMALE,102504,Sal.,31,770
CUST02353,44,F,62594,SE,3,795
CUST01277,48,Male,33141,salaried,13,738
CUST01511,44,Female,24783,Self employed,-3,754
CUST04324,42,Male,54285,Freelancer,Unknown,850
CUST01237,58,m, ,Entrepreneur,23,540
CUST02795,46, Female,44610,salaried,15,574
CUST05724,28,Male ,83907,Self Employed,6,570
CUST02106,45,female,N/A,SALARIED,6,707
CUST05575,56,Male ,57465,Self employed,6,N/A
CUST00274,25,Non-Binary,191374/-,Biz Owner,2,690
CUST03586,64,male,84447,Salaried,12,668
CUST01642,55,male,INR 132145,Salaried,24,630
CUST04824,39,m,99189,Sal.,10,795
CUST05847,46,NULL,48666,FREELANCER,17,0
CUST03758,27,Male,157683,BUSINESS OWNER,3,763
CUST01755,37,M,129589,Business owner,14,742
CUST02131,21,MALE,88497,Salaried,1,727
CUST03620,7,F,124566,Sal.,9,786
CUST05636,27,m,60335,Salaried,6,670
CUST00282,44,f,96669,salaried,14,817
CUST03375,58,Male ,106367,Business owner,20,799
CUST01924,41,FEMALE,245285,BUSINESS OWNER,20,747
CUST00200,200,F,266210,Business owner,6,756
CUST02098,39,M,105587,SALARIED,7,517
CUST03421,64,FEMALE,90539,SE,2,606
CUST03970,nan,MALE,100845,SALARIED,1,810
CUST02513,21,female,32709,Sal.,1,755
CUST04576,41,f,136415,salaried,5,706
CUST01581,35,f,104426,Full-Time,12,687
CUST05162,23,F,78706.00,Salaried,Unknown,582
CUST00310,23,female,64098,Self-Employed,3,618
CUST01128,130,MALE,91764,Self Employed,8,743
CUST05122,62,female,79458,Sal.,33,838
CUST01094,35, Female,103860,self-employed,10,799
CUST02655,36,M,69244,FREELANCER,13,634
CUST02730,59,Female,-5000,Full-Time,21,716
CUST03874,34,M,91290,Sal.,10,745
CUST04854,57,female,52026,SALARIED,12,731
CUST00698,45,Male,57483,Full-Time,1,606
CUST01411,42,F,47003,Sal.,3,681
CUST00311,33,male,3900,Jobless,0,736
CUST01810,40,FEMALE,281823,Business Owner,20,775
CUST05816,200,Male ,118091,SE,31,850
CUST02093,39,Male ,36055,Salaried,14,577
CUST00505,45,FEMALE,69594,NULL,5,626
CUST05005,26,M,32069,Salaried,3,664
CUST01063,38,Male,109833,SALARIED,4,628
CUST05775,39,Male ,59878,Sal.,3,674
CUST02457,47,Female,75333,salaried, ,784
CUST02568,62,Male,85583,Sal.,4,605
CUST00412,52,Female,109574,Salaried,17,565
CUST05378,22,nan,73054,Self Employed,2,481
CUST03299,24,Male ,122087,Sal.,4,565
CUST02797,63,F,77842,Self Employed,2,670
CUST05015,42,m,26992,freelancer,3,634
CUST02790,30,FEMALE,98955,Self Employed,9,786
CUST04226,130,Male ,115931,Self Employed,21,850
CUST00484,23,MALE,73536,salaried,3,711
CUST01819,24,Male ,5558,unemployed,0,802
CUST05513,62,NULL,70824,Sal.,14,836
CUST01940,54,m,nan,Full-Time,nan,741
CUST03777,32,female,118470,Full-Time,3,609
CUST03169,31,F,56908,Salaried,8,728
CUST01815,59,Female,"$33,444",Salaried,26,622
CUST04118,57,Female,109734,Sal.,18,625
CUST00034,64,MALE,87166.00,self-employed,Unknown,0
CUST04585,56,male,245668,Entrepreneur,11,791
CUST03805,61, Female,86835,Full-Time,18,792
CUST02584,62,FEMALE,234245,Business owner,11,850
CUST00990,37,MALE,78975,salaried,12,704
CUST01853,36,male,99499,SE,10,772
CUST05290,35,MALE,104010,salaried,10,526
CUST05008,36,Male ,INR 114709,Self Employed,5,761
CUST00467,36,female,28982,SE,12,714
CUST03802,40,Unknown,127102,salaried,19,806
CUST05572,64,MALE,134107,salaried,27,800
CUST04962,43,Male,54372,Self-Employed,16,762
CUST00449,64,female,139818,Salaried,28,785
CUST04747,27,f,52371,salaried,7,621
CUST02673,45,F,70014,Business Owner,100,717
CUST01220,50,f,80023,Self employed,nan,677
CUST05223,27,MALE,37829,Freelancer,3,689
CUST00542,37, Female,83669,SALARIED,8,761
CUST04814,31,male,39850,SALARIED, , 
CUST02486,31,female,125644,salaried,5,716
CUST04744,0,Female,139920,Full-Time,18,750
CUST02130,28,Female,147647,Salaried,5,738
CUST01745,38,m,82882,salaried,8,772
CUST00733,52,Female,75012,salaried,10,720
CUST01779,40,F,99232,Self Employed,16,#N/A
CUST05632,47,Male,3072,UNEMPLOYED,0,609
CUST03992,31,MALE,71594,Full-Time,Unknown,679
CUST01873,51,MALE,67656,Freelancer,23,520
CUST01371,44,N/A,221267,Business Owner,22,719
CUST05141,31,m,44894,Full-Time,8,631
CUST00494,27,female,44676,Free Lancer, ,613
CUST02246,31,Female,91663,Full-Time,2,641
CUST04371,65,Female,96398,Self Employed,20,642
CUST03849,-5,nan,30326,Self Employed,17,673
CUST01742,22,male,112508,Salaried,1,712
CUST03545,36,FEMALE,56309,self-employed,7,531
CUST02511,22,FEMALE,#N/A,Salaried,1,679
CUST05188,-5,MALE,74779,Business Owner,13,699
CUST00295,21,M,63120,Self Employed,1,620
CUST01729,52,f,73862,freelancer,17,750
CUST01263,23,Female,"$99,999,999",SE,1,733
CUST01904,62,MALE,36300,Self Employed,4,850
CUST01051,42,male,81488,Salaried,9,599
CUST01625,26,male,"$62,291",freelancer,6,779
CUST04060,50,Female,139667,SALARIED,12,699
CUST04791,45,M,22208,Self employed,15,796
CUST05850,34,Non binary,132341,Full-Time,4,789
CUST03727,57,m,99956,Full-Time,23,695
CUST01811,61,m,114038,Full-Time,8,756
CUST02388,26,Female,35238,nan,N/A,725
CUST04733,27,FEMALE,114360,SALARIED,1,748
CUST00435,52,Male,89546.00,Self-Employed,19,694
CUST04024,39,Male ,96872,self-employed,2,732
CUST02862,38,Male,82424,self-employed,2,513
CUST00646,39,Male ,45771,FREELANCER,18,745
CUST05573,50,male,59365,Self Employed,20,734
CUST03464,51,Male ,240419,BUSINESS OWNER,12,692
CUST02835,54,Male,64557,Self-Employed,23,839
CUST00233,28,f,92440,SALARIED,8,783
CUST02444,31,f,66014,Freelancer,10,757
CUST04430,38,F,77999,Salaried,2,618
CUST02442,60, Female,47333,FREELANCER,30,850
CUST03916,30,Male,126198,Sal.,6,709
CUST05311,26,MALE,137760,Full-Time,5,743
CUST03858,N/A,F,111283,BUSINESS OWNER,8,640
CUST02335,38,female,109679,BUSINESS OWNER,9,620
CUST01835,49,Other,90465,SALARIED,11,780
CUST00587,56,Male,201640,N/A,4,627
CUST04096,49,f,115898,Self employed,16,850
CUST00427,57,Female,221910,N/A,20,722
CUST02006,29,M,66630,BUSINESS OWNER,3,531
CUST02978,39,MALE,95799,Business Owner,14,560
CUST03060,32,m,49513,Sal.,6,706
CUST04781,39,m,55742,Salaried,N/A,742
CUST01552,46,male,115727/-,salaried,8,721
CUST05324,57,male,35434,Sal.,32,753
CUST05140,49,female,34288,self-employed,nan,771
CUST02088,39,f,108440,Full-Time,2,548
CUST04140,50,Male ,29182,Self Employed,4, 
CUST00457,52,M,9606,Unemployed,0,744
CUST05269,36,male,281009,Biz Owner,6,784
CUST03225,61,Male ,93989,Biz Owner,21,850
CUST02214,48,male,NULL, ,0, 
CUST05567,57,m,92524,Full-Time,31,850
CUST02591,32,Male ,32608,SALARIED,11,850
CUST00695,53,M,98658,Self-Employed,13,728
CUST01494,33,FEMALE,311,UNEMPLOYED,999,733
CUST05535,49,MALE,16210,Free Lancer,13, 
CUST01038,21, Female,114371,Full-Time,1,N/A
CUST05157,65,M,44616/-,SE,21,797
CUST04119,29,Male,81752,Salaried,4, 
CUST05392,57,NB,41231,Free Lancer,7,777
CUST03439,56,m,55575,Self Employed,12,Unknown
CUST03331,48,Female,"$101,429",Full-Time,23,653
CUST05616,49,FEMALE,8835,unemployed,0,749
CUST00540,51,f,49961, ,16,751
CUST03103,22,m,7315,unemployed,0,695
CUST00800,33,MALE,111918,Sal.,10,684
CUST01486,64,f,188429,Biz Owner,5,813
CUST01276,23,FEMALE,291032,Biz Owner,,847
CUST03183,38,Male,55855,,13,900
CUST04708,29,Male,74424,Business owner,3,747
CUST00358,52,Male ,271269,BUSINESS OWNER,13,848
CUST01454,49,female,209805,Business Owner,8,738
CUST03658,44,M,50721,Biz Owner,1,683
CUST01667,60,FEMALE,85501,Sal.,24,799
CUST04964,65,Female,INR 103506,Sal.,28,725
CUST00300,47,nan,72191,salaried,7,741
CUST02776,60,FEMALE,61099,Free Lancer,2,669
CUST04776,58,female,56362,Business Owner,32,850
CUST04109,34, Female,115331,Full-Time,5,747
CUST03425,64,Male,86507,Sal.,999,738
CUST00465,32,female,88523,salaried,12,616
CUST00066,37, Female,94318,Full-Time,12,640
CUST05434,48,male,92219,Self-Employed,23,770
CUST04172,23,M,67866,Full-Time,3,669
CUST00701,24,FEMALE,32596,freelancer,2,499
CUST00678,65,F,83182,Salaried,8,731
CUST05120,61,m,52520,FREELANCER,6,804
CUST04881,45,nan,70611,Freelancer,17,812
CUST01331,40,Female,77970,SALARIED,14,794
CUST03544,43,Male,110481,SALARIED,20,N/A
CUST03287,27,Female,23641,Self-Employed,7,789
CUST01045,34,F,37894,Freelancer,9,674
CUST04229,52,f,120625,Sal.,13,835
CUST01515,37,Female,199067,Business owner,1,719
CUST00762,130,female,46816,Sal.,17,710
CUST01690,#N/A,Female,112699,Salaried,2,747
CUST01124,50,Male,109509,Self Employed,12,663
CUST04672,56,Male ,50268,N/A,35,737
CUST01341,30, Female,31309,self-employed,4,702
CUST01380,31,MALE,108029,SALARIED,4,612
CUST02373,38,FEMALE,118307/-,Self Employed,6,797
CUST02241,33,M,140980,Salaried,13,661
CUST03641,26,female,62898,Biz Owner,4,732
CUST00584,51,female,70773,salaried,999,621
CUST05284,52,MALE,6100,Not Employed,0,638
CUST01983,58,female,110802,Sal.,22,725
CUST02271,41,m,40712,Freelancer,19,691
CUST02141,59,female,90397,SE,18,850
CUST03014,46,FEMALE,Unknown,Full-Time,15,665
CUST05635,62,F,103074,SE,1,#N/A
CUST03708,36,Female,137368,Sal.,2,797
CUST00109,200,MALE,50928,Salaried,4,667
CUST05205,47,#N/A,119790,Business owner,N/A,589
CUST03368,37,m,59659,Self employed,11,821
CUST04581,60,M,97019,Full-Time,6,719
CUST00758,64,M,INR 35520,salaried,7,742
CUST00386,24,F,140217,salaried,3,698
CUST01832,54,f,123479,Business owner,33,564
CUST01214,52,f,105481,Full-Time,19,766
CUST05033,52,f,100171,SE,3,567
CUST02466,24, ,150314,Biz Owner,4,693
CUST03770,64,Female,137487,SALARIED,13,641
CUST04900,60,m,-1,Full-Time,12,773
CUST05582,36,Female,76112,freelancer,6,715
CUST03562,58,F,104679,SALARIED,nan,744
CUST02445,,F,114716,Self-Employed,10,702
CUST03850,41,male,69129,Sal.,3,740
CUST02893,39,F,137568,Sal.,-3,687
CUST01205,63,M,120202,Sal.,1,629
CUST01939,53,Male ,3339,Jobless,0,671
CUST05759,37,M,48420,Sal.,7,811
CUST01402,23,m,57969,Salaried,1,586
CUST00696,30,male,1399,Unemployed,0,726
CUST05093,39,f,INR 108968,Self employed,6,653
CUST01295,46,F,INR 51400,FREELANCER,26,714
CUST01965,42,f,2613,Unemployed,0,720
CUST04144,23,f,128023,Sal.,2,850
CUST05026,40,FEMALE,103336,salaried,2,805
CUST04982,27,FEMALE,68014,Sal.,5,773
CUST01335,33,female,36022,Self Employed,3,621
CUST02906,26,MALE,116770,Sal.,,745
CUST02033,63,Female,42341,Self-Employed,19,746
CUST01683,0,MALE,62601.00,salaried,13,680
CUST01387,21, Female,INR 145889,salaried,1,764
CUST04828,43,M,82458,salaried,10,627
CUST02177,63,male,78535,Sal.,28,608
CUST02497,31,female,197597,BUSINESS OWNER,9,823
CUST04000,64,f,106844,SALARIED,25,766
CUST02631,61,f,62662,Sal.,15,
CUST00082,41,F,120070,Sal.,14,745
CUST02300,43,FEMALE,204590,Biz Owner,6,759
CUST02619,55,f,"$46,798",Full-Time,25,794
CUST00195,48,F,72924.00,Sal.,22,1200
CUST05468,44,female,61560,Full-Time,#N/A,611
CUST02302,21,m,113695,Self-Employed,1,720
CUST01456,52,male,36564,SALARIED,23,#N/A
CUST04499,37,m,49752,SE,12,725
CUST03651,27,female,68561,SE,2,672
CUST00038,29,m,80828,self-employed,8,798
CUST05753,57,Male,117924,self-employed,19,822
CUST01415,30,NB,43099,FREELANCER,5,819
CUST04960,52,Male,91068,Salaried,8,636
CUST01109,26,m,98746,Biz Owner,#N/A,727
CUST00248,34,female,269497,Business owner,5,608
CUST04077,62,M,7052,Unemployed,0,695
CUST00269,43,Female,"$-5,000",Biz Owner,23,821
CUST00319,56,F,111936,SE,27,
CUST03566,49,MALE,49051,Self Employed,#N/A,583
CUST05041,52,Female,64680,salaried,24,769
CUST00074,24,Female,213035,Business owner,1,738
CUST03199,65,MALE,68497,Self-Employed,15,738
CUST02962,63,m,78124,,2,629
CUST05118,64,Male,91951,salaried,23,850
CUST00058,23,male,54396,SALARIED,2,732
CUST03939,38,Male,66493,self-employed,3,766
CUST05773,60,Female,104234,Sal.,35,618
CUST00973,34,Male,87762,Entrepreneur,9,676
CUST04370,35,Male,38101,SE,12,600
CUST00877,27,female,39072,Self Employed,6,763
CUST01646,54,m,35319,Self employed,1,625
CUST03488,200,FEMALE,INR 38919,freelancer,2,727
CUST05712,58,M,42775,Full-Time,6,696
CUST04267,21,male,74922,SE,1,752
CUST04914,63,M,140880,Full-Time,15,681
CUST00641,65,m,INR 97599,Full-Time,35,788
CUST01684,33,,108406,Self Employed,100,567
CUST03888,27, Female,82905,Biz Owner,3,
CUST05888,22,M,21578,Gig Worker,1,775
CUST03971,22,f,138463,SALARIED,2,697
CUST00231,25,F,67597,Self Employed,3,679
CUST03440,60,male,5510,Unemployed,0,770
CUST01207,41,FEMALE,113475,SALARIED,3,632
CUST02842,52,Male ,71542,SE,6,654
CUST04243,41,Male,111050,salaried,6,609
CUST03912,34,F,22659,,3,618
CUST02884,50,Male ,72191,#N/A,11,656
CUST04280,56,MALE,68492,Self-Employed,25,739
CUST02450,30,Male,INR -5000,SALARIED,5,770
CUST04961,200,Female,94976,salaried,7,0
CUST00008,130,m,222112,Business owner,7,841
CUST04079,35,NULL,87815,salaried,11,755
CUST01217,44,female,36762,Salaried,11,N/A
CUST05010,58, , ,Biz Owner,8,590
CUST00360,32,,130139,SALARIED,7,661
CUST01409,63,male,92197,Sal.,17,739
CUST01479,65,F,279398,Business Owner,13,628
CUST01570,62, Female,-1,Free Lancer,1,741
CUST01350,53,M,52, ,0,606
CUST05079,25,M,40639,SALARIED,4,700
CUST03529,N/A, Female,116564,self-employed,15,755
CUST00016,N/A,Non binary,95653,Business owner,NULL,700
CUST04104,56,m,68807,Full-Time,14,658
CUST03695,43,NULL,299489/-,Biz Owner,5,640
CUST04988,59,NULL,113939,Full-Time,20,823
CUST02078,55, ,45526,salaried,27,610
CUST02474,27,male,31475,Salaried,4,665
CUST00798,62,Male,68872,salaried,N/A,814
CUST04790,28,,124068,Salaried,2,682
CUST02977,60,Male ,52160,Gig Worker,30,771
CUST03179,57,male,67781,Full-Time,3,830
CUST05370,32,female,99335,Sal.,8,717
CUST04484,60,F,82868,salaried,20,760
CUST02748,48, Female,22108,freelancer,8,650
CUST04210,30,male,83487,salaried,4,691
CUST05527,50,female,27555,Self Employed,23,794
CUST01707,49,Unknown,23057,self-employed,2,-50
CUST04448,44,M,1361,UNEMPLOYED,0,737
CUST04064,49,f,24198,Free Lancer,18,806
CUST04840,63, Female,79887,Salaried,999,634
CUST05234,59,m,118142,Sal.,8,713
CUST02651,35,m,108514/-,salaried,9,703
CUST00279,31,male,63125,SALARIED,5,588
CUST02470,35,FEMALE,73023,Self-Employed,15,657
CUST03815,61,Female,100343, ,9,736
CUST02451,64,Male ,63466,Full-Time,33,742
CUST01260,0,Female,93837,Sal.,21,688
CUST01512,57,Female,84032, ,20,703
CUST03747,25,non-binary,,Sal.,1,653
CUST00018,36,f,117247,Entrepreneur,6,754
CUST03023,56,f,159842,BUSINESS OWNER,-3,787
CUST03367,49,female,207717,BUSINESS OWNER,11,672
CUST01800,22,FEMALE,116731,Salaried,2,668
CUST02483,27,NULL,27736,SE,3,682
CUST03245,59,Male,143467,Sal.,35,750
CUST00759,46,FEMALE,202626.00,Business owner,24,807
CUST05608,48,m,41227,Salaried,Unknown,
CUST05688,55,MALE,65826,Sal.,4,716
CUST05821,62,Unknown,118502, ,1,636
CUST03486,41,MALE,126026,Salaried,4,577
CUST01176,50, Female,119603,Full-Time,13,734
CUST04349,38,Female,283603,Entrepreneur,15,690
CUST01996,42, Female, ,salaried,16,724
CUST03335,24,female,38426,Full-Time,1,999
CUST02586,40,m,,Full-Time,20,835
CUST01491,N/A,m,109912,salaried,12,805
CUST00849,21,m,85408,SE,1,NULL
CUST03396,27,FEMALE,N/A,SALARIED,3,650
CUST05971,57,M,50754,salaried,21,764
CUST03362,27,,43978,salaried,5,723
CUST04583,31,FEMALE,139648,SALARIED,10,836
CUST00177,NULL,Male,290713,Business Owner,34,672
CUST02656,33,Non-Binary,42203,Free Lancer,1,714
CUST05134,26,FEMALE,168540,Business owner,4,656
CUST05913,46, Female,120704,Sal.,nan,752
CUST02932,60,FEMALE,106230,SE,2,665
CUST01069,65,female,63189,Self-Employed,28,783
CUST01084,61,FEMALE,33714,Salaried,6,600
CUST02403,28,F, ,Business owner,3,663
CUST05305,52,female,65777,Freelancer,22,650
CUST01131,30,FEMALE,143183,Salaried,6,792
CUST02235,24,female,72330,SE,3,688
CUST02751,65,Male,110898,Salaried,28,#N/A
CUST01969,48,M,INR 62990,Sal.,26,705
CUST00945,40,f,223398,Business Owner,18,726
CUST01958,22, Female,142318,Salaried,1,#N/A
CUST01566,63, Female,36540,Self-Employed,7,
CUST02266,42,F,84607,SALARIED,7,784
CUST02330,42,Female,INR 40060,SALARIED,11,696
CUST03026,27,FEMALE,119739,Sal.,7,637
CUST05845,22,M,,Full-Time,2,737
CUST01391,45,MALE,119061,Self Employed,1,769
CUST03217,60,MALE,28889,self-employed,26,744
CUST04441,49,male,118219,,12,818
CUST02251,61,M,-1,Full-Time,12,644
CUST01003,61,Non-Binary,101385,Self employed,30,N/A
CUST01680,57,Male ,36695,Freelancer,24,752
CUST00072,37,Male,39790,NULL,2,688
CUST04426,65,female,59891,Full-Time,8,547
CUST03921,43,m,255561,BUSINESS OWNER,5,760
CUST03214,58,m,140996,SALARIED,4,850
CUST03338,31,Other,74071,salaried,2,618
CUST01594,44,F,200380,Entrepreneur,16,710
CUST02043,32,M,97083,Sal.,4,663
CUST04815,63,M,8941,Unemployed,0,634
CUST00187,41,m,9264,Unemployed,0,809
CUST04149,NULL, Female,-5000,Salaried,4,429
CUST05450,34,Male,49594,Sal.,8,848
CUST01734,35,F,277583,BUSINESS OWNER,7,525
CUST05400,28,Female,290544,Entrepreneur,3,726
CUST04329,26,m,27370,Self-Employed,4,622
CUST01175,26,male,141520,N/A,4,704
CUST01631,46,M,31480,Sal.,26,nan
CUST00583,61,Male,N/A,SE,9,711
CUST00399,38,MALE,17885,Free Lancer,16,802
CUST03420,49,Male,133803,Biz Owner,11,736
CUST00710,39,FEMALE,"$26,342",Freelancer,3,622
CUST02580,33,F,124257,BUSINESS OWNER,7,651
CUST00251,28, Female,"$28,756",SE,1,754
CUST02762,35,F,74579,salaried,7,743
CUST05361,64,female,63860,Salaried,13,548
CUST04130,42,m,147315,salaried,1,734
CUST01213,N/A,MALE,142955,Sal.,2,662
CUST01421,35,Male ,19178,Free Lancer,12,664
CUST00324,42,M,45160,Sal.,10,850
CUST02900,49,Female,138486,Sal.,,687
CUST02408,21,female,44346,salaried,1,814
CUST00211,62,F,166382,Entrepreneur,7,722
CUST01877,23,F,30254,Salaried,2,659
CUST02375,37,Female,20230,Self Employed,13,-50
CUST02817,33,Male,40576,Gig Worker,4,595
CUST00504,23,Non-Binary,INR 63138,Free Lancer,2,635
CUST03570,130,Male ,52467,Self-Employed,4,654
CUST05872,53,Female,242928,Entrepreneur,21,850
CUST04787,42, Female,75491,Sal.,15,712
CUST02198,53,M,NULL,BUSINESS OWNER,30,NULL
CUST00168,49,f,61365,freelancer,2,791
CUST05936,31,,16193,freelancer,6,850
CUST03547,44, Female,170668,BUSINESS OWNER,8,837
CUST02827,63,m,43921,Salaried,29,796
CUST01326,35,MALE,94547.00,Self Employed,15,714
CUST05398,52,f,6432,Jobless,0,752
CUST05818,53,Male,105606,Salaried,18,842
CUST03133,62,F,104992,Sal.,#N/A,752
CUST02067,45,m,54974,Business owner,4,604
CUST04259,42,FEMALE,134348,salaried,19,623
CUST01944,65,Female,246536,BUSINESS OWNER,27,790
CUST03286,64,MALE,43813,Freelancer,6,682
CUST01250,23,FEMALE,65699,Free Lancer,2,632
CUST01139,35,Female,1416,Unemployed,0,615
CUST05949,52,f,78994,self-employed,6,nan
CUST02927,35,f,8705,Jobless,,850
CUST02859,23,female,72250,Sal.,1,837
CUST01244,62, Female,209683,Business owner,9,999
CUST01808,51,male,66684,#N/A,24,576
CUST01634,33,MALE,102925,SALARIED,1,745
CUST04482,29,N/A,52249,SALARIED,9,789
CUST04625,62,NULL,30075,SE,23,779
CUST00544,50,MALE,105227,Salaried,7,763
CUST00507,53,F,61928,SALARIED,20,784
CUST05886,51,female,99171,Full-Time,24,616
CUST00752,59,FEMALE,134864,SALARIED,29,631
CUST01547,23,m,147101,Business Owner,1,721
CUST01118,26,Non-Binary,54751,SE,1,491
CUST04253,28,FEMALE,58003,Entrepreneur,7,NULL
CUST05893,46,MALE,144719,Business owner,26,711
CUST05860,35,Male,24972,freelancer,11,586
CUST04895,58,m,56200,Gig Worker,15,648
CUST01972,31,,136192,Salaried,9,780
CUST05549,59,M,85011,nan,27,838
CUST05943,31,Male,,Business owner,8,635
CUST02826,29,m,52324,FREELANCER,NULL,683
CUST04474,23,male,101487,Sal.,1,636
CUST02746,45,F,27190,FREELANCER,19,806
CUST04288,NULL,f,112423/-,SE,30,762
CUST04599,61,FEMALE,118103,salaried,6,702
CUST03153,61,F, ,SALARIED,19,731
CUST03017,56,M,232313,Biz Owner,2,602
CUST05401,,N/A,140435,Full-Time,2,719
CUST00277,25,m,8449,Unemployed,N/A,759
CUST01518,27,f,87668,Business Owner,N/A,641
CUST04202,40, Female,34099,self-employed,#N/A,#N/A
CUST04779,52,f,34599,Salaried,9,850
CUST01777,nan, Female,74341,SE,17,653
CUST00562,54,female,61594,Freelancer,34,806
CUST00071,45,MALE,31874,Sal.,4,722
CUST04075,27,male,-1,salaried,3,#N/A
CUST05145,57,male,40988,Self employed,24,850
CUST05007,28,Male,128958,Full-Time,2,603
CUST00165,56,M,8037.00,UNEMPLOYED,,654
CUST01716,30,Unknown,47471,salaried,2,652
CUST00957,23,Unknown,52334,BUSINESS OWNER,2,N/A
CUST00753,24,m,94290.00,Self-Employed,nan,649
CUST01014,59,male,71561,Salaried,7,781
CUST02638,42,m,90326,Self employed,-3,850
CUST04314,56,Male ,114964,SE,5,636
CUST03745,32,Male ,135331,Salaried,1,580
CUST00893,24,FEMALE,45599,FREELANCER,2,850
CUST04173,35,female,219566,Biz Owner,13,1200
CUST01360,22, Female,84776,Sal.,2,822
CUST04769,48,Male,58296,Self Employed,13,836
CUST02915,48,FEMALE,Unknown,Business Owner,1,619
CUST05250,62, Female,31657,Sal.,11,786
CUST03141,24,Female,51779,SALARIED,1,643
CUST03134,28,female,52858,#N/A,4,684
CUST00353,50,F,55126,FREELANCER,18,676
CUST02566,36,male,83610,Self Employed,14,742
CUST03129,39,M,99125,Salaried,5,850
CUST02196,21,F,57262,salaried,1,701
CUST01183,#N/A, Female,67536,Self Employed,5,791
CUST03089,39,MALE,94279,Full-Time,2,591
CUST03954,59,male,72695,Sal.,26,695
CUST04456,50,m, ,Not Employed,0,724
CUST02741,43,m,50215,SE,12,709
CUST01270,41,non-binary,36131,salaried,11,686
CUST02504,130,m,48311,salaried,4,711
CUST03034,47,NULL,113655,Full-Time,4,740
CUST05571,34,f,49096,N/A,8,605
CUST04778,60,FEMALE,67948,NULL,4,661
CUST03114,48,male,54570,Business owner,24,741
CUST05873,#N/A,f,2175,Unemployed,0,753
CUST05593,40,#N/A,58001,Full-Time,13,850
CUST02371,63, Female,74787,self-employed,3,624
CUST04786,52, ,90479,Full-Time,23,724
CUST01147,41,male,28836,self-employed,7,838
CUST05998,49,Female,INR 74507,Self employed,12,583
CUST05877,37,F,31839,Full-Time,7,798
CUST05883,55,MALE,3575,N/A,0,714
CUST05779,21,M,124716,salaried,NULL,693
CUST00378,53,M,127854,SALARIED,25,789
CUST01751,28,MALE,25509,Self employed,4,762
CUST04976,34,Male ,51802,SALARIED,14,641
CUST01177,41,FEMALE,47370,Salaried,17,nan
CUST04623,57,FEMALE,242101,Entrepreneur,21,763
CUST01705,#N/A,female,46880,salaried,22,595
CUST05003,58,female,19886,freelancer,9,791
CUST00343,34,female,36073,Full-Time,7,660
CUST00747,33,Female,140855,Entrepreneur,10,779
CUST02769,0,F,INR 72830,Full-Time,16,679
CUST03347,33,MALE,120177,Full-Time,2,503
CUST04511,#N/A, Female,Unknown,Self Employed,17,641
CUST01356,56,Male,64811,Gig Worker,15,638
CUST05075,59,Male ,76133,Salaried,18,761
CUST02966,62,male,75308,Salaried,3,565
CUST05085,26,Male,42250,Gig Worker,6,760
CUST05491,38,female,99680,self-employed,17,661
CUST00642,49,f,97607/-,Sal.,22,643
CUST02635,65,f,5416,Jobless,0,773
CUST03671,48,M,77741,Salaried,5,850
CUST03321,22,male,103200,Full-Time,1,850
CUST04537,22,male,16233,Freelancer,2,603
CUST04356,22,m,105435,Salaried,2,629
CUST05600,52,male,nan,SALARIED,11,576
CUST02579,46,MALE,54934,freelancer,18,795
CUST00570,58,Unknown,75036,Salaried,12,709
CUST05243,30,MALE,54036,N/A,nan,740
CUST03891,39,F,,Self employed,13,Unknown
CUST03441,51,Female,96053,SALARIED,3,799
CUST03005,32, Female,142384/-,Entrepreneur,2,620
CUST01420,49,Male,50641,SALARIED,Unknown,714
CUST02867,29, Female,74679,salaried,9,765
CUST03624,28,M,20226,Freelancer,7,656
CUST02870,62,female,28110,Self employed,10,737
CUST03274,35,M,N/A,Salaried,11,728
CUST04396,56,NULL,9579,Unemployed,0,657
CUST00266,40,male,69255,salaried,,746
CUST04682,28,female,44897,salaried,4,775
CUST02376,64,MALE,154228,Unknown,18,629
CUST05838,33,F,132172,Full-Time,4,999
CUST03942,48,Male,124311,SALARIED,19,680
CUST04059,47,MALE,48726,freelancer,14,800
CUST00984,42,Male,153215/-,Entrepreneur,1,705
CUST02432,38,f,79618,Full-Time,16,746
CUST00905,62,Female,41834,salaried,4,651
CUST04700,28,female,74341,Sal.,1,777
CUST01071,65, Female,119767,Full-Time,NULL,707
CUST03879,24, Female,18702,Freelancer,2,850
CUST00953,29,Male,53899,Entrepreneur,9,677
CUST02551,24,MALE,35298,FREELANCER,3,564
CUST02393,26,FEMALE,129105,Salaried,2,586
CUST05403,52,MALE,3912,UNEMPLOYED,0,747
CUST02276,58,male,84405,self-employed,24,785
CUST04967,39,Female,104018,Salaried,12,723
CUST02871,59,FEMALE,60894,self-employed,21,850
CUST04313,32,M,91112,Sal.,1,595
CUST03930,45,FEMALE,115315,Salaried,2,597
CUST03187,27,MALE,109353,Biz Owner,3,693
CUST01697,34,male,118016,self-employed,11,763
CUST02717,57,f,103750,Self employed,4,820
CUST02452,61,M,99999999,self-employed,5,727
CUST00206,63,F,72810,Salaried,2,529
CUST01061,33,F,110795,SE,10,686
CUST04783,55,female,126869,Salaried,6,900
CUST01992,22,m,69946.00,Salaried,Unknown,595
CUST01379,58,F,,FREELANCER,2,771
CUST05274,55,Female,95133,Self-Employed,8,677
CUST02249,46,Male ,52300,Salaried,999,742
CUST00369,38,m,139513,SALARIED, ,756
CUST03696,65,MALE,114142,BUSINESS OWNER,28,780
CUST03370,52,m,34614,#N/A,15,529
CUST05438,25,F,256056,Business owner,1,757
CUST00723,28,MALE,64377,Freelancer,1,788
CUST03355,54,M,182125,BUSINESS OWNER,8,679
CUST05329,29,F,74459,self-employed,3,709
CUST01465,29,f,55039,salaried,9,760
CUST05150,22,M,142651,salaried,2,#N/A
CUST03489,44,N/A,144336,SALARIED,10,609
CUST03022,38,M,149164,SALARIED,N/A,740
CUST03954,59,male,72695,Sal.,26,695
CUST02337,47,male,133664,salaried,3,840
CUST05890,25,m,70248,Full-Time,5,556
CUST03172,61,f,95880,Business owner,14,669
CUST00808,49,m,187421,Business Owner,25,606
CUST02101,46,Male,50355,SALARIED,20,808
CUST03461,57,male,147947,Sal.,7,801
CUST02050,31,Male,61188,Self Employed,11,Unknown
CUST03468,33,M,999,Unemployed,0,644
CUST03151,40,FEMALE,103600,Self employed,1,627
CUST00899,56, Female,78580,salaried,20,nan
CUST00865,51,F,80149,NULL,10,900
CUST04592,46,FEMALE,37250,freelancer,2,575
CUST00340,35,f,81598,Salaried,8,656
CUST04034,53,female,82993,salaried,1,601
CUST02202,52,#N/A,88253,salaried,12,850
CUST05717,65,f,112167,Salaried,29,837
CUST00502,64,Male,16403,NULL,3,844
CUST00831,64,female,3133,UNEMPLOYED,0,439
CUST01020,45,male,109948,Self-Employed,nan,757
CUST03098,60,Unknown,114145,Sal.,13,749
CUST05180,48, Female,67658, ,5,571
CUST01895,47,FEMALE,74056,SALARIED,4,513
CUST05916,24,M,"$67,566",SALARIED,4,655
CUST03602,nan,male,50261,Self-Employed,21,747
CUST02356,34,f,54136/-,SE,8,804
CUST02608,30,Male,31542/-,FREELANCER,5,605
CUST02220,65,M,52446,Freelancer,23,605
CUST02781,40,NULL,144437,N/A,6,737
CUST02529,24,male,1618,Unemployed,0,699
CUST01558,26,Male,"$70,034",,6,769
CUST00142,21,M,66614,freelancer,1,748
CUST04171,52,Male ,nan,SE,13,N/A
CUST04528,49,Female,4833,unemployed,0,630
CUST00903,nan,male,54289,SALARIED,33,844
CUST04878,61,Male ,90147,self-employed,34,690
CUST01897,28,MALE,77476.00,nan,6,817
CUST03956,22,MALE,130255,salaried,2,658
CUST02216,30,m,31820,salaried,5,659
CUST01914,59, Female,195033,Business owner,19,677
CUST04406,25,Female,48478,Self Employed,5,847
CUST00212,30,m,55086,FREELANCER,9,784
CUST00926,60,MALE,117405,Sal.,2,635
CUST01163,32,MALE,115321,Biz Owner,10,646
CUST01477,7,MALE,58655,Self-Employed,13,710
CUST00101,40,Female,51986,freelancer,6,672
CUST01028,24,FEMALE,82609,salaried,1,728
CUST05121,27, Female,117557,salaried,1,850
CUST00870,61,M,73316,Sal.,4,771
CUST03319,31,m,101138,Sal.,9,642
CUST02898,28,Female,6626,unemployed,999,527
CUST01232,58,Male,104700,,9,637
CUST03171,25,Female,45616,Full-Time,#N/A,577
CUST02971,Unknown,m,112283.00,Full-Time,3,650
CUST05087,42,MALE,95692,Full-Time,,759
CUST04643,41,MALE,#N/A,Free Lancer,8,588
CUST00198,30,M,56581,Free Lancer,10,532
CUST03757,27,m,70833,Self-Employed,5,730
CUST04195,22,F,NULL,self-employed,1,592
CUST04892,39,Male,NULL,Self-Employed,15,683
CUST04970,36,M,41699,Full-Time, ,633
CUST00951,41, Female,40475,Full-Time,11,797
CUST02179,25,Female,141500/-,SALARIED,1,778
CUST04432,0,Male ,155511,Biz Owner,9,714
CUST01095,25,male,124467,Salaried,5,693
CUST03650,34,nan,77892,Business Owner,5,731
CUST02602,47,m,83050,SALARIED,19,850
CUST00872,35,F,183,Jobless,0,609
CUST04111,22, Female,36382,self-employed,1,1200
CUST01942,0,M,106518,Sal.,8,659
CUST02297,33,f,143144,SALARIED,9,642
CUST00005,35,m,63763,NULL,14,727
CUST04159,43,female,109196,SALARIED,1,747
CUST01651,55,Male ,87926,Business owner,10,652
CUST00921,62, Female,82521,SALARIED,11,748
CUST02295,63,FEMALE,174693,Entrepreneur,9,643
CUST05320,33, Female,136033,Salaried,9,777
CUST01592,200,,102285,Self Employed,,540
CUST05149,55,f,78645,SALARIED,19,
CUST05069,39,Male,119007,Salaried,15,704
CUST03424,62,M,117971,Sal.,2, 
CUST04436,61,MALE,57774,Sal.,33,822
CUST01871,46,Female,200467,BUSINESS OWNER,26,725
CUST02049,35,M,82336,SE,2,682
CUST05375,41,female,88628,Sal.,2,784
CUST01959,57,#N/A,106372,Full-Time,10,#N/A
CUST02997,nan,F,144427,SALARIED,2,
CUST03281,22,F,36752,SE,2,774
CUST02775,37,MALE,33037,SALARIED,nan,716
CUST03941,58,male,119244,Self-Employed,8,599
CUST02383,64,m,131166,salaried,17,663
CUST03221,40,N/A,"$85,814",salaried,1,671
CUST00730,61,Male,67232,FREELANCER,9,545
CUST01258,51,Female,75552,Entrepreneur,31,765
CUST04785,48,male,215655,Unknown,18,670
CUST00896,23,FEMALE,247015,Entrepreneur,1,618
CUST00124,,male,116066/-,SALARIED,2,653
CUST02940,45,Male ,52800,Salaried,23,723
CUST03957,32,Male,35951,Salaried,5,539
CUST02533,130,FEMALE,126945,SALARIED,23,731
CUST01572,60, Female,"$65,579",Salaried,12,713
CUST00523,,FEMALE,263417,Business Owner,4,745
CUST03623,51,Male ,71753,salaried,22,850
CUST00150,56,MALE,34536,Free Lancer,20,805
CUST00835,60, Female,nan,Entrepreneur,7,N/A
CUST01610,54,F,91505,Sal.,6,657
CUST01266,35, Female,99479,SE,8,757
CUST05922,53,f,99664/-,SE,11,639
CUST00270,51,m,50407,SALARIED,9,731
CUST05780,43,Male,8553,N/A,#N/A,690
CUST05472,0,FEMALE,56496,SALARIED,15,732
CUST03460,55,Male ,38404,freelancer,23,729
CUST03588, ,m,54712,Salaried,N/A,#N/A
CUST03990,43,f,149065,SALARIED,21,850
CUST01234,21,female,INR 94908,salaried,1,775
CUST00516,36,Female,59150,,1,677
CUST01928,26,m,2631,UNEMPLOYED,0,542
CUST04391,59,m,53490,SE,34,793
CUST04040,28,MALE,902,unemployed,0,657
CUST01129,44,male,84527,self-employed,10,715
CUST05967,51,MALE,116386,Full-Time,15,759
CUST00699,25,MALE,,Salaried,4,554
CUST01362,63,male,40339,Gig Worker,24,708
CUST04739,59,Female,26783,FREELANCER,7,521
CUST05193,36, Female,232508,Biz Owner,3,741
CUST05798,35,Female,34126,Self Employed,5,766
CUST02163,58,MALE,70578,SE,#N/A,850
CUST03853,44,f,50233,salaried,4,669
CUST05934,57,male,127989,Sal.,nan,710
CUST04247,41,m,145174,salaried,2,790
CUST05418,41,f,28222,Self employed,5,506
CUST03652,24,female,52935,Self Employed,2,807
CUST04826,30,M,68177,Sal., ,709
CUST04692,40,M,114028,salaried,3,673
CUST00971,32,Male,242531,Entrepreneur,5,631
CUST02525,42, ,75513,self-employed,4,733
CUST03611,28,Male ,50608,self-employed,4,682
CUST02040,52,nan,69588,freelancer,30,698
CUST05366,36,m,#N/A,Self employed,4,649
CUST00260,22, Female,45080,Salaried,1,633
CUST03614,N/A,MALE,139814,Sal., ,614
CUST03120,37,f,122136,Salaried,6,765
CUST02062,23,F,205440,Biz Owner,3,627
CUST03063,40,f,76248,freelancer,9,686
CUST03200,59,#N/A,153090,Entrepreneur,7,686
CUST02112,24,M,110496,Sal.,1,741
CUST02947,60,Male,"$44,274",Self employed,16,844
CUST04804,44,FEMALE,83537,Salaried,5,671
CUST00725,21,Male,77567,Business owner,1,621
CUST04421,22,Male,65059,Business owner,2,745
CUST03182,62, Female, ,#N/A,26,674
CUST01907,7,Female,8097,Unemployed,0,671
CUST02311,30,,,Salaried,6,789
CUST02539,27,M,107844,Sal.,7,776
CUST02043,32,M,97083,Sal.,4,663
CUST05404,Unknown,MALE,47819,Gig Worker,2,735
CUST05077,60,Female,109923,SALARIED,19,596
CUST01482,23,F,94772,Sal.,3,749
CUST02553,52,M,226174,Entrepreneur,3,663
CUST03333,31,MALE,50481.00,salaried,6,642
CUST05550,33,male,NULL,SE,3,780
CUST03973,41,f,289073,BUSINESS OWNER,8,596
CUST02172,58,Male ,146769,SALARIED,-3,720
CUST04068,64,Non binary,59451/-,freelancer,20,652
CUST01960,38,m,94765,Business owner,3, 
CUST00189,52,F,98412,Self-Employed,10,771
CUST04170,43, Female,88982,Full-Time,3,850
CUST03459,130,Non-Binary,Unknown,Sal.,10,840
CUST00904,31,M,44578,self-employed,7,736
CUST00602,45,M,"$93,919",salaried,5,632
CUST01027,32,Non binary,47802,SALARIED, ,732
CUST00791,42, ,INR 75873,salaried,17,609
CUST00940,61,Male,67368,Full-Time,27,561
CUST04707,47,Male,135734,salaried,26,603
CUST05515,25,Female,64662,Sal.,4,798
CUST00824,57,F,113050,Salaried,35,671
CUST03494,22,FEMALE,5547,Jobless,0,646
CUST03897,65,Male,97275,SE,30,646
CUST02263,31, ,43682,Sal.,11,693
CUST01935,53,M,132595,N/A,23,769
CUST01145,41,Male ,38271,Freelancer,999,659
CUST02689,26,M,2444,unemployed,0,622
CUST01029,40,female,,SE,11,743
CUST05076,22,Non-Binary,48933,Freelancer,1,752
CUST04622,29, Female,47965,Gig Worker,#N/A,794
CUST05333,51,f,INR 107621,salaried,10,766
CUST04568,28,MALE,96073,self-employed,7,709
CUST05089,41,Male ,127565,salaried,2,632
CUST01978,57,Male ,251311,Entrepreneur,3,707
CUST01442,36,M,83891,Salaried,12,785
CUST00483,65,m,104625,Self employed,35,850
CUST00668,63,Male,74369,Entrepreneur,3,749
CUST02273,53,Male,115486,Biz Owner,5,783
CUST05628,47,Male,30043,Self-Employed,100,812
CUST03218,28,f,"$134,417",salaried,1,592
CUST01215,56,m,77365,Full-Time,26,702
CUST01544,23,Female,39663,SALARIED,2,752
CUST01737,29,FEMALE,124257,SALARIED,8,799
CUST03776,30,Male ,110672,Self employed,4,727
CUST03837,64, Female,81228,Full-Time,25,709
CUST01618,,Male,44871,Free Lancer,5,604
CUST02059,43,male,102266,Sal.,18,732
CUST03644,54,m,105152,Self Employed,24,843
CUST05291,50,Female,47695,SALARIED,20,850
CUST01179,64,female,92143,self-employed,29,850
CUST02267,53,MALE,42785,freelancer,11,668
CUST00415,26,Female,98700,SALARIED,2,763
CUST01253,49,NULL,59743,N/A,18,716
CUST04201,30,female,"$94,229",salaried,4,801
CUST02227,51, Female,102038,Self Employed,5,705
CUST02723,,M,67573,Freelancer,2,824
CUST02351,48,non-binary,75838,Sal.,5,706
CUST02181,42,FEMALE,46659,Self Employed,7,765
CUST04026,57,M,57819,Self Employed,25,631
CUST00267,45,F,NULL,Self employed,3,743
CUST02624,28,f,123262,SALARIED,4,597
CUST05220,56,F,21655,Self Employed,NULL,551
CUST05536,44,female,4890,Jobless,0,725
CUST02747,44,MALE,142628,salaried,11,850
CUST03709,53,M,45085,Gig Worker,19,687
CUST00614,62,MALE,144786,salaried,9,900
CUST05902,55,F,121015,SALARIED,12,578
CUST02469,30,Male ,Unknown,#N/A,3,750
CUST04597,27,Male,108387,Full-Time,4,656
CUST00586,54,FEMALE,258616,Business owner,32,773
CUST04469,32,Female,117276,Self employed,11,571
CUST00528,35,m,31330,Salaried,1,732
CUST00897,58, Female,#N/A,salaried,21,659
CUST01530,65,F,51414,Full-Time,20,635
CUST00126,40,f,43395,Full-Time,8,757
CUST04530,45,F,88725,Business Owner,#N/A,586
CUST04947,63,Female,N/A,Salaried,, 
CUST01576,28,MALE,66362,Full-Time,2,656
CUST01474,35,male,75077,Full-Time,12,#N/A
CUST05158,35,male,125781,Salaried,6,571
CUST04608,32,female,122306,Salaried,11,743
CUST04036,49,Male ,77355,SALARIED,15,850
CUST04871,33,F,95992,Sal.,8,N/A
CUST05692,33,Male,79105,Business Owner,6,570
CUST04103,57,female,"$39,430",salaried,4,728
CUST03090,22,m,60975,SALARIED,1,809
CUST03285,30,female,104430,SALARIED,8,829
CUST01580,44,Male ,-1,Salaried,21,758
CUST02847,33,Male ,32765,freelancer,6,710
CUST00455,53,male,56789,Salaried,29,685
CUST02554,38,non-binary,139126,Salaried,18,691
CUST05138,29,female,27956,self-employed,1,770
CUST01132,39, Female,125849,salaried,3,#N/A
CUST00480,39,Female,298851,Business owner,3,637
CUST05253,26, Female,34641,self-employed,4,603
CUST02648,28,M,108062,#N/A,3,638
CUST05313,54,MALE,119752,Full-Time,14,850
CUST01345,60,female,5518,unemployed,0,591
CUST03793,51,Male ,189730,Business owner,13,791
CUST00942,44,N/A,109928,Self-Employed,13,Unknown
CUST01677,N/A,Female,37850,Freelancer,2,734
CUST01317,53,female, ,Business owner,9,727
CUST01692,22, Female,NULL,Sal.,1,623
CUST05053,31,FEMALE,72305,SE,2,601
CUST05512,48,f,23418,Free Lancer,8,734
CUST04138,25, Female,130644,SALARIED,nan,648
CUST05261,59,Male,75250,Free Lancer,16,799
CUST03574,60,Male,104469, ,33,720
CUST02879,51,f,119536,salaried,19,767
CUST05701,64, ,,SE,16,665
CUST00806,21,F,145317,salaried,1,758
CUST01307,50,Female,75759,freelancer,12,640
CUST02231,27,M,116471,self-employed,6,613
CUST04115,60,Male,145191,SALARIED,3,655
CUST05374,61,m,62229,SALARIED,24,694
CUST02595,62,f,"$67,863",Free Lancer,19,622
CUST01180,41,Female,99999999,FREELANCER,19,742
CUST04606,52,female,108592,Full-Time,14,765
CUST05507,62,FEMALE,129612,Salaried,32,662
CUST03307,37,Male ,44431,SALARIED,12,741
CUST02941,30,female,127267,Sal.,7,556
CUST00792,57,m,233471,Business owner,11,824
CUST05452,47,f,31630,salaried,16,700
CUST05283,25,Male,64762,Full-Time,4,634
CUST05182,42,Female,139156,salaried,6,638
CUST01553,21,Non-Binary,68515,SALARIED,1,756
CUST00983,34,female,80466,Self Employed,9,663
CUST05755,7,MALE,100319,Full-Time,19,850
CUST01649,62,F,100798,Full-Time,1,663
CUST05559,58,female,41295,Freelancer,20,827
CUST02439,58,MALE,63540,Sal.,35,665
CUST03946,51,Male ,108823/-,Full-Time,5,807
CUST00612,42,male,58682,Full-Time,7,850
CUST01481,32,M,99999999.00,Self-Employed,100,744
CUST01962,25,FEMALE,103105,SALARIED,4,748
CUST05165,57,MALE,37327,Salaried,17,773
CUST02154,48,F,243079,BUSINESS OWNER,17,787
CUST05709,44,M,33952,Salaried,24,600
CUST00764,62,female,"$139,398",Sal.,21,658
CUST01471,51,Male,94608,Business owner,30,636
CUST05954,63,M,144982,nan,1,742
CUST03102,52,female,INR 146824,SALARIED,25,
CUST05911,61,Female,127541,SALARIED,25,640
CUST03520,53,M,75709,Salaried,19,705
CUST05833,59,f,33663,Salaried,32,838
CUST03270,64,F,Unknown,salaried,24,
CUST03392,24,female,88872,Self Employed,1,736
CUST02597,NULL,MALE,1699,Not Employed,0,637
CUST03584,57, ,122594,Sal.,18,Unknown
CUST05469,45,m,77517,Sal., , 
CUST01672,60,FEMALE,184001,nan,9,nan
CUST02239,30,Male,38402,SALARIED,6,760
CUST03116,34,F,185616,Biz Owner,12,835
CUST02987,50,Male ,87584,Full-Time,30,769
CUST00239,54,Male ,INR 34679,SALARIED,22,801
CUST03824,26,NB,59871,Sal.,6,601
CUST05499,58,male,,Sal.,17,759
CUST00218,59,FEMALE,58726,Free Lancer,18,610
CUST05368,36,nan,118557.00,SE, ,727
CUST02813,46,male,69209,Self Employed,4,721
CUST01785,50,N/A,116480,Sal.,4,677
CUST00850,26,Male ,85079,Full-Time,NULL,825
CUST01875,62,m,86699,Sal.,29,791
CUST05072,45,MALE,143970, ,14,706
CUST03552,35, Female,134633,salaried,4,663
CUST04874,51,Male ,INR 80208,SALARIED,20,672
CUST03748,36,male,60121,salaried,12,821
CUST02073,65,Female,60058,Freelancer,4,789
CUST00286,53,f,108476,salaried,17,573
CUST02856,50,female,49532,Full-Time,1,729
CUST02752,53,m,92383,Full-Time,32,850
CUST02143,49,m,288754,Business owner,15,664
CUST01720,56,MALE,INR 51431,Freelancer,11,492
CUST00321,43,Male ,205232,Business owner,15,999
CUST03262,58,Female,118030,Full-Time,11,816
CUST01282,37,Male,40914,Salaried,4,631
CUST05081,41,female,37131,self-employed,15,681
CUST05218,47,non-binary,91762,SALARIED,11,685
CUST05558,36,Female,39801,Full-Time,-3,665
CUST00825,30,male,130739,salaried,10,761
CUST03249,29,Male ,28419,SE,7,NULL
CUST03403,48,MALE,88379,salaried,17,670
CUST02796,59,Male ,Unknown,salaried,31,716
CUST04363,56,F,134345,salaried,21,608
CUST01170,63,female,87202,salaried,33,754
CUST05242,26,Male ,-1,FREELANCER,6,748
CUST04619,60,Unknown,53640,SALARIED,23,702
CUST03792,49,M,144782,Full-Time,6,525
CUST01850,55,m,N/A,Salaried,17,770
CUST05383,28, Female,115917,SALARIED,5,724
CUST04808,-5,Female,54320,freelancer,12,699
CUST03664,46,M,81798,SALARIED,11,784
CUST00996,30,M,106301,SALARIED,7,NULL
CUST00098,50,f,106194,Full-Time,21, 
CUST00703,38,M,120871,Sal.,9,637
CUST00714,26,F,143843,Salaried,3,768
CUST01462,28,Female,97941,Salaried,5,656
CUST00259,60,f,94373,Self employed,7,633
CUST01765,58,female,129187,Salaried,100,788
CUST00694,45,F,103728,Full-Time,25,727
CUST00204,37,female,83791,SE,5,744
CUST03278,35,female,83887,Sal.,100,nan
CUST01841,40,f,107668,Unknown,20,685
CUST02320,21,male,121607,BUSINESS OWNER,1,707
CUST01305,62,MALE,52901,SALARIED,15,588
CUST04822,54,NB,"$73,733",salaried,2,673
CUST03925,45,#N/A,33546,FREELANCER,14,641
CUST02270,24,NULL,277560,Business Owner,1,697
CUST04999,54,M,41554,SALARIED,14,756
CUST04904,63,Male,-5000,Business Owner,33,745
CUST00190,42,Female,103212,Self-Employed,2,664
CUST03686,26,MALE,55243,salaried,5,758
CUST01167,48, Female,238385,Business owner,18,758
CUST01802,35,Female,117544,SALARIED,11,715
CUST00789,46,Male ,167806,Entrepreneur,20,690
CUST03509,22,f,234104,Entrepreneur,1,676
CUST03348,40,Male ,232731,Biz Owner,7,778
CUST03430,46,,51852,Salaried,16,850
CUST01855,29, Female,139123,BUSINESS OWNER,1,699
CUST00194,30,male,nan,Gig Worker,6,700
CUST01053,200,f,36679,Full-Time,#N/A,724
CUST03208,46,NB,33278,Self Employed,10,646
CUST05825,56,nan,-1,Sal.,3,632
CUST03069,42,f,113005,Salaried,4,742
CUST02499,26,m,39269,Self Employed,6,650
CUST03734,49,MALE,nan,Self Employed,25,754
CUST01951,55,f,65932,SE,35,667
CUST03247,53,Male,77974,Self employed, ,769
CUST00462,62,Female,99172,SALARIED,8,nan
CUST00939,53,F,130193,Salaried,3,635
CUST01695,33,FEMALE,96025,Full-Time,8,811
CUST04810,29,f,9731,Unemployed,nan,686
CUST04121,33,FEMALE,56332,FREELANCER,9,743
CUST04901,63,female,129901,Sal.,12,850
CUST00920,35, Female,N/A,self-employed,13,828
CUST01078,64,m,50124,SALARIED,17,674
CUST04681,39,M,nan,BUSINESS OWNER,1,850
CUST01510,41,male,83731,Full-Time,19,759
CUST01397,63,F,135874,SALARIED,7,637
CUST01786,35,female,66774,salaried,7,678
CUST04211,50,male,56227,SALARIED,26,656
CUST02578,33,f,75032,Gig Worker,Unknown,747
CUST05310,32,m,22744,nan,999,850
CUST00347,37,m,114529,salaried,14,703
CUST01375,35,MALE,8718,unemployed,0,696
CUST02140,63,Non-Binary,55649,SALARIED,31,718
CUST04078,57,NB,4016,#N/A,0,693
CUST03729,61,FEMALE,143422,salaried,9,798
CUST00537,38,Non binary,52844,SALARIED,3,618
CUST00081,57, Female,238658,Business Owner,21,850
CUST00670,37,m,70765,Full-Time,999,663
CUST02211,56,f,83922,Self employed,10,661
CUST01603,36, Female,46520,Full-Time,4,639
CUST05114,57,M,4824,unemployed,0,651
CUST02031,NULL,N/A,-1,Full-Time,4,678
CUST01235,-5,MALE,146689,Salaried,3,644
CUST00276,29,male,87057,Unknown,3,632
CUST03796,28,Male ,87060,SE,7,711
CUST00141,51,male,60163,Freelancer,24,766
CUST01381,38,MALE,133763,NULL,2,760
CUST02029,57,m,60180,Self-Employed,13,1200
CUST00002,42,MALE,-5000,Business Owner,3,792
CUST00866,60,female,65391,Self-Employed,35,671
CUST02242,53,m,21244,self-employed,20,743
CUST00122,47,FEMALE,nan,SE,27,788
CUST02818,54,Male ,41792,FREELANCER,13,703
CUST03875,36,Male,92354,SE,9,656
CUST03884,24,Female,18265,FREELANCER,3,833
CUST05353,54,Male ,105284,salaried, ,706
CUST01009,33,female,143899,BUSINESS OWNER,3,620
CUST02414,50,male,44029,Salaried,6,620
CUST03414,44,m,133017,SALARIED,6,650
CUST05385,39,F,235904,Entrepreneur,4,815
CUST02380,34,FEMALE,84722,Full-Time,11,757
CUST02810,37,m,Unknown,Sal.,13,665
CUST05382,N/A,MALE,20283,NULL,2,775
CUST05706,25, Female,93434,Salaried,1,771
CUST02783,31, Female,62744,salaried,5,641
CUST05966,45,F,INR 67496,salaried,1,558
CUST02095,29,m,,salaried,9,795
CUST01353,23, Female,,BUSINESS OWNER,2,637
CUST01211,22,Other,37687,Sal.,1,667
CUST05592,45,MALE,58207,Salaried,12,831
CUST01842,58,Female,50141,salaried,32,812
CUST04635,43,M,184121,Entrepreneur,19,668
CUST04291,51,Female,32576,Self employed,19,727
CUST01359,65,Male,1933,Unemployed,N/A,721
CUST02550,44,F,7139,Unemployed,0,755
CUST04082,36,f,6002,Jobless,0,557
CUST05552,46,Male ,9431,unemployed,0,635
CUST02051,61,Male,74625,Self-Employed,30,737
CUST04686,26,m,50674,salaried,5,695
CUST05811,59, ,85758,SE,25,646
CUST02027,42,m,86749.00,Self employed,13,686
CUST04006,0,Male ,105872, ,Unknown,636
CUST04533,58,f,115920,self-employed,26,655
CUST00834,63,female,39231,Free Lancer,15,795
CUST03257,49,Male ,87623,Self Employed,21,771
CUST00928,24,FEMALE,90904,salaried,2,850
CUST02080,42,f,135718,salaried,3,699
CUST03929,38, Female,,Full-Time,8,680
CUST00597,33,F,#N/A,Business owner,11,738
CUST04903,29,f,"$44,556",Salaried,8,643
CUST02552,52,Unknown,73339,Sal.,27,712
CUST00132,27,m,43546,Full-Time,3,772
CUST04971,51,Female,INR 88260,SALARIED,3,765
CUST00846,38,female,130340,salaried,18,736
CUST02022,64,male,35254,Sal.,13,731
CUST00812,27,MALE,295789,Entrepreneur,#N/A,813
CUST04334,50,Male,34688,Self Employed,17,789
CUST03791,45, Female,72803,Full-Time,19,772
CUST04564,46,F,111555,Sal.,10,678
CUST02896,55,m,96140,Full-Time,13,719
CUST00313,41,m,59641,Salaried,8,726
CUST02076,35, Female,75176,SE,9,704
CUST05372,64,Male,90404,Sal.,nan,705
CUST05756,46,FEMALE,68986,SALARIED,6,757
CUST04385,22,Male,129199,Salaried,1,708
CUST01190,56,f,28871,Self Employed,999,850
CUST05968,26,F,94150,SALARIED,3,807
CUST05166,60,M,22546,freelancer,27,850
CUST05508,54, Female,134818,Salaried,31,609
CUST05944,7, Female,97543,Sal.,2,666
CUST00146,52, Female,82717,Self-Employed,30,786
CUST02443,21,male,102171,salaried,1,658
CUST01354,55,F,144025,SALARIED,32,774
CUST02441,39,m,84183,Full-Time,2,850
CUST01204,34,F,47639,Full-Time,9,575
CUST04834,27,F,109076,Salaried,7,727
CUST03011,23, Female,N/A,Self-Employed,2,723
CUST00538,34,MALE,39931,Salaried,11,653
CUST03360,22,m,32862/-,salaried,1,624
CUST01790,64,,102268,SALARIED,9,823
CUST01292,-5,FEMALE,79236,Self-Employed,2,738
CUST01632,65,Male,18566,Gig Worker,35,850
CUST04481,25,Male,133344,Sal.,3,632
CUST04934,37,f,54046,Entrepreneur,8,596
CUST05955,49,male,270826,Business owner,11,840
CUST02652,33,FEMALE,167359,Biz Owner,6,850
CUST00511,26,m,94955,self-employed,5,Unknown
CUST01879,34,Male,71883,SE,4,760
CUST05273,57,FEMALE,56741,Full-Time,21,833
CUST03608,32,Female,120330,SALARIED,10,706
CUST04907,27,female,130596,SALARIED,N/A,731
CUST01886,43,M,41749,Self Employed,6,661
CUST01141,47,FEMALE,61497,Full-Time,12,680
CUST00913,41,nan,84190,N/A,6,652
CUST05055,45,m,77358.00,SE,6,561
CUST05852,54,F,48508,Free Lancer,6,747
CUST00307,40,f,1661,UNEMPLOYED,0,586
CUST05424,45, Female,28172,Gig Worker,14,803
CUST00931,56,MALE,73309,Business owner,7,683
CUST04633,61,Male ,85074,salaried,18,727
CUST03044,53,Female,99246,Salaried,9,735
CUST05411,56,female,140518,Full-Time,13,821
CUST04107,45,Male ,193546,Entrepreneur,25,831
CUST03530,N/A,Female,56794,salaried,28,781
CUST00763,42,FEMALE,135732,Unknown,22,850
CUST04452,40, Female,33613,Salaried,19,805
CUST05640,42,Male ,39916,Freelancer,3,730
CUST00567,200,m,35218,Sal.,9,716
CUST04736,34,m,253768,Business Owner,13,668
CUST04347,47,MALE,7370,Not Employed,0,751
CUST01219,29, Female,65627,SE,5,802
CUST04944,39,FEMALE,106807,#N/A,7,676
CUST04208,57,Female,40329,self-employed,11,823
CUST01504,47, Female,103184,SALARIED,14,687
CUST02321,200,MALE,135804,Sal.,33,739
CUST05184,56,MALE,105534,self-employed,9,725
CUST04357,40,male,105183,SALARIED,16,Unknown
CUST01018,41,F,81273,salaried,6,735
CUST04069,61,male,227152,BUSINESS OWNER,25,555
CUST03291,61,F,99999999,Self-Employed,16,798
CUST05625,200,female,63257,Self employed,-3,516
CUST00546,37,female,15131,Freelancer,8,758
CUST00120,39,Female,5016,UNEMPLOYED,0,779
CUST04579,58,Male,80786,SALARIED,28,850
CUST05760,30, Female,143065,SALARIED,7,734
CUST04516, ,FEMALE,82021.00,Self-Employed,15,744
CUST01034,54, Female,238414,Entrepreneur,21,844
CUST02963,37,NULL,111105,SE,9,657
CUST03065,40,f,217654,Business owner,13,787
CUST04038,58,MALE,113624,Entrepreneur,35,850
CUST01537, ,m,69320,Sal.,8,753
CUST03242,53,FEMALE,nan,Biz Owner,6,742
CUST02037,43,FEMALE,74521,SALARIED,21,678
CUST02150,29,male,58185,Biz Owner,3,1200
CUST05626,47,male,48209,Freelancer,N/A,685
CUST04133,33,Other,45900,Salaried,N/A,626
CUST01567,29,female,NULL,Full-Time,2,645
CUST03238,53,FEMALE,NULL,Gig Worker,27,815
CUST00306,24,m,"$102,498",SE,2,N/A
CUST04030,45,Female,nan,Full-Time,24,789
CUST03379,49,F,132426,salaried,4,553
CUST01008,21,MALE,195129,Biz Owner,1,804
CUST00649,62,M,202156,Biz Owner,16,746
CUST00326,32,male,69559,#N/A,#N/A,760
CUST05668,34,F,60183,Entrepreneur,4,900
CUST00630,59,Male,45233,Freelancer,3,671
CUST03302,25,male,17058,Free Lancer,3,810
CUST01152,36,M,107914,Sal.,5,720
CUST05432,55,FEMALE,120168,SALARIED,27,850
CUST01436,43,m,70549,Sal.,10,690
CUST01079,56,F,62410,Self-Employed,31,753
CUST01044,64,Male,53690,Full-Time,24,574
CUST05698,-5, Female,99999999,salaried,9,681
CUST02018,53,F,181602,Entrepreneur,19,690
CUST01509,48,nan,105577,Sal.,13,798
CUST00423,46,Male,37844,Salaried,23,763
CUST00176,32,f,43776,SALARIED,1,737
CUST00992,65,male,219018,Business owner,-3,645
CUST04797,42,Female,111352,salaried,21,709
CUST03648,27,Female,68649,Gig Worker,5,N/A
CUST04219,47,FEMALE,121624,salaried,6,639
CUST02084,30,female,54761,,1,696
CUST03762,57,female,75991,Salaried,32,545
CUST04870,43, Female,97495,SE,13,823
CUST01602,24,female,54717,Salaried,Unknown,733
CUST03963,37,f,134471,Salaried,13,765
CUST04339,23,MALE,76538,Freelancer,1,743
CUST03674,63,f,63707,Biz Owner,27,850
CUST03908,48,male,61055,Gig Worker,1,806
CUST00443,130,Non-Binary,79851,Free Lancer,4,648
CUST04557,54,female,87718,Salaried,Unknown,834
CUST02082,51,f,92066,Salaried,8,-50
CUST03820,31,FEMALE,22969,self-employed,2,702
CUST05758,36,f,221707,BUSINESS OWNER,7,
CUST00500,48,Male,-5000.00,salaried,NULL,721
CUST02122,23,Male,72559,SALARIED,3,597
CUST04670,36,FEMALE,88202,SE,16,679
CUST01739,31,F,108014,nan,4,800
CUST04945,50,FEMALE, ,FREELANCER,28,838
CUST00966,34,Female,62482,Full-Time,2,532
CUST00880,54,m,129542,Sal.,5,742
CUST02679,,Male,65097,Salaried,6,812
CUST02681,22,Male ,101784,self-employed,2,633
CUST05275,31,FEMALE,39882,Self employed,2,850
CUST05805,59,male,101549,Full-Time,12,Unknown
CUST01890,-5,FEMALE,Unknown,Self employed,4,705
CUST01654,61,f,123886,Business Owner,#N/A,668
CUST01374,45,FEMALE,122620,Salaried,10,629
CUST04859,47,,38051/-,salaried,24,599
CUST04449,29,Female,-5000,Full-Time,3,688
CUST01429,29, Female,124850,salaried,-3,788
CUST02520,60,f,51478,Sal.,1,649
CUST03713,36,MALE,97392,Salaried,7,519
CUST03390,21,female,269978,Biz Owner,1,680
CUST03596,49,#N/A,127426,salaried,8,629
CUST03829,23,Female,83813,Sal.,2,638
CUST05296,58,FEMALE,130608,SALARIED,18,683
CUST02467,46,FEMALE,49271,salaried,25,679
CUST01102,7,M,49186,salaried,8,767
CUST02283,65,m,37646,Full-Time,32,788
CUST00844,52,Male,271945,Business Owner,25,692
CUST00076,NULL, ,INR 175623,Business Owner,13,704
CUST00029,63,m,85526,Full-Time,22,nan
CUST04066,49,female,108502,salaried,19,622
CUST03363,37,male,141494,salaried,14,631
CUST01847,32,f,31772,Full-Time,9,596
CUST05477,65,female,78280,,21,708
CUST03846,37, ,146005,Sal.,13,783
CUST01915,26,male,37622,salaried,3,753
CUST01242,40, Female,98874,self-employed,12,673
CUST04227,44,FEMALE,"$99,999,999",Sal.,6,nan
CUST03293,26,F,25839,Free Lancer,1,553
CUST03680,61,female,122164,Sal.,30,706
CUST05869,29,female,85502,Business Owner,4,669
CUST05436,49,Male ,INR 239608,Business owner,23,803
CUST05476,28,NULL,63629,Business Owner,4,721
CUST01598,21,Female,75496,Free Lancer,1,638
CUST03386,23,f,22896,Self-Employed,1,757
CUST00257,N/A,male,61469,salaried,16,787
CUST03485,56,Male ,90671,Self-Employed,3,727
CUST00662,25,Female,7947,Unemployed,0,NULL
CUST04063,34,m,86513,Full-Time,6,850
CUST05339,44,M,102328,salaried,15,619
CUST00453,60,M,26036,Self-Employed,6,830
CUST02869,50,f,90772,SALARIED,7,845
CUST02455,65,male,84848,Self employed,17,#N/A
CUST04875,27,Male ,43472,Self Employed,5, 
CUST05604,61,f,nan,BUSINESS OWNER,2,731
CUST01985,50,FEMALE,35295,salaried,1,754
CUST00243,52,male,110563,self-employed,25,591
CUST04089,60,Male ,143907,SALARIED,13,731
CUST05831,40,Male ,-1,Unemployed,0,532
CUST05067,44,male,37693,SE,16,795
CUST02646,65,female,#N/A,Salaried,35,666
CUST05049,52,NULL,217841,Biz Owner,#N/A,641
CUST01669,27, Female,236024.00,Entrepreneur,4,632
CUST03015,21,Male,258489,Entrepreneur,1,805
CUST05574,200,Male,116186,Full-Time,3,701
CUST05013,48,Unknown,714,Unemployed,0,764
CUST02991,64,f,5744/-,Jobless,0,598
CUST03137,26,FEMALE,72936,FREELANCER,-3,712
CUST02318,39,Male ,47367,SALARIED,11,685
CUST04374,32,MALE,78132,Self-Employed,9,678
CUST04491,45,N/A,89103,salaried,17,677
CUST01431,47,Male,130441/-,Sal.,18,821
CUST02647,65,non-binary,110107,Salaried,32,810
CUST03667,36,FEMALE,5700,unemployed,,553
CUST04157,54,F,70503,self-employed,25,730
CUST04507,22,f,1055,Not Employed,0,613
CUST03339,39,Female,21572,Self Employed,16,677
CUST05859,46,NB,61960,Biz Owner,14,731
CUST00015,39,Male ,68762,SALARIED,18,730
CUST03786,41,Male,98994,Full-Time,13,716
CUST05828,42,MALE,43042,Sal.,17,704
CUST03436,61,FEMALE,73680,SALARIED,25,792
CUST05039,27,M,82652,Salaried,100,669
CUST01297,23,F,54275,,2,689
CUST02565,65,MALE,59186,Self-Employed,18,723
CUST01551,34,FEMALE,284760,Entrepreneur,12,724
CUST02378,57,Female,102705,Self Employed,4,804
CUST05923,59,female,2622,Not Employed,0,724
CUST01508,34,f,75445,salaried,12,809
CUST04549,32,female,44910,Salaried,7,653
CUST03346,29,m,84364,Self Employed,8, 
CUST03573,49,MALE,118541,SE,1,765
CUST01892,, Female,115086,Business Owner,999,682
CUST03810,39,MALE,105196,Salaried,6,690
CUST05945,63,f,57526,Full-Time,33,643
CUST03447,54,F,52049,FREELANCER,31,850
CUST03284,59, Female,23147,Self Employed,2,552
CUST00309,21,M,109742,SALARIED,1,682
CUST01659,34,f,115920,Sal.,6,574
CUST02745,46,male,"$36,320",Sal.,22,727
CUST05289,60,m,52141,FREELANCER,#N/A,534
CUST01902,25,female,115736,Salaried,3,625
CUST02836,50,F,113798,Sal.,8,nan
CUST01319,,MALE,38746,SALARIED,1,669
CUST03675,61,Male ,103431,Self Employed,7,682
CUST00369,38,m,139513,SALARIED, ,756
CUST05406,28, Female,70312,Gig Worker,8,534
CUST01767,30,Male ,117219,Sal.,2,567
CUST02677,24,MALE,119101,Self-Employed,4,826
CUST05577,31,male,69884,salaried,10,684
CUST04750,58,Female,26142,Self-Employed,29,753
CUST03600,41,Male,196408,NULL,8,850
CUST02280,58,male,115861,SALARIED,8,743
CUST01340,nan,male,119195,Full-Time,30,816
CUST05735,53,female,212735,Business Owner,33,664
CUST05332,59,Male ,NULL,salaried,1,671
CUST00671,30,M,67426,#N/A,1,619
CUST04586,58,m,47468,Full-Time,5,591
CUST00223,64,female,137187,SALARIED,34,807
CUST02560,36,NULL,141478,SALARIED,7,770
CUST05448,39,F,"$231,036",Business Owner,12,728
CUST03275,59,f,47793/-,Full-Time,20,999
CUST03086,30,FEMALE,74211.00,SALARIED,6,610
CUST00377,27,Male ,23241,Self-Employed,4,684
CUST00531,38,f,145834,Salaried,5,619
CUST05388,130,f,nan,Salaried,4,639
CUST01822,23,MALE,37366,nan,1,765
CUST05766,28, Female,INR 105255,Self-Employed, ,800
CUST00192,64,MALE,142336,SALARIED,18,649
CUST05109,61,M,70024,Freelancer,19,594
CUST00180,56,f,27539,Self employed,14,727
CUST01445,21,m,NULL,Sal.,NULL,752
CUST03871,#N/A,MALE,102135,,15,718
CUST02843,23,f,49254,Free Lancer,1,747
CUST03366,21,Male ,91677,Full-Time,1,709
CUST03213,45,Male,67566,nan,3,688
CUST04957,25,MALE,93639,Sal.,5,741
CUST04550,29,male,67135,Self employed,2,601
CUST03637,25,m,116426,salaried,2,732
CUST00460,49,Female,68785,Salaried,21,639
CUST00509,31,f,NULL,Business owner,4,662
CUST05711,63,MALE,137206,Sal.,18,751
CUST05553,130,female,66369,Sal.,5,641
CUST02984,31, Female,75351.00,BUSINESS OWNER,6,609
CUST05733,48,M,59750,Full-Time,5,773
CUST03541,24,FEMALE,8913,Not Employed,0,615
CUST03682,28,f,77758,Biz Owner,7,601
CUST02389,50,F,72575,Self-Employed,27,696
CUST01679,56,Male,NULL,SALARIED,,728
CUST02230,44,male,#N/A,Entrepreneur,4,815
CUST04439,55,m,41689,self-employed,12,N/A
CUST02264,21,m,90316,Sal.,1,587
CUST05800,42,F,66469,Gig Worker,20,738
CUST04867,50,f,126027,SALARIED,10,597
CUST00761,44,M,126420,salaried,8,724
CUST05879,52,Male,106499,#N/A,3,645
CUST05682,,MALE,65080,Business owner,3,783
CUST05447,33,Male,26632,Gig Worker,6,799
CUST05684,45,F,#N/A,N/A,21,763
CUST03557,47,M,103906,salaried,25,789
CUST03898,50, Female,36236,Self employed,29,765
CUST05263,29,Male ,45938,Salaried,4,
CUST00731,60,M,88823.00,Salaried,24,696
CUST04655,65,Male ,72918,Salaried,35,644
CUST04336,64,M,70511,Business Owner,3,720
CUST04835,64,MALE,71097,Salaried,17,747
CUST03738,47,female,N/A,Free Lancer,7,712
CUST03702,28, Female,-1,SE,4,672
CUST04178,57,Male,56515,Free Lancer,2,616
CUST02355,44,M,245902,Business Owner,4,674
CUST02956,43,Male,34774,Full-Time,19,725
CUST01612,53,Female,52451,Salaried,14,490
CUST05218,47,non-binary,91762,SALARIED,11,685
CUST01461,47,male,113468,SE,19,668
CUST01787,42, Female,42739,Free Lancer,1,554
CUST04952,43,FEMALE,142873,,18,678
CUST05566,58,Male ,107918,Self-Employed,32,762
CUST00045,35,male,86792,self-employed,4,850
CUST02103,44,F,36442,Sal.,24,797
CUST05189,55,m,235158,Business owner,2,643
CUST04893,38,nan,4330,Jobless,0,
CUST01616,52, Female,92723,Salaried,17,660
CUST00658,64,Male,118377,Salaried,16,601
CUST05656,35, Female,108228,salaried,8,786
CUST05504,41,F,108242,Full-Time,17,609
CUST00115,49,f,75329,Self-Employed,28,705
CUST00549,52,male,31456,N/A,30,661
CUST02505,21,Male,117032,salaried,1,623
CUST04709,36,M,"$121,233",SALARIED,10,709
CUST05136,40,Female,31245,SE,6,601
CUST05071,54,Female,114227,Salaried,24,665
CUST03567,39,Male,INR 73184,Self Employed,19,779
CUST05970,28,female,129870,Sal.,4,581
CUST00199,62,male,Unknown,salaried,16,NULL
CUST02733,21,F,50333,#N/A,1,677
CUST00294,23,male,37916,Sal.,3,850
CUST02425,N/A,m,282489,Business Owner,13,807
CUST00469,200,Female,105083,Salaried, ,N/A
CUST01158,45,m,19780,nan,13,Unknown
CUST02706,49,F,95228,Full-Time,23,848
CUST03673,35,Male,115363,Entrepreneur,9,624
CUST00924,25,M,184484,Business Owner,Unknown,814
CUST05395,60,MALE,88133,Self-Employed,13,705
CUST02279,200,Male,24177,SE,2,663
CUST00489,55,f,116151/-,Full-Time,3,693
CUST03144,42,female,92983,Entrepreneur,7,740
CUST01377,42, Female,145493,SALARIED,8,772
CUST02465,38,Female,42304,Sal.,NULL,698
CUST01206,57,Non-Binary,269421,Business owner,29,582
CUST01423,64,male,99245,BUSINESS OWNER,34,N/A
CUST02757,64,f,Unknown,Biz Owner,100,721
CUST02555,NULL,MALE,103079,Full-Time,6,697
CUST05483,22,Male ,53150,Self Employed,2,589
CUST02559,45,M,43562,,10,839
CUST05387,62, Female,57462,salaried,11,708
CUST04771,26,FEMALE,92633,SE,,775
CUST03365,34,Male,93493,Salaried,6,801
CUST02272,21,female,67968,salaried,1,496
CUST05458,29,F,65802,Self employed,5,
CUST04350,55,M,284811,Entrepreneur,6,640
CUST02365,24,Female,139575,Full-Time,3,625
CUST00618,34,M,124810,Full-Time,8,725
CUST04344,38,Male ,68856,Self employed,1,654
CUST03535,61,F,33170,salaried,24,721
CUST01236,41,FEMALE,5119,Unemployed,0,644
CUST00967,57,FEMALE,47901,freelancer,11,763
CUST05199,43, Female, ,Self employed,20,796
CUST04584,25,M,94052,Full-Time,2,534
CUST00676,23,Male ,110400,Salaried,,657
CUST02329,46,male,23038,SE,2,715
CUST05255,51,f,278216,Entrepreneur,13,603
CUST05590,38,male,127489,NULL,nan,709
CUST03781,34,m,NULL,Sal.,8,616
CUST05823,56, Female,37858,Self-Employed,2,N/A
CUST00345,26,female,84280,SALARIED,5,655
CUST02918,56,male,24318/-,Self Employed,18,684
CUST03522,54,m,114036,Unknown,34,699
CUST03704,26,male,-1,Unemployed,0,661
CUST01435,23,Non-Binary,64884,Sal.,2,714
CUST01687,Unknown,nan,#N/A,Full-Time,2,585
CUST05449,49,F,89108,self-employed,100,693
CUST05454,55, Female,51115,SE,32,900
CUST04212,51,FEMALE,77744,Self Employed,9,737
CUST03020,31,Male,,salaried,1,739
CUST03354,36,MALE,249057,Business owner,9,733
CUST05036,42,f,55258,Freelancer,11,721
CUST00010,49, Female,40494,freelancer,28,749
CUST01264,42,m,96633,Full-Time,5,630
CUST02558,48,MALE,62758/-,Unknown,15,648
CUST03164,25,m,78160,Entrepreneur,2,666
CUST04422,38,female,88039,self-employed,NULL,601
CUST03229,22,Unknown,40162,SE,2,753
CUST02821,61,NB,260366/-,Business owner,29,827
CUST04925,38,F,24868,Freelancer,14,668
CUST02281,22,MALE,110725,Full-Time,2,706
CUST00064,33,m,-5000,Self-Employed,3,786
CUST04410,47, Female,Unknown,Full-Time,27,743
CUST01809,58,m,64558,Biz Owner,,850
CUST05807,32,f,50217,Full-Time,10,783
CUST00805,45,f,"$107,971",Self Employed,10,754
CUST04668,60,FEMALE,63759,Full-Time,#N/A,771
CUST00454,60,Male ,98232,self-employed,23,787
CUST02690,26,FEMALE,118213/-,Sal.,1,666
CUST02728,41,Non-Binary,36763,Sal.,4,655
CUST03419,23,,41927, ,2,1200
CUST01345,60,female,5518,unemployed,0,591
CUST04020,54,m,97566,Full-Time,22,612
CUST02661,26,FEMALE,37793,Sal.,-3,714
CUST00346,23,Female,5678,Not Employed,0,830
CUST05509,-5,FEMALE, ,Sal.,12,678
CUST00755,38,FEMALE,4871,unemployed,-3,674
CUST02811,51,Male ,57466/-,freelancer,N/A,816
CUST01919,61,f,45979,salaried,9,#N/A
CUST05897,64,Male ,,Self Employed,34,761
CUST01718,57,#N/A,60178,Self employed,18,731
CUST00579,60,F,140241.00,Sal.,Unknown,800
CUST00976,51,Male,36609/-,Salaried,17,678
CUST03909,27,f,66531,Business Owner,4,640
CUST04895,58,m,56200,Gig Worker,15,648
CUST02039,,MALE,130983,SALARIED,7,661
CUST00438,65,MALE,17923,Gig Worker,35,634
CUST03445,200,M,132678,SALARIED,11,713
CUST04080,36,F,"$9,283",Jobless,0,640
CUST01888,62,MALE,245691,Biz Owner,20,669
CUST01299,35,Male,103474,Salaried,4,631
CUST00094,N/A,Male,44818,salaried,8,756
CUST00178,55,male,20736,Free Lancer,7,850
CUST04667,63,male,217128,Biz Owner,15,774
CUST03038,46,Female,82146,SALARIED,24,735
CUST00237,41, Female,55264,self-employed,12,636
CUST03647,37,FEMALE,34792,Self Employed,15,678
CUST03560,22,FEMALE,77420,SE,2,629
CUST01577,45,Male,138910,SALARIED,15,740
CUST01933,65,M,84837.00,Full-Time,10,831
CUST05222,55,Male ,Unknown,Salaried,14,683
CUST04399,130,MALE,3810.00,UNEMPLOYED,0,644
CUST05377,52, Female,98978,SALARIED,23,737
CUST00910,65,f, , ,28,685
CUST04544,43,F,139111,SALARIED,21,1200
CUST02780,40,F,146307,Salaried,nan,837
CUST05979,58,Male,70641,Self-Employed,27,746
CUST03513,24,m,69872,self-employed,3,563
CUST04753,52,FEMALE,84140,salaried,27,850
CUST05195,45,M,36482,Sal.,16,721
CUST00077,32,MALE,293015.00,Business owner,7,653
CUST01169,N/A,Male,116727,Salaried,1,583
CUST05172,43,Male,86543,Sal.,5,720
CUST01062,22,male,134213,Full-Time,nan,682
CUST03794,59,f,33971,SALARIED,33,711
CUST02541,63,female,126431,salaried,16,792
CUST00726,43,Unknown,59482.00,Biz Owner,14,795
CUST01750,21,Female,INR 29535,Self Employed,1,599
CUST02248,63,MALE,81333,,27,
CUST05481,52,M,nan,Business Owner,6,739
CUST05312,38,Female,25443,Self Employed,10,714
CUST05300,42,M,104934,Self Employed,100,771
CUST05556,31,female,79570,SE,3,697
CUST04364,44,FEMALE,82579.00,salaried,12,723
CUST04515,42,FEMALE,60094/-,Gig Worker,6,545
CUST03735,56,male,99999999,SALARIED,9,583
CUST00090,49,FEMALE,44063,Full-Time,10,592
CUST03324,200,f,86520,Salaried,8,742
CUST04872,53,male,115833,Sal.,N/A,731
CUST03382,42,M,40106,SE,17,850
CUST03712,55,M,59659/-,Biz Owner,25,810
CUST05912,23,Other,41118,salaried,1,501
CUST00647,51,Female,28742,nan,8,753
CUST01844,52,m,41190,Self Employed,3,729
CUST03882,130,male,99999999,#N/A,20,682
CUST03803,54,M,90187,Self Employed,1,759
CUST04051,35,male,134240,SALARIED,4,850
CUST00203,53,Male ,59112,Salaried,10,710
CUST01609,31,female,86964,SE, ,999
CUST05117,39,NULL,56766,SALARIED,11,654
CUST03720,35,MALE,39161,NULL,9,731
CUST03610,48,female,280246,Business Owner,22,850
CUST03074,Unknown,Female,134409,Full-Time,1,665
CUST05164,29,male,98530,Salaried, ,638
CUST01587,61,FEMALE,157953.00,Business owner,26,850
CUST01896,55,f,INR 47218,Self Employed,15,764
CUST04483,47,F,118495,BUSINESS OWNER,#N/A,850
CUST02709,53,Male ,94948,Sal.,18,850
CUST00868,29, Female,98758,Full-Time,Unknown,612
CUST01650,45,f,,nan,19,589
CUST05750,40,Female,47485,SE,15,850
CUST03154,63,M,71090,Self Employed,9,750
CUST01049,59,MALE,75457,salaried,10,772
CUST04636,22,M,148259,Salaried,1,646
CUST05654,30,Other,35774,Self employed,7,701
CUST04742,33,m,111678,salaried,3,546
CUST03886,25,FEMALE,71830,Freelancer,1,609
CUST04918,23,MALE,275634.00,Biz Owner,2,801
CUST03374,25,f,#N/A,salaried,2,598
CUST05197,38,N/A,"$45,824",Self Employed,6,780
CUST04282,40,f,9835, ,0,1200
CUST02250,65,male,43793,Self Employed,N/A,610
CUST02574,34,MALE,79664,Entrepreneur,5,731
CUST00655,47,MALE,94960,self-employed,15,850
CUST01559,0,Male,116305,salaried,21,674
CUST04679,50,FEMALE,70730,salaried,22,743
CUST02691,40,f,251334,Business Owner,3,#N/A
CUST05348,26,MALE,65028,Self Employed,3,631
CUST04856,49,male,75581,Salaried,5,844
CUST01470,64,Female,"$141,105",Salaried,Unknown,823
CUST05651,53,male,128110.00,Salaried,1,849
CUST02390,37,Female,-5000,Sal.,4,850
CUST01030,26,Female,57388,Unknown,Unknown,672
CUST00611,24,Female,41869,Salaried,2, 
CUST04660,62,Male ,165805,BUSINESS OWNER, ,752
CUST00331,-5,Male,121071,Full-Time,8,591
CUST01490,26,Female,101824,SALARIED,5,781
CUST04225,23,Male ,32793,Full-Time,2,nan
CUST04175,32,M,48975,Freelancer,9,756
CUST05427,23,M,100711,Full-Time,1,747
CUST02800,28,Female,76328,Salaried,7,685
CUST04684,33,Male,133734,Full-Time,12,668
CUST02032,63,FEMALE,149518,SALARIED,22,850
CUST04500,50,female,126074,Salaried,9,-50
CUST04596,37,f,INR 119611,Business Owner,15,748
CUST04626,29,Male,nan,Sal.,8,734
CUST01976,27,male,"$68,873",Unknown,1,560
CUST02802,48,F,92637,Biz Owner,21,826
CUST01075,26,M,66294,BUSINESS OWNER,2,751
CUST02370,30, Female,NULL,self-employed,5,
CUST04265,43,Male,149261,Sal.,17,786
CUST05880,54,Male ,114306,salaried,20,763
CUST02605,22,Unknown, ,Self employed,2,725
CUST02928,65,MALE,54926,Sal.,28,826
CUST04340,32, Female,#N/A,Freelancer,12,621
CUST00408,130,Unknown,77889,Self Employed,14,783
CUST02430,34,M,65602/-,Self-Employed,3,#N/A
CUST00436,34,f,141699/-,salaried,4,794
CUST01412,44,FEMALE,6449,Jobless,0, 
CUST03926,37,#N/A,72618/-,Sal.,10,805
CUST05319,21,Male ,138272,Salaried,N/A,735
CUST03383,30,M,75837,Freelancer,6,648
CUST03669,42,FEMALE,125087,Sal.,12,613
CUST01239,61, Female,29489,Self employed,2,850
CUST00148,48,FEMALE,71281,Self Employed,11,0
CUST02877,41,male,165506,BUSINESS OWNER,13,670
CUST04536,50,Male ,93901,self-employed,27,840
CUST05187,47,M,75406,Self employed,2,784
CUST01562,51,Male,91991,Salaried,15,761
CUST04761,56,nan,121294,#N/A,30,850
CUST02938,N/A,Female,114760,BUSINESS OWNER,27,761
CUST02755,39,male,262029,Biz Owner,6,708
CUST05993,50,F,20633,Gig Worker,10,701
CUST05599,32, Female,128340,Salaried,Unknown,656
CUST04478,44,M,"$56,255",Sal.,1,542
CUST03185,43,M,130915,Salaried,4,785
CUST01702,32, Female,48032,Sal.,3,544
CUST00956,62,Male ,252286,BUSINESS OWNER,16,622
CUST03877,21,FEMALE,118818,Salaried,1,718
CUST04615,21,male,215609,Business Owner,1,636
CUST04190,N/A,male,34531,Self-Employed,8,696
CUST03554,44,F,49220,Free Lancer,12,724
CUST00890,34, Female,77219,Sal.,999,769
CUST04463,31,female,97954,SALARIED,4,850
CUST03297,65, Female,130785,SALARIED,28,nan
CUST04160,56, Female,93933,Salaried,,nan
CUST04861,24,male,1613,Not Employed,0,826
CUST00398,46,male,72371,Salaried,5,771
CUST02937,65,MALE,93206,salaried,3,662
CUST00040,34, ,7557,UNEMPLOYED,100,726
CUST02588,33,F,77790/-,Freelancer,nan,566
CUST05810,,m,76404,freelancer,30,810
CUST02587,29,F,43386,SALARIED,1,757
CUST00648,52,f,54409,freelancer,18,692
CUST03417,37,MALE,107222,Self employed,6,765
CUST02423,22,M,47445,freelancer,100,641
CUST01522,61,m,74937,Salaried,24,1200
CUST00363,56,Male,42096,SALARIED,17,682
CUST04147,40,m,118175,Salaried,4,662
CUST02528,48, Female,INR 7998,Unemployed,0,652
CUST00107,60,MALE,99999999,Not Employed,0,800
CUST04228,57, Female,132924/-,Salaried,8,639
CUST00569,42,FEMALE,134823,SALARIED,20,850
CUST03192,60,m,119320,Business owner,32,628
CUST03030,65,male,57149,Full-Time,6,720
CUST05650,32,Male,30676,Sal.,N/A,609
CUST01803,46,F,$-1,Jobless,0,571
CUST00155,40,male,55072,Self Employed,18,NULL
CUST05362,43,m,54314,freelancer,8,798
CUST02643,N/A, Female,97710,Sal.,20,737
CUST02017,26,FEMALE,59799,Free Lancer,1,730
CUST01089,27,F,218764,Business Owner,7,797
CUST02850, ,m,116605,#N/A,29,817
CUST01579,55,male,120683,SALARIED,12,755
CUST05621,56,FEMALE,47293,Salaried,10,817
CUST03009,55,F,82319,salaried,N/A,728
CUST00131,38,m,211855,Business owner,10,709
CUST04749,51,M,241389,BUSINESS OWNER,16,808
CUST04125,49,male,117432,Biz Owner,10,759
CUST00371,63,Female,67666,salaried,26,735
CUST05437,28,Female,131609,Salaried,3,724
CUST02794,NULL,Male,-1,FREELANCER,32,533
CUST05579,43,M,97591,Full-Time,4,699
CUST00121,59,m,42281,Self Employed,23,
CUST05420,21,Male ,110832,SALARIED,1,559
CUST00855,34,Male,65023,Business owner,13,788
CUST00196,54,MALE,109692,salaried,14,728
CUST04495,41,Female,5368,Not Employed,0,647
CUST02255,61,female,295602,Business Owner,15,808
CUST03575,62,nan,148686,salaried,16,-50
CUST05317,43,FEMALE,215098,Biz Owner,20,806
CUST01608,55,male,47561,Gig Worker,27,754
CUST04775,44,m,33631,salaried,24,NULL
CUST05745,43, Female,74656,Sal.,15,693
CUST01120,63,Female,112100,Sal.,28,677
CUST05047,29,f,"$19,100",freelancer,4,635
CUST00848,65,male,53499.00,SE,3,621
CUST00487,45,m,9609,Jobless,0,780
CUST04018,42,F,119433,Salaried,9,832
CUST03021,200,F,58985,SALARIED,1,727
CUST00447,57,f,99262/-,Self Employed,#N/A,772
CUST02994,56,M,275771,Biz Owner,11,639
CUST01247,50,Male ,75863,freelancer,10,698
CUST01656,35,female,125321/-,Sal.,2,785
CUST02786,46,MALE,#N/A,Full-Time,17,644
CUST04154,53,m,29423,Self-Employed,16,772
CUST01686,36,MALE,59487,Salaried,11,748
CUST03387,64,Female, ,SE,11,745
CUST00911,45,f,139043,Full-Time,22,777
CUST03906,43,non-binary,37373/-,Full-Time,13,707
CUST00847,23,Female,136211,salaried,2,850
CUST03235,34,nan,62846,Freelancer,5,682
CUST04044,57,F,86930,Biz Owner,9,648
CUST03401,35,M,121347,nan,13,785
CUST05627,65,m,114782,self-employed,21,847
CUST04825,58,Male ,71151,Salaried,21,754
CUST03389,52,M,86120,Self employed,28,850
CUST05480,28,FEMALE,36471,Sal.,8,718
CUST02953,36,m,272950,Business owner,3,806
CUST02903,63,F,48886,salaried,18,850
CUST01012,28,FEMALE,109494,SALARIED, ,nan
CUST04751,58,F,6818,UNEMPLOYED, ,812
CUST00495,33,FEMALE,188346,BUSINESS OWNER,10,780
CUST02025,33,Female,148300,Salaried,2,641
CUST01081,26,f,147754,salaried,5,731
CUST00991,36, Female,63466,SE,1,715
CUST04943,47,female,47612,Full-Time,25,778
CUST05607,52,m,79650,SALARIED,15,790
CUST00530,26, Female,44282,Salaried,6,687
CUST01015,37,Male ,126117,Business Owner,13,668
CUST03481,27,male,44649,Self-Employed,5,782
CUST04233,25,Male ,123377,Salaried,3,#N/A
CUST04446,36,male,INR 30210,Self Employed,6,539
CUST01783,34,female,95035,Self-Employed,9,650
CUST00952,28, Female,INR 104592,Salaried,8,734
CUST05870,28,F,46283,Salaried,-3,761
CUST04279,65,#N/A,135551,Sal.,NULL,850
CUST02616,26,Male ,66134,SE,6,616
CUST02957,42,Female,57546,salaried,Unknown,658
CUST04864,65,F,111727,Self Employed,14,541
CUST05108,38,m,105133,nan,14,815
CUST04407,62,m,116050,Full-Time,NULL,798
CUST03357,34,MALE,56910,SE,10,807
CUST03876,34,M,NULL,Jobless,0,765
CUST04335,40,female,78976,Self-Employed,20,821
CUST04573,25,FEMALE,50630,SALARIED,5,651
CUST05245,48, Female,77886,SE,10,820
CUST03823,22, Female,-5000,SALARIED,1,692
CUST05853,44,f,70095,Salaried,2,690
CUST04560,49,MALE,74373,SALARIED,21,733
CUST05177,60,FEMALE,90458,Salaried,12,723
CUST05719,64,Male ,132464,Business owner,14,780
CUST05416,40,M,72261,Self-Employed,10,573
CUST00478,24,male,76206,Salaried,1,602
CUST05495,38,F,43075,Salaried,4,584
CUST03010,34,,179312,Biz Owner,5,669
CUST02514,Unknown,Male ,123259,Full-Time,5,739
CUST00477,48,FEMALE,33571,freelancer,#N/A,617
CUST04748,34,m,36301,Self Employed,7,633
CUST02102,26,m,111697,Salaried,4,584
CUST02983,35, Female,78178,FREELANCER,9,676
CUST01613,32,F,8542,Jobless,0,692
CUST02254,30,FEMALE,70864/-,Sal.,6,824
CUST00293,41,m,146771,SALARIED,2,638
CUST02252,31,m,N/A,Business owner,,411
CUST02537,56,F,INR 59564,Full-Time,9,779
CUST01981,36,Male ,42819,FREELANCER,6,598
CUST04523,58, Female,75398,Free Lancer,34,774
CUST01105,65,female,64535,Self Employed,11,559
CUST00818,53, Female,122853,Full-Time,30,nan
CUST03617,45,female,103040,Sal.,4,587
CUST01310,51,Male ,78551,Sal.,21,673
CUST01521,54,Male ,116643,Sal.,2,660
CUST00036,53,f,133988,SALARIED,8,745
CUST02313,43, Female,112874,self-employed,18,785
CUST02845,28,M,114285,Self-Employed,8,850
CUST01617,32, Female,287648,Entrepreneur,12,NULL
CUST01301,,MALE,42387,freelancer,21,Unknown
CUST01498,56,male,,SALARIED,nan,497
CUST01856,43,Male ,89938,salaried,11,671
CUST03095,24,F,137686/-,Sal.,4,747
CUST02657,51,MALE,48339,Sal.,26,850
CUST00685,58,FEMALE,112584,Business Owner,10,850
CUST00108,64,F,75228,SALARIED, ,1200
CUST03751,33,FEMALE,130402,SALARIED,NULL,719
CUST03418,48,Male,INR 136546,Unknown,4,663
CUST00130,33,MALE,65286,Full-Time,8,585
CUST05725,49,M,137343,Full-Time,4,558
CUST02307,53,M,146238,Salaried,9,850
CUST04512,35,Male ,215743,BUSINESS OWNER,13,737
CUST05163,32,FEMALE,97979, ,6,614
CUST03475,59,F,94109,Self employed,1,675
CUST01112,23,male,"$44,241",Sal.,2,618
CUST02224,22,f,78406,SE,100,792
CUST03536,24,m,156760,Business Owner,4,650
CUST05744,40,FEMALE,125171,Salaried,18,758
CUST03070,37, Female,72890,freelancer,13,759
CUST05113,48,Female,73984,Salaried,18,577
CUST00954,63,m,115811,salaried,12,737
CUST03919,56,f,50859,Salaried,17,832
CUST04654,36,M,94040,self-employed,13,756
CUST00682,23,Male ,35051,salaried,3,726
CUST03113,30, Female,245982,Business owner,2,834
CUST02721,35,male,110519,SE,13,611
CUST01245,56,MALE,86531,SALARIED,N/A,#N/A
CUST04604,26,F,nan,Self Employed,Unknown,NULL
CUST04257,32,F,86559,Sal.,10,844
CUST03190,29,Female,99999999,Business Owner,5,635
CUST00249,48,f,#N/A,Full-Time,22,827
CUST02045,55,M,116801,Self-Employed,24,711
CUST04863,65,female,135337,salaried,nan,850
CUST05962,7,MALE,66999/-,Self employed,15,756
CUST05430,28,m,95754,SALARIED,NULL,661
CUST00288,33, Female,181867,Business owner,NULL,739
CUST03847,60,Male ,85571,N/A,14,712
CUST04688,33,Female,115765,SALARIED,11,706
CUST01344,51,M,129021,SALARIED,8,605
CUST02736,34,,271600,BUSINESS OWNER,3,564
CUST00700,64,m,77227,,1,526
CUST01618,,Male,44871,Free Lancer,5,604
CUST02894,60, ,124382,SALARIED,25,615
CUST05128,28,Male ,75468,Self-Employed,4,850
CUST04802,47,Male,99999999,BUSINESS OWNER,25,736
CUST02459,31,F,21262,Freelancer,1,508
CUST00857,52,male,137501,Full-Time,17,800
CUST01713,28,Non binary,52498,#N/A,1,761
CUST04629,50,MALE,49261,FREELANCER,17,841
CUST04468,54,FEMALE,120925,Salaried, ,708
CUST05517,#N/A,f,101635,Sal.,10,608
CUST01113,43,male,79842,Salaried,22,850
CUST05909,54, Female,83121/-,Full-Time,12,850
CUST00840,42,Non-Binary,110393,Full-Time,22,644
CUST01601,59,female,84353,SALARIED,12,672
CUST04638,42,female,87643,Self employed,1,752
CUST02155,130,m,73835,Self Employed,2,669
CUST04756,35,Male,86055,SE,3,784
CUST04076,45,FEMALE,194467,Entrepreneur,N/A,582
CUST05179,60,male,59253,Freelancer,19,748
CUST00265,47,F,"$55,252",SALARIED,4,1200
CUST00051,29,f,104937,SE,8,999
CUST04518,26,Male ,42254,Freelancer,1,687
CUST05035,NULL,FEMALE,46014,SE,5,684
CUST02473,59,FEMALE,9596,unemployed,0,657
CUST05647,30,m,129951,Biz Owner,6,733
CUST01689,,f,35447,Self Employed, ,829
CUST00832,58,Male ,128506,Entrepreneur,,850
CUST04392,28,FEMALE,36794,Self employed,5,796
CUST03305,48, Female,33119,Full-Time,28,747
CUST01635,53,Female,86602,self-employed,32,819
CUST02682,49,Male ,108528.00,Full-Time,5,nan
CUST02379,51,m,35187,#N/A,15,617
CUST03344,46,m,80075,SALARIED,24,664
CUST02008,58,female,107498,salaried,19,676
CUST00263,49,female,,self-employed,4,756
CUST00437,56,male,INR 56083,self-employed,31,754
CUST00917,23,female,101970,Full-Time,#N/A,786
CUST03115,59,Female,66182,Sal.,13,750
CUST04637,51,F,82612,salaried,9,753
CUST03442,25,F,76977,freelancer,2,726
CUST01774,43,female,31131,Sal.,16,850
CUST02169,44,M,109790,salaried,18,601
CUST03723,53, Female,60097,FREELANCER,25,551
CUST00470,45,Male ,NULL,Self Employed,N/A,669
CUST01700,43,Male ,69538,Free Lancer,11,807
CUST02667,34,M,3937,Not Employed,0,551
CUST01098,54, Female,93103,Salaried,#N/A,nan
CUST03250,38, Female,INR 144946,SALARIED,7,623
CUST05151,37,m,75044,Gig Worker,3,#N/A
CUST00780,63,MALE,41044,Salaried,999,850
CUST02107,46,f,125879,nan,10,794
CUST01849,36,Female,84840,Sal.,11,684
CUST03191,23,m,230578,Entrepreneur,3,571
CUST04230,44,Female,30762,SALARIED,19,795
CUST04665,53,male,20128,Gig Worker,4,591
CUST01404,Unknown,F,269195,Business owner,1,702
CUST04553,22,male,72233,Gig Worker,1,684
CUST05795,65,F,121329,NULL,32,726
CUST02338,0,male,78347,SE,7,719
CUST02138,41,m,103571,Business owner,12,718
CUST00403,Unknown,Male ,117693,Salaried,17,850
CUST01365,57,Male, ,Gig Worker,10,Unknown
CUST03207,40,M,97984,Self employed,11,682
CUST01212,59,nan,170542,BUSINESS OWNER,11,747
CUST04470,48,,200630,Business owner,21,747
CUST04108,62,M,125658,Salaried,24,542
CUST02680,40,MALE,297119,BUSINESS OWNER,9,740
CUST03775,24,Female,110921,salaried,NULL,699
CUST00622,59,MALE,61121,Salaried,20,558
CUST05216,62,F,111440,Self-Employed,32,832
CUST01801,33,f,128251,salaried,9,753
CUST04768,38,FEMALE,129851,Sal.,9,761
CUST04207,53,female,247282,BUSINESS OWNER,10,668
CUST00895,37,Male ,101773,Self employed,7,697
CUST03795,200,Male,266354,BUSINESS OWNER,21,849
CUST01352,55,male,73427,Self employed,1,617
CUST04134,25,Male ,INR 49625,Full-Time,5,704
CUST03835,,female,71039,BUSINESS OWNER,#N/A,768
CUST05738,28,Female,62055,Salaried,8,697
CUST04694,38, Female,50063,Full-Time,16,707
CUST02659,37,Male ,6097,#N/A,0,765
CUST00289,31,male,60790,Gig Worker,2,720
CUST03234,24,MALE,122162,Full-Time,2,813
CUST04314,56,Male ,114964,SE,5,636
CUST05189,55,m,235158,Business owner,2,643
CUST02720,27,NULL,43967,Salaried,5,564
CUST02715,25,m,17580,Gig Worker,4,586
CUST03002,32,m,84618,Salaried,9,805
CUST00113,41,Male,58269,Self-Employed,11,649
CUST05613,29,F,69368,self-employed,8,659
CUST02675,47,female,86535,SALARIED,4,636
CUST00828,59,Male ,84431,Salaried,1,720
CUST01549,43,male,96250,SALARIED,13,733
CUST02203,42,F,133708,Sal.,1,819
CUST03516,43,female,18006,Free Lancer,8,765
CUST05612,21,,83351,Full-Time,1,N/A
CUST05761,N/A,FEMALE,60333,Salaried,17,790
CUST04016,35,f,54593,Self employed,6,691
CUST00547,22,Female,"$54,401",Sal.,2,
CUST03543,44,F,86755,self-employed,100,695
CUST04989,62,MALE,234367,Biz Owner,5,723
CUST03369,49,M,104982,Salaried,5,546
CUST01798,64,NB,23692,self-employed,8,781
CUST05173,33,MALE,71299,Gig Worker,5,630
CUST00774,33,m,nan,salaried,7,850
CUST03062,22,M,84707,self-employed,2,529
CUST00023,nan,Male ,-1,Not Employed,0,567
CUST03749,22,FEMALE,138795,Full-Time,1,712
CUST03502,43,F,78447,Salaried,4,713
CUST04238,60,Male,32848,Self employed,13,833
CUST03035,35,F,53082,Business Owner,8,797
CUST04004,36,Non-Binary,27757,Self Employed,6,512
CUST00970,47, Female,63333,self-employed,6,689
CUST00572,23,M,61859,Free Lancer,3,822
CUST01279,32,f,33729,Full-Time,4,796
CUST05129,-5,MALE,23683,Self-Employed,6,659
CUST04214,59, Female,N/A,nan,20,730
CUST02134,34,FEMALE,115904,Sal.,12,Unknown
CUST05306,21,F,2729,Jobless,0,761
CUST04131,44,M,76482,Salaried,NULL,741
CUST04388,49,female, ,SALARIED,9,681
CUST03125,61,Male ,68916,self-employed,20,578
CUST01645,63,Female,278915,Business Owner,3,743
CUST01010,55,f,81528,Business owner,2,781
CUST04594,51,female,111659,Self-Employed,19,682
CUST01793,27,f,32803,salaried,4,685
CUST04503,21,M,114654,self-employed,1,704
CUST01320,0,#N/A,65244,salaried,8,770
CUST01492,51,male,104167,Sal.,10,694
CUST01408,55,Male ,96871.00,salaried,14,749
CUST04224,N/A,female,108674,Full-Time,16,732
CUST02532,65,m,56219,Salaried,Unknown,798
CUST02422,52,M,57006,Self-Employed,15,607
CUST00613,39,Male ,110413,Self-Employed,11,834
CUST02127,34,Unknown,31566,Self Employed,4,NULL
CUST04899,7,NB,85847,Full-Time,9,698
CUST00713,53,m,8617,Unemployed,0,
CUST01505,nan,male,6193,Unemployed,0,613
CUST00173,60,Female,,SE,5,522
CUST02939,49, Female,3201,Unemployed,0,797
CUST02479,44,Female,68341,Salaried,21,768
CUST00596,60,F,60904,Gig Worker,15,789
CUST00224,27,Male,241938,Entrepreneur,6,748
CUST00545,37,Female,45556,freelancer,13,756
CUST03049,59,F,257250,Business Owner,31,760
CUST02544,38,f,"$90,706",SE,18,674
CUST05185,36,female,41272,salaried,16,850
CUST03028,58,FEMALE,"$197,320",Biz Owner,17,648
CUST02830,59, Female,79448,Free Lancer,8,700
CUST05052,40, Female,98026,self-employed,4,756
CUST05665,30,Male,8395,UNEMPLOYED,0,612
CUST02121,22,Female,-1,SALARIED,2,1200
CUST03266,43,FEMALE,41175, ,22,682
CUST00706,35, Female,72289,Sal.,4,900
CUST03094,53,Female,nan,self-employed,26,850
CUST02954,52,M,,Business owner,#N/A,529
CUST03662,21,M,115209,salaried,1,733
CUST04497,29,male,56088,Salaried,3,488
CUST04203,27,Female,49921/-,Freelancer,2,683
CUST03271,52,m,239316,Biz Owner,3,770
CUST03415,62,FEMALE,35489,Salaried,16,773
CUST02416,23,MALE,28897,Free Lancer,3,757
CUST02804,23,m,250588,Biz Owner,2,768
CUST02021,7,MALE,95477,SALARIED,nan,676
CUST04240,35,Male ,N/A,SALARIED,5,586
CUST01763,56,female,71950,Full-Time,30,733
CUST02420,32,female, ,salaried,7,706
CUST03236,54,Male,NULL,Self Employed,19,813
CUST05703,60,Male ,104378,Business Owner,25,781
CUST03371,30,FEMALE,N/A,Unemployed,0,628
CUST02345,47, ,106059,Self-Employed,18,729
CUST03206,60,MALE,146591,SALARIED,23,707
CUST01056,57,M,153090,Business Owner,23,700
CUST05453,56,F,63475,Gig Worker,5,687
CUST05020,46,FEMALE,291460,BUSINESS OWNER,25,712
CUST04444,47, Female,31116,Full-Time,14,675
CUST02359,41,f,113473,Self-Employed,#N/A,746
CUST02372,46,f,60823,Self-Employed,7,716
CUST00134,29,MALE,40122,freelancer,6,-50
CUST00707,64,M,8185,unemployed,0,815
CUST01400,33, Female,20134,,2,542
CUST04019,29,m,60605,Freelancer,6,770
CUST03514,37,Non-Binary,144542,salaried,NULL,715
CUST04873,22,Male ,298790,Entrepreneur,2,781
CUST03993,44,female,116869,SE,18,833
CUST00551,28,f,52236,freelancer,8,677
CUST05697,32, Female,27433,FREELANCER,8,671
CUST04262,200,male,93239,Sal.,26,850
CUST05354,60,,5321,unemployed,-3,636
CUST01520,21,Male,42025,freelancer,1,684
CUST04093,29,female,49167,Gig Worker,2,0
CUST03861,54,Female,111218,salaried,14,627
CUST02519,N/A,m,39050,Sal.,22,652
CUST01087,21,MALE,-1,Salaried,1,566
CUST00625,63,f,NULL,Freelancer,15,647
CUST00510,#N/A,Male ,109251,SALARIED,14,821
CUST03964,22,female,55407,Full-Time,1,696
CUST05982,35,f,42492,Gig Worker,12,681
CUST01156,47,MALE,7738,Unemployed,0,636
CUST04591,54, Female,68508,Salaried,32,704
CUST03862,42,Unknown,74406,Gig Worker,4,645
CUST04058,31,M,138019,Full-Time,4,664
CUST02650,42,m,110445,Sal.,N/A,751
CUST05210,46,Male ,75229,SALARIED,15,481
CUST00298,30, ,39404,Self Employed,7,682
CUST01788,65,female,#N/A,BUSINESS OWNER,11,696
CUST00601,-5,FEMALE,118035,self-employed,25,676
CUST00405,46,MALE,84209,Salaried,24,733
CUST05876,46,F,-5000,Self-Employed,14,850
CUST00041,nan,MALE,54403,Salaried,11,NULL
CUST00929,43,male,23693,Self Employed,10,675
CUST00357,40,male,264622,Entrepreneur,5,736
CUST04092,64,male,3935,#N/A,0,654
CUST04042,49,FEMALE,114161,Full-Time,13,599
CUST05335,33,M,75365,salaried,N/A,999
CUST05462,44,male,,Salaried,13,818
CUST02710,27, Female,104763,Self Employed,5,631
CUST01393,65,m,130003,Sal.,27,802
CUST04883,7,Male ,107051,SE,2,762
CUST00796,48,f,114540,self-employed,19,578
CUST02205,39,Male ,#N/A,Jobless,0,581
CUST05803,26,FEMALE,83893,Self-Employed,3,700
CUST05024,60,M,90057,Business Owner,15,N/A
CUST03759,33,female,114251,Full-Time,11,-50
CUST01854,41,Male,1729,Unemployed,0,704
CUST04561,45,Male ,90380,Salaried,5,703
CUST03928,31,Male ,40759,salaried,9,794
CUST03161,nan,Male,35188,Full-Time,22,643
CUST03501,39,Male ,116,unemployed,0,642
CUST00914,57,male,116718.00,SE,30,667
CUST03920,34,male,113960,N/A,10,661
CUST05390,48,M,44222,Full-Time,,680
CUST05769,57,female,102793,Self-Employed,27,630
CUST05889,41,M,121558,N/A,9,693
CUST01595,63,Male ,103104,Full-Time,14,610
CUST05214,#N/A,female,114445,salaried,35,785
CUST00191,63,Male,130082,Full-Time,28,765
CUST00558,38,female,49734,Self employed,13,786
CUST00228,38,M,143754,SALARIED,13,786
CUST01337,61,FEMALE,135725,Full-Time,100,702
CUST04992,28,male,81369,Self Employed,5,NULL
CUST03077,Unknown,FEMALE,144952,Full-Time,7,840
CUST01662,35,female,75015,self-employed,6,745
CUST04767,55,Male ,40359,SALARIED,10,589
CUST00666,23,F,33005.00,Self Employed,2,850
CUST00861,43,Non-Binary,95145,BUSINESS OWNER,22,850
CUST03046,21,F,26579,Gig Worker,1,630
CUST04464, ,Male ,NULL,Unemployed,0,637
CUST01681,64,Female,99999999,Self Employed,27,616
CUST04143,53,male,40799,Sal.,9,615
CUST05373,33,M,31144,SALARIED,6,704
CUST00621,54,MALE,40679,Sal.,3,659
CUST05066,28,m,30612,SE,2,764
CUST03681,55,M,71162,SE,12,604
CUST01840,28,m,46142,Gig Worker,6,632
CUST04099,52,Male,41520,SE,30,765
CUST00640,21,f,111415,SALARIED,1,829
CUST04955,48,Female,66688,Sal.,20,740
CUST03922,65,FEMALE,45212,Sal.,16,695
CUST05687,53,Female,271498,Entrepreneur,5,752
CUST05937,36,female,30560,Free Lancer,1,785
CUST04062,41,Non binary,147799/-,SALARIED,13,696
CUST02611,62,Male ,114278,Salaried,17,848
CUST02268,60,male,60753,FREELANCER,19,850
CUST02301,50,FEMALE,136031,#N/A,17,-50
CUST05789,23,FEMALE,97310,SALARIED,3,574
CUST05078,7,M,2319,Not Employed,#N/A,690
CUST05601,23,M,105460,Full-Time,3,567
CUST00809,59,M,41898,salaried,34,782
CUST05634, , Female,,Self-Employed,20,583
CUST02992,61,NULL,69997,freelancer,22,850
CUST05135,22, Female,129201,Sal.,2,723
CUST03460,55,Male ,38404,freelancer,23,729
CUST00001,33,f,53435,Salaried,10,704
CUST02204,58,Male,60422,Salaried,29,768
CUST02289,36,m,120539,Salaried,2,694
CUST03186,38,f,82885,salaried,14,724
CUST04277,34,m,92096,Self Employed,8,850
CUST04770,#N/A,Male ,38265,Sal.,19,689
CUST04192,200,Female,67775,Self employed,8,707
CUST00025,59,M,69294,freelancer,#N/A,747
CUST04554,48,M,73672,Sal.,4,635
CUST03550,39,MALE,26227/-,Self Employed,2,681
CUST02238,28,Male ,138786,Business owner,1,598
CUST03800,65,M,INR 79921, ,8,604
CUST02981,24,male,74535,Biz Owner,4,850
CUST04991,53,MALE,45629,Sal.,13,704
CUST05314,58,Male ,60737,Salaried,5,592
CUST01903,46,f,61984,Self employed,21,782
CUST03353,44,NB,-1,Sal.,23,850
CUST03903,27,Male ,63587,Self-Employed,1,-50
CUST04148,26,f,109423,SALARIED,NULL,-50
CUST04731,39,f,273063,BUSINESS OWNER,10,666
CUST04312,46, Female,147212,SALARIED,7,559
CUST03900,44,female,75357,Sal.,9,802
CUST01526,23,Male ,112913,salaried,3,846
CUST04126,52,FEMALE,43955,Sal.,9,636
CUST00116,27,M,132167,salaried,3,767
CUST00817,,NB,"$48,308",SALARIED,24,638
CUST04241,43,MALE,112741,SE,1,628
CUST05208,56,MALE,144347,salaried,19,668
CUST03717,55,Female,136120,Full-Time,28,821
CUST04074,62,Female,121504,SALARIED,31,850
CUST03826,47,female,144877,salaried,23,649
CUST05510,37,Male ,141222,Sal.,4,744
CUST02771,61,female,53707,Freelancer,16,NULL
CUST04323,55,MALE,76260,Full-Time,35,672
CUST04112,44,nan,38486,Self employed,7,797
CUST02402,48, Female,49692,Full-Time,12,626
CUST00717,53,Male ,28348.00,FREELANCER,16,741
CUST05341,33,FEMALE,105631,SE,2,652
CUST01869,37,female,30989,Salaried,3,602
CUST05428,62,FEMALE,55648,salaried,12,694
CUST02433,46,male,110336,Self employed,23,755
CUST02028,30,Non binary,49604,Sal.,3,631
CUST03899,59,m,81993,BUSINESS OWNER,3,821
CUST00318,56,m,122609,Sal.,#N/A,655
CUST02019,56,f,2984,Not Employed,0,575
CUST03304,41,Male ,-1,Self-Employed,11,660
CUST05230,61, Female,64405,SALARIED,1,844
CUST02092,50,M,280586,BUSINESS OWNER,9,667
CUST01524,64,M,53554,Salaried,1,756
CUST03047,34,female,93057,Biz Owner,#N/A,566
CUST02204,58,Male,60422,Salaried,29,768
CUST03361,54,f,30341,Full-Time,4,602
CUST00681,46,FEMALE,5585,Not Employed,0,668
CUST01080,34,Male ,35085,Sal.,11,683
CUST05671,40,MALE,146786,Full-Time,9,683
CUST03633,61,F,57370,Self-Employed,8,660
CUST05555,44,Male,89367,Sal.,-3,640
CUST04065,7,m,133829,salaried,3,627
CUST00129,53,m,117858,Salaried,16,#N/A
CUST03966,55,f,80360,SALARIED,8,754
CUST04646,31,M,45271,self-employed,11,660
CUST01115,59,Female,143104,SALARIED,35,805
CUST00181,45,F,nan,Full-Time,12,667
CUST05729,37,female,53301,Biz Owner,4,841
CUST05905,60,Male ,60115,salaried,10,742
CUST05664,41,female,56323,Salaried,19,726
CUST05112,41,Male ,4224,Unemployed,0,632
CUST00402,43,MALE,#N/A,Self Employed,2,#N/A
CUST01441,42,Male ,9773,NULL,100,808
CUST05603,29, Female,146524,nan,2,738
CUST05528,47,Female,34921,salaried,17,837
CUST05989,22,M,163887,Business owner,2,703
CUST01437,26, Female,25855,Self Employed,-3,677
CUST00534,Unknown,f,23732,self-employed,17,690
CUST05514,62,male,NULL,Self Employed,13,659
CUST03258,58,Male ,73630,Self Employed,NULL,Unknown
CUST02744,26,FEMALE,31061,Sal.,2,736
CUST01455,26,M,98556,NULL,6,755
CUST05878,57,female,176390,Business owner,3,653
CUST02099,nan,male,36698,freelancer,12,626
CUST00157,33,m,78385,Full-Time,7,736
CUST03640,22,f,34970,Self employed,2,674
CUST05461, ,Male,87671,Self-Employed,9,716
CUST00050,59,male,128771,Sal.,13,696
CUST02243,N/A,F,35452,salaried,2,666
CUST04796,63,male,96243,salaried,31,Unknown
CUST03982,61,f,63071,freelancer,28,811
CUST02129,34,Female,147938,salaried,3,770
CUST03345,23,m,47875/-,Salaried,2,553
CUST01979,-5,female,91767,Salaried,1,562
CUST05051,62,Female,45437/-,Freelancer,34,663
CUST00013,30,f,249015,Entrepreneur,9,808
CUST05412,51,female,133034,Salaried,26,720
CUST00214,50, Female,,Salaried,20,850
CUST05176,27,female,90921,Self employed,7,675
CUST03975,45,Female,60079,Business owner,18,802
CUST03561,21,female,26821,Self employed,1,650
CUST02492,, Female,63934,self-employed,N/A,632
CUST05054,57,Male ,167248,Biz Owner,26,850
CUST02449,38,M,110217,,,678
CUST05929,30,f,98007,Full-Time,5,745
CUST02170,50,M,38006,Self Employed,23,769
CUST03872,28,female,$-1,Self employed,,900
CUST04754,59,M,nan,salaried,28,577
CUST05137,51,Male,INR 286913,BUSINESS OWNER,Unknown,785
CUST04985,33,f,115857,salaried,3,597
CUST01287,59,Female,77227,Sal.,27,708
CUST03780,60,Female,nan,Salaried,19,685
CUST03143,41,FEMALE,133486,Business Owner,4,618
CUST03380,-5,female,74927,Sal.,3,681
CUST01989,44,m,69399,SALARIED,8,505
CUST02501,25,Male ,234545,Business owner,1,695
CUST01891,54,female,27797,SE,14,848
CUST00955,36, Female,104285,Salaried,2,732
CUST03772,30,FEMALE,100371,Sal.,3,647
CUST02171,46,Male ,54015,SALARIED,16,579
CUST02299,54, Female,2963.00,Not Employed,0,643
CUST03968,64,F,61210,freelancer,25,616
CUST00689,28,female,Unknown,,4,799
CUST03052,61,MALE,152795,Business owner,23,660
CUST01813,Unknown,female,95770,Full-Time,30,717
CUST00396,45,female,NULL,Business owner,1,730
CUST02695,48,Male,165433,Biz Owner, ,793
CUST05614,38,Male ,140289,salaried,100,658
CUST01178,26,NB,INR 164580,Biz Owner,5,674
CUST04538,#N/A,f,nan,self-employed,11,705
CUST03955,64,F,-1,SALARIED,3,688
CUST04378,57,m,88439,Salaried,4,747
CUST02210,NULL,male,60605,Free Lancer,14,771
CUST05232,200,FEMALE,45649,Salaried,19,N/A
CUST05868,46,m,123999,Salaried,8,631
CUST05707,36,male,nan,Sal.,11,751
CUST03631,64,m,90509,NULL,28,742
CUST05104,30,#N/A,74815,Salaried,8,522
CUST00959,53,m,103138,Business owner,6,664
CUST05038,25,Male ,56284,Sal.,1,626
CUST04101,62,Male,71358,Full-Time,10,530
CUST05960,47,f,116011,Salaried,23,850
CUST04381,#N/A,Male ,71998,SALARIED,2,758
CUST01733,21,female,5241,Jobless,0,636
CUST05919,40,Male ,124736,SALARIED,18,755
CUST01839,54,FEMALE,65478,Full-Time,#N/A,696
CUST04928,28,male,134724,Full-Time,7,589
CUST05589,49,female,41336,SALARIED,21,730
CUST01796, ,,143454,Full-Time,12,725
CUST04610,58,F,114141,SALARIED,3,737
CUST05782,39,FEMALE,75574,Full-Time,16,722
CUST01364,57,Male,104250,Salaried,9,582
CUST04270,40,f,212552,Entrepreneur,7,835
CUST04467,65,m,58512,Freelancer,3,621
CUST01378,25,Male ,8691,Unemployed,0,697
CUST04090,21,female,3408,Not Employed,0,679
CUST03878,46,FEMALE,91575,Full-Time,1,698
CUST01157,49,Non binary,66891,Salaried,21,561
CUST04234,46,female,72099,Full-Time,2,660
CUST02949,40,male,254204,BUSINESS OWNER,2,703
CUST04839,32,MALE,148571,nan,1,615
CUST05704,53,f,28270,Gig Worker,4,900
CUST02904,23,Male,116083,SE,2,681
CUST01453,40, ,#N/A,Full-Time,12,755
CUST01540,65,MALE,216191,Biz Owner,5,850
CUST00677,NULL,female,99999999,Free Lancer,16,685
CUST01116,38,m,38450,salaried,14,643
CUST00776,51,Male,75335,SALARIED,16,622
CUST00773,30,Male ,97136.00,SALARIED,9,637
CUST03933,63,MALE,"$101,327",Self Employed,9,651
CUST04969,43,m,6800,unemployed,0,529
CUST02500,61,male,3748,unemployed,0,627
CUST04938,30,male,30075,Free Lancer,9,809
CUST00734,49,F,54941,Salaried,24,641
CUST01523,48,Female,73535,Sal.,26,694
CUST00135,61,M,6893,Not Employed,100,640
CUST00633,33,male,,Business Owner,9,781
CUST04814,31,male,39850,SALARIED, , 
CUST05460,7,F,42215,Full-Time,5,721
CUST01507,54,Non-Binary,37647,salaried,29,
CUST04402,42,Male,N/A,Sal.,18,699
CUST03782,42,MALE,116473,salaried,2,nan
CUST01174,49,Male,138551,Full-Time,17,650
CUST01005,60,F,96724,Salaried,20,519
CUST04158,45,FEMALE,118395,SE,18,742
CUST00207,55,Non binary,18029,Free Lancer,30,719
CUST05662,41,female,nan,BUSINESS OWNER,20,850
CUST04690,31,M,142395,Salaried,11,702
CUST02387,22,f,98317,Self employed,1,500
CUST03813,48,Female,102158,Salaried,22,794
CUST03593,54,F,80570,salaried,34,674
CUST02340,51,Male,71600,salaried,12,735
CUST00811,63,male,123561,Sal.,3,636
CUST05170,23, Female,39683.00,self-employed, ,701
CUST05842,23,F,122549,SALARIED,1,670
CUST00592,38,F,3912,unemployed,N/A,691
CUST02625,35, Female,86665,Salaried, ,678
CUST00175,50, Female,146500,salaried,9,#N/A
CUST00982,41,FEMALE,NULL,Sal.,4,-50
CUST02007,46,female,110002,self-employed,9,657
CUST01715,63,f,109954,SALARIED,NULL,699
CUST04868,40,M,106429/-,Salaried,16,656
CUST01546,27,non-binary,268228,Business Owner,5,738
CUST03298,49,MALE,57695,FREELANCER,12,670
CUST02718,24,F,234288,Business owner,4,641
CUST03000,,m,122032,Sal.,1,682
CUST00768,33, Female,66511,Self-Employed,5,497
CUST00975,55,male,62063,Sal.,25,706
CUST00255,56,M,144793,Unknown,28,790
CUST04368,53,M,78282,Free Lancer,5,764
CUST00448,59,FEMALE,114326/-,SALARIED,7,850
CUST05277,59,FEMALE,89346,Sal.,1,496
CUST02132,55,MALE,54521,self-employed,15,642
CUST00145,46,Unknown,273375,BUSINESS OWNER,22,
CUST03336,65,Male ,54053,N/A,19,758
CUST03797,45,f,40228,Sal.,25,666
CUST00702,29,Male,116728,Full-Time,5,Unknown
CUST05153,55, Female,32847,freelancer,29,839
CUST04480,23,MALE,156194,Business owner,2,620
CUST04720,31,Unknown,8586,unemployed,0,842
CUST04320,27,Male ,34113,Full-Time,4,770
CUST02629,63,male,-5000,SE,1,656
CUST04978,63,f,140475,Business owner,23,740
CUST03538,47,male,4558,unemployed,0,748
CUST01806,42,FEMALE,62164,Unknown,9,531
CUST05519,27,F,4355,Unemployed,0,697
CUST05667,25,Male,60715,salaried,1,701
CUST04710,38,F,69666,self-employed,14,830
CUST02902,27, Female,122632,salaried,2,670
CUST05299, ,MALE,8929,Unemployed,0,721
CUST05303,65,male,106455,salaried,7,#N/A
CUST02693,45,female,78945,self-employed,19,746
CUST03322,36,FEMALE,112532,salaried,8,698
CUST05144,59, Female,40803,self-employed,100,808
CUST00042,58,m,118357,salaried,22,612
CUST04659,58,m,35014,Free Lancer,12,811
CUST03195,49,Male,101185,SALARIED,28,741
CUST02309,45,FEMALE,51115,SALARIED,13,826
CUST01964,48,Female,201439,nan,12,843
CUST03856,130,MALE,INR 27533,Free Lancer,2,644
CUST05630,26,Male,149969,Sal.,1,572
CUST01704,57,,75121,salaried,14,631
CUST05903,65,NB,,Self Employed,20,742
CUST01918,32,MALE,31138,freelancer,9,581
CUST03616,25,Female,177865,Biz Owner,5,718
CUST04933,NULL,FEMALE,173,Jobless,0,611
CUST01517,43,Male ,43770,Full-Time,3,828
CUST00864,57,Male,115939,Biz Owner,17,#N/A
CUST03121,55,MALE,241697,nan,7,658
CUST02889,44,female,78815,SE,6,709
CUST02803,28,Male ,148430,Salaried,7,719
CUST04641,58,F,-1,Full-Time,7,608
CUST02592,29,Non-Binary,36761,Sal.,5,647
CUST02392,52,FEMALE,6146,Not Employed,0,733
CUST00760,0,Female,61758,Self-Employed,35,703
CUST01208,35,Male,165748,Business owner,1,650
CUST05633,200,MALE,33976.00,Full-Time,5,850
CUST05671,40,MALE,146786,Full-Time,9,683
CUST04263,49,f,N/A,Full-Time,9,806
CUST01243,42,Female,#N/A,SALARIED,2,781
CUST04717,200, Female,126946,Salaried,8,718
CUST02344,51,Male,206807,Biz Owner,27,693
CUST02448,28,male,31481,Self Employed,8,809
CUST05721,42,FEMALE,46446,Salaried,2,831
CUST01917,46, ,63763,self-employed,22,789
CUST03277,30,Male,43967,Unknown,8,601
CUST05570,24,Male,46045,Freelancer,2,612
CUST04397,43,m,45791,Free Lancer,11,695
CUST01447,46,MALE,49011,SALARIED,9,
CUST00925,0,M,138134,Full-Time,26,666
CUST05757,56, Female,117970,Sal.,5,548
CUST04261,40,Male,8173,N/A,0,795
CUST02083,61,male,47905,Free Lancer,34,634
CUST05224,54,Female, ,Business owner,17,687
CUST04174,60,F,122658,Full-Time,1,606
CUST03004,23,F,93673,Full-Time,2,649
CUST03219,27,M,108734,self-employed,1,785
CUST00512,30,f,108493,SE,6,Unknown
CUST03883,58,Male,61241,Sal.,34,776
CUST05338,200, Female,17533,FREELANCER,12,640
CUST00609,26,FEMALE,20035,Self Employed,2,805
CUST03078,43,female,57602,nan,20,660
CUST00810,64,M,53414,SE,4,518
CUST01495,34,Male,50234,Self-Employed,14,624
CUST03042,45, Female,Unknown,Business Owner,3,640
CUST00863,28,MALE,40025,Salaried,3,665
CUST03937,27,Male ,89477,Full-Time,4,673
CUST02426,53,M,55293,#N/A,27,692
CUST01766,50, Female,257646,Business owner,11,731
CUST03003,60,Female,62437,SALARIED,12,758
CUST03657,60,Male ,284402,Biz Owner,16,818
CUST00410,34,male,53620,FREELANCER,5,689
CUST01085,25,M,116371,self-employed,3,NULL
CUST03976,61,male,134508,Business owner,30,696
CUST03253,60,F,71406,Self employed,27,734
CUST03583,59,m,113747,SALARIED,33,N/A
CUST05074,39,f,81729,SALARIED,4,850
CUST04316,44, Female,7099,Unemployed,0,702
CUST00948,42,f,44593,Self-Employed,999,614
CUST02405,28,f,130457,SALARIED,8,664
CUST00496,65,Female,71406,SALARIED,6,478
CUST03798,64,F,32088,Freelancer,30,850
CUST02703,33,M,227965,Business owner,2,530
CUST01531,44, Female,39390,Salaried,8,753
CUST03636,64,MALE,58013,Sal.,32,769
CUST01809,58,m,64558,Biz Owner,,850
CUST05125,30,M,46654,nan,10,N/A
CUST03231,30,M,111174,self-employed,6,578
CUST05596,46,Unknown,52214,Self-Employed,17,735
CUST04409,30,Male ,52411,Gig Worker,2,683
CUST03323,47,Male,102209,Self employed,18,762
CUST03312,24,M,43111,Self Employed,1,735
CUST05257,21,F,132160,N/A,1,623
CUST00325,42,F,130101,Salaried,20,776
CUST04435,55,male,114462.00,Sal.,28,700
CUST00123,24,F,60029,Sal.,1,597
CUST03783,47,M,89655,Self Employed,1,787
CUST03528,27,F,5205,Unemployed,0,641
CUST00829,7,M,37986,Sal.,11,724
CUST04773,0,male,59932,Sal.,1,651
CUST01921,26, Female,87835,Salaried,5,657
CUST00594,39,MALE,114792,Sal.,1,719
CUST00227,26,Female,49094,salaried,5,670
CUST02124,58,Male,17962,freelancer,14,720
CUST00672,0,f,nan,Entrepreneur,8,775
CUST03539,32,Male ,26050,self-employed,3,712
CUST03699,61,M,37467,Gig Worker,25,786
CUST05143,30,m,255030,Biz Owner,1,699
CUST01963,59,MALE,93174,salaried,7,701
CUST03055,51,F,64592,Self Employed,17,812
CUST05829,59,Male ,95388,Full-Time,14,712
CUST04098,nan,F,184819,BUSINESS OWNER,4,676
CUST02142,27,female,#N/A,SE,4,544
CUST03510,36,m,87136,Self Employed,9,741
CUST04453,nan, Female,8943,Unemployed,0,678
CUST05947,53,FEMALE,158695,Entrepreneur,25,836
CUST04012,49,m,129105.00,Full-Time,24,784
CUST05584,55,female,50123,Gig Worker,10,707
CUST02381,57,female,58234,Sal.,3,686
CUST04116,21,FEMALE,115771,Self Employed,1,556
CUST00532,28,Male,95110,salaried,6,649
CUST00977,60,Non-Binary,N/A,Sal.,6, 
CUST05082,22,Male,104006,Self Employed,2,578
CUST00432,41,FEMALE,,Jobless,0,685
CUST00314,25,F,107962,Self-Employed,4,626
CUST02259,44,male,127156.00,salaried,Unknown,771
CUST00452,30,f,257525,Business owner,5,712
CUST00236,51,NB,30897,#N/A,27,782
CUST04805,27,f,118554,Sal.,6,792
CUST02778,43,MALE,90801,Sal.,20,624
CUST03838,38, Female,164201,Entrepreneur,2,655
CUST00858,53,F,53981,Salaried,9,688
CUST01427,64,F, ,Salaried,28,717
CUST03001,40,m,147532,SALARIED,16,675
CUST01306,39,female,40822,salaried,8,767
CUST03551,65,MALE,188248,Entrepreneur,nan,850
CUST03251,31, ,43533,freelancer, ,652
CUST01238,-5,male,1284,Unknown,0,720
CUST04948,45,m,132900,salaried,23,677
CUST05708,48,m,132771,SALARIED,1,747
CUST02914,59,MALE,32305.00,FREELANCER,32,599
CUST04852,35,female,58294,Biz Owner,14,844
CUST02213,23,male,61542,Sal.,3,679
CUST01060,39,MALE,-5000,Self-Employed,14,601
CUST01111,51,m,99576,Self Employed,7,619
CUST04658,52,F,135640,nan,24,Unknown
CUST00938,34,male, ,Salaried,5,798
CUST00943,51, Female,66544,Self-Employed,24,747
CUST05445,29, Female,99400,Entrepreneur,8,604
CUST02627,40,MALE,80308,Sal.,1,731
CUST03553,34,FEMALE,65588,Gig Worker,NULL,653
CUST05826,54,Male ,34834,SALARIED,23,813
CUST02916,46,F,65630,Full-Time,17,840
CUST01878,61,F,192145,BUSINESS OWNER,6,621
CUST00352,63, Female,120547,Salaried,30,645
CUST04774,41,m,60483,Full-Time,18,808
CUST00637,27,FEMALE,Unknown,Self-Employed,1,716
CUST03886,25,FEMALE,71830,Freelancer,1,609
CUST04552,30,FEMALE,NULL,FREELANCER,7,0
CUST04387,21,Male ,134152/-,#N/A,1,561
CUST00656,61,Female,28748,self-employed,5,735
CUST05226,58,Male,94585,Self employed,27,688
CUST04460,63,FEMALE,74924,FREELANCER,33,850
CUST03604,37,FEMALE,115338,self-employed,100,645
CUST05471,49,m,81360,SALARIED,N/A,788
CUST01916,,female,985,Not Employed, ,661
CUST01416,27,F,63020,freelancer,7,654
CUST02462,44,Non-Binary,52062,FREELANCER,20,723
CUST01146,N/A,Male ,89650,Salaried,2,742
CUST02428,35,Male,146431,Sal.,13,700
CUST05064,24,m,159498,BUSINESS OWNER,3,656
CUST03362,27,,43978,salaried,5,723
CUST02543,24,F,nan,Business owner,3,831
CUST04956,51,F,248265,Entrepreneur,21,795
CUST03068,60,f,222569,Business owner,4,742
CUST01143,52, Female,49778,Salaried,5,604
CUST01161,64,#N/A,73112,Self-Employed,29,737
CUST03136,65,FEMALE,59913,Freelancer,29,NULL
CUST00261,23,F,82564,Sal.,1,530
CUST04691,65,Male,269574,BUSINESS OWNER,7,737
CUST03117,26, Female,139514,salaried,2,722
CUST04702,48,Female,53873,Free Lancer,18,727
CUST03076,25,Male,119380,Full-Time,4,812
CUST00553,47,Male ,"$37,706",Free Lancer,22,777
CUST00661,47,M,61252,Salaried,7,597
CUST03812,0,m,134624,Sal.,11,627
CUST04514,57,FEMALE,114667,SALARIED,20,690
CUST04275,Unknown,f,47321,Sal.,11,749
CUST03061,47,MALE,119597,Sal.,15,725
CUST03048,63,Male,103147,salaried,25,713
CUST00351,30,Non-Binary,42380,Salaried,3,815
CUST03744,56,MALE,113149,Salaried,9,733
CUST03111,65,m,106847,SE,16,657
CUST03460,55,Male ,38404,freelancer,23,729
CUST03203,59,FEMALE,30336,self-employed,24,742
CUST05286,53,m,71962,FREELANCER,21,779
CUST00297,33,Female,48982,Self employed,10,756
CUST02145,64,female,80966,self-employed,17,772
CUST00133,48,M,115978,Full-Time,10,nan
CUST00272,58,female,130039,Salaried,17,729
CUST05502,41,MALE,24894,Unknown,1,#N/A
CUST04377,26,F,113207,salaried,1,710
CUST02731,63,FEMALE,206078,Biz Owner,-3,742
CUST00088,42, Female,53928,self-employed,10,581
CUST01922,46,f,N/A,SALARIED,1,760
CUST00302,57,male,28749,Free Lancer,8,736
CUST03525,53,m,46737,Salaried,16,1200
CUST04198,52,m,#N/A,SE,8,701
CUST02187,31,m,106229,SE,2,712
CUST05655,65,N/A,289492,Entrepreneur,18,647
CUST02183,42,FEMALE,65791,Sal.,13,661
CUST05562,33,N/A,125895,SALARIED,2,-50
CUST00424,200,F,110725,Self employed,999,618
CUST02872,55,female,143857,Sal.,2,701
CUST02052,64,Male ,,Self Employed,2,532
CUST01230,40,Female,#N/A,Unemployed,0,N/A
CUST03690,53,FEMALE,65700,Full-Time,999,588
CUST05520, ,MALE,36799,Full-Time,1,572
CUST04420,44,Male ,71532,Self Employed,4,599
CUST01384,38,Unknown,INR 57017,Biz Owner,2,644
CUST04930,39,m,391,Unemployed,0,541
CUST05731,49,MALE,90597,Self-Employed,22,850
CUST05487,59,M,42212,salaried,28,850
CUST05931,38, ,121957,SALARIED,4,712
CUST03085,41,male,138510,Salaried,3,635
CUST00375,65,MALE,99700,Full-Time,33,812
CUST04807,62,f,74544,Self Employed,2,664
CUST01661,25,m,77940,salaried,3, 
CUST04571,51,M,146529,Sal.,13,0
CUST04880,50,female,5857,UNEMPLOYED,0,646
CUST02699,0,male,68776,self-employed,1,612
CUST05521,35,female,100719,SALARIED,10,612
CUST05778,34,MALE,63168,FREELANCER,2,711
CUST02917,45, Female,66354,Self-Employed,Unknown,631
CUST03724,53,f,41258,,28,702
CUST01648,40,Male,INR 107368,SALARIED,16,814
CUST02199,130,MALE,130890,Full-Time,3,850
CUST00999,60,male,120786,Sal.,30,731
CUST02482,38,M,137899,Salaried,#N/A,582
CUST02737,46,m,76896,Sal.,23,731
CUST04375,130,f,64426,Full-Time,3,794
CUST02749,24,male,38384,freelancer,3,655
CUST04369,32,f,7944,Jobless,0,606
CUST04898,64,M,51682,Self-Employed,18,838
CUST04848,24,Female,119294,Self employed,4,686
CUST04600,55,f,115734,salaried,16,717
CUST02094,46,Male,665,UNEMPLOYED,0,680
CUST03080,64,F,56090,SALARIED,35,677
CUST00490,49, Female,64802,Sal.,17,807
CUST05830,38,female,51329,Business Owner,13,663
CUST03801,65,#N/A,54409,Full-Time,28,850
CUST05531,37,female, ,SALARIED,3,719
CUST01372,32,FEMALE,43834,Salaried,8,560
CUST01086,55, Female,93064,Full-Time,14,753
CUST04105,25,m,116560,Self employed,1,652
CUST05175,22, ,92004,SALARIED,2,664
CUST02282,60,male,88441,Sal.,24,789
CUST03282,56,male,78185,Salaried,nan,754
CUST00884,24,male,77928,SALARIED,4,730
CUST02086,56,MALE,76987,Unknown,6,N/A
CUST02460,31,m,97124,nan,7,679
CUST04849,54,Male ,92743,SALARIED,2,600
CUST01280,31,Other,123334,,3,646
CUST03226,64,Male ,21420,Self Employed,8,771
CUST04998,64,FEMALE,164027,Business owner,23,741
CUST00879,46,m,163775,Entrepreneur,7,762
CUST00626,39,m,89615,Salaried,13,657
CUST00889,7,male,83333,salaried,1,834
CUST05028,62,Female,62952,salaried,2,nan
CUST02758,31,female,66506,Freelancer,11,Unknown
CUST01630,27,F,989,UNEMPLOYED,0,808
CUST04950,62,Male,93848,SALARIED,12,789
CUST02284,22, Female,82061,salaried,1,740
CUST01338,60,male,143446,Salaried,25,542
CUST01187,62,M,99999999,Self Employed,24,822
CUST03205,53,f,"$145,762",Entrepreneur,17,818
CUST03518,21,#N/A,63041,Salaried,1,730
CUST02536,21,Male,128815,Entrepreneur,1,793
CUST05021,39,f,58448,SALARIED,5,643
CUST01984,32,FEMALE,34401,Free Lancer,6,595
CUST02195,50,,-5000,SALARIED,14, 
CUST02489,Unknown,m,159979,Business owner,17,692
CUST02303,56,Male ,105178,Salaried,14,840
CUST04152,29,female,119282,Biz Owner,4,781
CUST01330,49,Male,32271,self-employed,11,680
CUST04729,38,f,55457,Sal.,2,344
CUST00095,61, Female,124278,Sal.,20,661
CUST03506,40, Female,35711,SALARIED,8,624
CUST00962,65,Female,153138,BUSINESS OWNER,11,633
CUST05865,53,Female,73746,SALARIED,26,673
CUST05393,25,male,42437,salaried,5,532
CUST00459,27,male,96582,SALARIED,2,788
CUST05546,39, Female,89607,Sal.,,635
CUST04021,21,Male ,133345,Full-Time,1,805
CUST03248,57,F,46037,Full-Time,1,608
CUST01269,34,M,92631,Self-Employed,4,
CUST00790,64, Female,117583,BUSINESS OWNER,32,802
CUST02400,#N/A,F,116594,SE,999,850
CUST00153,23,F,57314,Sal.,2,850
CUST05561,24,FEMALE,41021,Gig Worker,3,695
CUST01290, ,MALE,126314,Full-Time,3,708
CUST00969,#N/A,M,64957,Self Employed,18,740
CUST02754,50,female,126680,salaried,100,749
CUST01225,38,Male ,99999999,freelancer,11,696
CUST00816,33,Male,141015,Business Owner,13,757
CUST00156,64,Female,-5000/-,Self employed,18,815
CUST05096,60,M,117369,Full-Time,20,734
CUST00414,22,F,47972,salaried,1,745
CUST02716,29,MALE,nan,Sal.,7,684
CUST01294,31,M,"$103,092",self-employed,4,783
CUST01670,49, Female,142060,SALARIED,22,850
CUST05772,38, Female,43158,Salaried,NULL,644
CUST00740,39,Male,243647,Business Owner,9,794
CUST05433,38, Female,75734,Business owner,9,850
CUST03887,47,male,118580,Self-Employed,6,754
CUST05747,36,Female,77546,Self Employed,16,721
CUST00604,-5,female,170987,Biz Owner,29,738
CUST01756,22, Female,264888,Biz Owner,N/A,774
CUST03083,65,FEMALE,54149,SALARIED,2,
CUST02979,60,Male,65525,Self employed,35,837
CUST00628,44,m,38829,Self-Employed,16,681
CUST00193,39,M,33758,salaried,2,561
CUST02064,40,N/A,59451,Self employed,8,
CUST03731,44,male,122279,salaried,23,825
CUST02065,63,Male,Unknown,Salaried,#N/A,784
CUST04039,29,Female,62380,salaried,3,695
CUST02053,36,F,120644,Salaried,11,630
CUST00166,39,MALE,137212,Business owner,10,822
CUST04909,42,F,34976,Gig Worker,3,696
CUST01889,56,Male,60241,Salaried,#N/A,709
CUST04179,57,f,133174,Salaried,22,791
CUST02630,34, Female,74408,Self-Employed,12,788
CUST05397,40,F,106053.00,Self-Employed,15,749
CUST03139,,f,51081,Biz Owner,12,604
CUST01599,45,Female,69616,BUSINESS OWNER,13,677
CUST03727,57,m,99956,Full-Time,23,695
CUST00927,32,f,4745,unemployed,#N/A,725
CUST01090,28,Male,128941,Salaried,-3,609
CUST04487,48,m,7214, ,0,661
CUST04269,50,m,56666,freelancer, ,850
CUST05710,64, Female,104958,salaried,28,733
CUST05272,28,male,114822,Entrepreneur,1,696
CUST01826,43,m,INR 124815,Sal.,4,698
CUST01316,33,M,90673,Self employed,9,615
CUST04033,46,m,110733,Sal.,26,804
CUST02959,55,F,48216,Gig Worker,24,847
CUST05792,53,F,142493,Salaried,12,850
CUST00164,44,Male,54753,salaried,2,0
CUST01246,64,Male ,104252,Salaried,2,489
CUST01860,33,Male,67334,self-employed,4,735
CUST02972,27,male,73888,self-employed,6,747
CUST04693,130,N/A,#N/A,Free Lancer, ,756
CUST02672,21,m,125038,salaried,1,650
CUST03252,55,nan,118510,Full-Time,29,800
CUST05993,50,F,20633,Gig Worker,10,701
CUST01074,nan,FEMALE,82091,Self-Employed, ,731
CUST01550,51,Female,80332,Sal.,25,702
CUST03427,59,M,"$35,602",Sal.,15,850
CUST03197,23, Female,136724,SALARIED,2,nan
CUST00418,26,male,106017,Salaried,3,655
CUST05147,54,MALE,31251.00,,30,792
CUST04920,35, Female,41878,Salaried,7,712
CUST05057,23,FEMALE,135445,Full-Time,1,567
CUST00915,48,FEMALE,nan,Sal.,16,764
CUST05124,40,FEMALE,114615,Business Owner,NULL,685
CUST04412,26,m,34191,Full-Time,5,591
CUST01082,33,M,132922,SALARIED,9,784
CUST02793,34,female,32259,self-employed,5,616
CUST00461,57,male,76621,FREELANCER,22,733
CUST04923,38,M,127595,Sal.,5,557
CUST00244,Unknown,Female,33099,Sal.,#N/A,646
CUST01938,25, Female,45729,Self-Employed,5,1200
CUST03132,46,male,113643,self-employed,18,665
CUST02229,51,Male ,127505,Sal.,2,731
CUST03981,34,f,NULL,SALARIED,8, 
CUST05765,54,female,23718,Freelancer,23,825
CUST04593,42,male,#N/A,Biz Owner,7,739
CUST03643,40,FEMALE,118841,SALARIED,2,506
CUST04260,58,FEMALE,69215,FREELANCER,22,707
CUST02849,51,female,32005,salaried,28,759
CUST00472,46,MALE,#N/A,Full-Time,22,581
CUST05658,65,MALE,142886,Full-Time,27,850
CUST05346,23,male,62261,SALARIED,3,728
CUST02447,60,F,76470,Free Lancer,19,766
CUST05763,23, Female,57709,Self Employed,2,533
CUST03730,61,M,245206,Biz Owner,32,843
CUST02946,55,FEMALE,77417,Sal.,34,835
CUST04968,21,FEMALE,66958,SALARIED,Unknown,
CUST04977,64,F,135786,Business Owner,9,542
CUST03582,45,Male ,110841,Sal.,16,850
CUST01823,35,f,55107,Self employed,4,671
CUST05018,49,male,40230,salaried,Unknown,0
CUST02999,52,female,80322,Sal.,11,635
CUST04047,31,M,71330,SALARIED,1,692
CUST00690,27,F,35816,Sal.,2,631
CUST02653,60,Male ,100463,Salaried,25,630
CUST01721,23,non-binary,79242,SALARIED,2,769
CUST01698,65,Male ,47357,SALARIED,1,782
CUST02192,37,male,"$44,913",SALARIED,1,682
CUST01633,38,Female,37879,SE,18,823
CUST03834,38,Male,99440,Sal.,5,447
CUST02182,22,Male,113189,Biz Owner,1,691
CUST03272,42,m,57693,Sal.,11,656
CUST05643,35,f,80325,Self Employed,6,718
CUST05741,48,m,-1/-,Business owner,18,850
CUST00250,38,M,163685,BUSINESS OWNER,5,713
CUST01259,45, Female,67209,Sal.,4,789
CUST00739,28,F,138109,Full-Time,1,760
CUST04727,65,f,71627,Salaried,11,793
CUST04713,29,MALE,36633.00,N/A,6,683
CUST04161,35, ,40502,Full-Time,#N/A,620
CUST03268,24,M,91753,Sal.,3,694
CUST03978,62,Female,-5000,Free Lancer,26,850
CUST00801,60,MALE,23652,FREELANCER,28,734
CUST05233,31,Unknown,31251,Self employed,10,634
CUST03896,63,FEMALE,37177,Salaried,9,582
CUST05917,23,f,51362,SALARIED,NULL,836
CUST04419,48,Male,105135,Self employed,20,645
CUST00987,34,f,76011,Full-Time,10,
CUST03301,65,female,89741,Self Employed,-3,684
CUST01998,33,Male,75322,Salaried,8,681
CUST03209,55,Female,51841,SALARIED,23,694
CUST00027,46,male,96051,Salaried,11,594
CUST05689,37,Female,27224,Self-Employed,14,680
CUST03012,25,f,29134,Self Employed,1,732
CUST03923,22,Female,124719,SALARIED,2,NULL
CUST02312,43, Female,136832,salaried,11,850
CUST04812,,m, ,Self-Employed,3,N/A
CUST00047,40,female,108481,Full-Time,10,814
CUST04135,26,F,65226,Free Lancer,3,740
CUST04595,29,M,68709,Self-Employed,1,850
CUST04846,64,Female,69751,Sal.,10,595
CUST02806,53,m,94041,Biz Owner,32,692
CUST03142,47,Female,81923,Self Employed,100,850
CUST03819,38, Female,65604,Self Employed,9,605
CUST05516,58,M,71867,Self Employed,28,NULL
CUST00919,61,Male,104560,Self Employed,Unknown,621
CUST00464,41,M,51591,salaried,3,759
CUST00205,22,f,111328,Self-Employed,2,602
CUST04084,41,f,48078,Salaried,3,808
CUST03789,37,M,90903,Self employed,8,735
CUST00718,41,FEMALE,108471,Business owner,10,711
CUST02413,60,Female,100287/-,Salaried,11,759
CUST05386,61,Male ,77335,salaried,31,818
CUST03188,59,m,139202,Full-Time,2,743
CUST04877,49, Female, ,SALARIED,21,850
CUST03196,49,Female,63463,Self-Employed,5,694
CUST03193,57,#N/A,86790,Self Employed,7,779
CUST01449,38,M,108647,Self-Employed,6,639
CUST01640,,female,47651,Sal.,4,783
CUST04712,35, ,1941,unemployed,0,778
CUST03317,44,F,77032,salaried,17,739
CUST01284,43,male,296420,Entrepreneur,8,617
CUST01812,52,,140953,Sal.,999,750
CUST01057,59,non-binary,273460,BUSINESS OWNER,1,608
CUST04061,55,Male ,101495,Self employed,23,729
CUST00397,#N/A,F,97654,Full-Time,8,730
CUST00103,47, Female,28195,Freelancer,8,740
CUST00765,60,,40933,FREELANCER,18,#N/A
CUST01448,36,male,68189,salaried,N/A,812
CUST03097,28,Male,95877,salaried,7,641
CUST01730,61,f,97098,self-employed, ,791
CUST01982,21,Male ,140098,salaried,1,780
CUST03050,30,m,80200,Business owner,1,786
CUST04438, ,M,45568,Salaried,5,774
CUST05796,Unknown,nan,249497,Biz Owner,25,776
CUST01906,37,MALE,65618,freelancer,8,748
CUST02921,0,FEMALE,60249,Self employed,3,573
CUST00525,28,FEMALE,nan,Free Lancer,8,754
CUST00202,35,MALE,66589,Business Owner,12,828
CUST02688,65,Male,75110,salaried,29,687
CUST02973,29,f,62205,Sal.,5,840
CUST01746,29, Female,89074,Self-Employed,8,841
CUST04294,35,male,61538,Sal.,8,704
CUST03174,43,f,70392,nan,13,693
CUST03985,51,f,INR 108961,Full-Time,20,645
CUST04473,54,Male ,280500,Biz Owner,34,742
CUST04765,65,F,44669,Sal.,,541
CUST03504,33,F,N/A,SE,9,704
CUST00581,60, Female,110217,Self Employed,nan,712
CUST05043,49,FEMALE,31717,Salaried,8,702
CUST03108,40,Male ,#N/A,Salaried,15,680
CUST03316,26,f,73737,Freelancer,1,593
CUST05443,25,MALE,103137,salaried,1,539
CUST01097,34,male,81813,Sal.,11,568
CUST00541,32,F,79326,Self Employed,N/A,762
CUST01795,41,FEMALE,113663,SALARIED,20,754
CUST03934,Unknown,m,56772,FREELANCER,,753
CUST03495,24,MALE,35590,SALARIED,4,598
CUST02113,44,FEMALE,108603,Salaried,#N/A,756
CUST02801,33,FEMALE,74242, ,8,557
CUST02003,36,m,2277,unemployed,0,737
CUST05111,57,Male ,293757,Biz Owner,1,673
CUST04653,25, Female,75358,Self-Employed,N/A,817
CUST00827,200,MALE,39083/-,salaried,2,718
CUST03814,38,Male,50220,Self-Employed,1,713
CUST02548,50,Unknown,6737,Jobless,0,754
CUST03613,61,FEMALE,74356,Gig Worker,23,850
CUST04574, ,Female,96688,Sal.,16,715
CUST05459,28,female,-1,salaried,6,738
CUST02705,51,male,66086,Full-Time,999,798
CUST04565,24,f,143810,SALARIED,1,683
CUST01382,21,M,99999999,SE,1,718
CUST03865,47,Male ,106897,Salaried,26,696
CUST00965,32,female,45307,Full-Time,5,821
CUST02521,56,#N/A,Unknown,Gig Worker,13,700
CUST00017,30,male,181852,BUSINESS OWNER,1,801
CUST00833,63,MALE,122993,salaried,9,652
CUST03099,22,male,33759,SALARIED,1,661
CUST01041,49,m,44541,salaried,12,718
CUST04539,51,MALE,31764,FREELANCER,2,671
CUST04617,22,male,91124,Self employed,2,641
CUST05824,46,f,NULL,SALARIED,15,738
CUST02502,36,Female,80601,N/A,5,740
CUST03915,44,Female,-1,Self employed,14,633
CUST01671,46,F,77244,Sal.,14,586
CUST05457,62,male,134625,Business owner,19,740
CUST02058,63,f,94299,SALARIED,4,777
CUST01678,56,Female,64533/-,Entrepreneur,28,795
CUST01943,52,Female,36286,freelancer,24,641
CUST02346,42,Male ,114115,salaried,12,659
CUST05268,54,f,128749,Full-Time,29,596
CUST00162,49, Female,210,UNEMPLOYED,0,850
CUST04486,53,Female,47276/-, ,27,716
CUST00394,46,male,105095,Sal.,21,587
CUST03944,37,Female,221154,Entrepreneur,14,542
CUST01048,32,Male,219210,Entrepreneur,1,757
CUST00105,61,Male,107513,Full-Time,34,763
CUST03473,130,NULL,137105,Salaried,17,752
CUST04798,26,M,214843,Business owner,4,598
CUST00598,31,f,44481,Self employed,1,658
CUST00651,62,Male ,48306,SE,#N/A,706
CUST02639,23,Male ,61301/-,Sal.,2,nan
CUST04414,52,m,105494,Full-Time,24,850
CUST02104,42,F,157822,Biz Owner,12,747
CUST02874,53,Male,55745,salaried,7,753
CUST01830,31,Male ,34921,freelancer,2,689
CUST00240,22,male,"$40,483",Self-Employed,2,743
CUST00201,#N/A, Female,92268,Sal.,2,683
CUST01288,39,MALE,79068,Unknown,12,798
CUST00087,32,Female,98595,salaried,12,716
CUST00830,55,f,#N/A,freelancer,17, 
CUST00391,53,MALE,169403,N/A,31,661
CUST01761,21,Female,146761,SALARIED,1,658
CUST02892,57, Female,50188,Salaried,10,731
CUST04289,38,female,96865,salaried,10,729
CUST00659,39,FEMALE,78439,SALARIED,10,680
CUST02965,Unknown,NULL,114088,SALARIED, ,659
CUST02812,56,female,68985,salaried,29,706
CUST05978,30,Male,60559,Freelancer,1,999
CUST04926,50,Male ,93733,Entrepreneur,2,646
CUST01065,0,female,31667,FREELANCER,22,619
CUST04493,22,M,130414,Sal.,N/A,663
CUST00778,65,female,99247.00,salaried,19,671
CUST05310,32,m,22744,nan,999,850
CUST05793,29,f,Unknown,salaried,9,641
CUST00046,130,N/A,54117,Business Owner,1,647
CUST02866,30,f,146898,Full-Time,6,674
CUST00401,58,M,50610,SALARIED,29,604
CUST04634,65,Male ,1727,UNEMPLOYED,0,588
CUST04614,-5,Male ,,Salaried,1,664
CUST05908,47,F,NULL,SALARIED,20,709
CUST03032,38,Female,39942,Free Lancer,5,705
CUST00296,59,male,7681,UNEMPLOYED,0,509
CUST02838,28,M,44156,SALARIED,5,579
CUST05832,44,male,91428,Self employed,9,625
CUST01941,32,male,68299,self-employed,3,769
CUST00783,28,Female,96010,Entrepreneur,7,724
CUST02384,60,m,52265,Salaried,31,718
CUST05543,41,Male ,#N/A,SALARIED,1,725
CUST05691,56,male,92175,Salaried,,465
CUST04706,56,f,92872,SALARIED,25,551
CUST04974,27,male,59602,Sal.,3,722
CUST03692,24,MALE,55036,NULL,1,652
CUST01741,NULL,m,94041,Self-Employed,-3,803
CUST04251,57,female,34185,Self employed,18,#N/A
CUST02692,31,Male ,4852,Not Employed,0,681
CUST02714,56,,7321,NULL,0,605
CUST04355,58,Female,136353.00,SALARIED,3,701
CUST00252,25,f,INR 159917,Entrepreneur,4,777
CUST04975,35,male,INR 75637,Salaried,3,773
CUST00526,35,male,,Full-Time,4,749
CUST05249,44, Female,-1,Full-Time,22,788
CUST02236,54,non-binary,59678,Entrepreneur,23,714
CUST01758,49,Male ,73258,Salaried,4,673
CUST01970,64, Female,57371,SE,8,628
CUST02814,46,FEMALE,"$8,391",Not Employed,0,631
CUST01934,53,F,59476,Sal.,1,816
CUST05679,57,female,116947, ,4,605
CUST04764,39,FEMALE,41190,Gig Worker,18,759
CUST00535,38,Other,29790,FREELANCER,7,624
CUST05337,49,male,112102,Salaried,18,630
CUST00673,38,m,144157,Business Owner,Unknown,658
CUST04644,48,FEMALE,91793,Self employed,13,839
CUST05956,35,Male,114290,salaried,2,722
CUST02934,42,MALE,137905,salaried,19,609
CUST03457,37, Female,39134,Full-Time,16,850
CUST03938,63,Male ,39601,Self Employed,,756
CUST05964,50,F,71133,Free Lancer,NULL,738
CUST05484,26,Male ,80381,Full-Time,6,739
CUST05680,56,FEMALE,37026,SALARIED,9,850
CUST01202,50,Male,44340,Salaried,19,745
CUST05088,32, Female,96149,Full-Time,12,672
CUST04113,38,male,99720,SALARIED,15,780
CUST05192,45,male,133084,salaried,24,576
CUST05659,42,Female,27445,Self Employed,4,610
CUST04843,62,Female,123066,salaried,13,812
CUST05506,52,Female,4187,UNEMPLOYED,0,633
CUST04799,44, Female,9274,Not Employed,0,697
CUST03476,28,Male,66319,Self Employed,6,627
CUST02573,45,female,124932,Full-Time,999,525
CUST02137,56,female,68817,salaried,19,847
CUST02446,38, Female,9590,Not Employed,0,825
CUST04607,32,m,105041,Full-Time,11,782
CUST04792,41,MALE,-1,Freelancer,21,745
CUST03264,29,Female,195941,Biz Owner,9,714
CUST02876,41,F,230714,BUSINESS OWNER,12,747
CUST04205,62,MALE,99050,SALARIED,N/A,534
CUST02674,Unknown,FEMALE,78463,Self employed,15,
CUST01575,7,N/A,44788,FREELANCER,1,634
CUST00878,63,F,114408,SALARIED,34,703
CUST04687,42,Male,3918,unemployed,0,667
CUST01573,27,m,122308,NULL,3,742
CUST02816,52,FEMALE,20922,SE,17,798
CUST04891,32,NB,86581,Sal.,7,770
CUST01369,21,FEMALE,135305,Salaried,1,850
CUST04993,32,NULL,128478,SALARIED,3,671
CUST04393,64,m,,salaried,7,811
CUST03700,35,Female,61762,self-employed, ,806
CUST03666,62,male,52337,Free Lancer,33,747
CUST03493,41,MALE,112279,Self employed,16,758
CUST01091,0,Male,85946,Full-Time,1,787
CUST00654,43,N/A,230751,Entrepreneur,16,595
CUST00395,36,FEMALE,55020,salaried,16,721
CUST02773,32,f,135495,salaried,100,596
CUST05746,59,M,NULL,Salaried,20,706
CUST05011,-5,Female,115961,SALARIED,N/A,637
CUST01912,0,F,Unknown,salaried,12, 
CUST01829,42,Non binary,116818,Full-Time,11,834
CUST04652,25,MALE,122786,SALARIED,4,Unknown
CUST03337,64, Female,21879,FREELANCER,31,716
CUST04094,45,Female,78093,NULL,6,711
CUST01252,52,male,113655,salaried,29,753
CUST01867,29,F,125519,Salaried,1,746
CUST02761,63,Female,72236,#N/A,29,665
CUST03788,36, ,47697,,100,673
CUST04477,24,M,INR 46785,Freelancer,1,749
CUST02377,58,male,63593,Sal.,30,656
CUST03216,0,MALE,129587,SALARIED,3,722
CUST04169,50,Male,NULL,BUSINESS OWNER,27,691
CUST02296,39,m,148229,salaried,11,809
CUST03352,64,male,270140,BUSINESS OWNER,12,850
CUST04602,26,F,130584,Full-Time,,752
CUST00517,#N/A,female,65824,freelancer,25,850
CUST02604,36,M,262917,Business owner,13,708
CUST05238,38,MALE,101832,Biz Owner, ,850
CUST01776,NULL,female,48072,salaried,15,715
CUST02068,62,FEMALE,86135,Full-Time,26,645
CUST02614,53,MALE,97011,Full-Time,7,656
CUST05851,33,Male,144586,Business Owner,2,581
CUST04664,62,FEMALE,117176,SALARIED,20,841
CUST05726,58, Female,213284,Biz Owner,32,800
CUST05846,59, Female,39866,Sal.,NULL,850
CUST04556,46, Female,124922,salaried,7,668
CUST02218,21,female,52960.00,Business Owner,1,626
CUST03453,44,M,55032,freelancer,11,732
CUST00119,21,Female,#N/A,Biz Owner,1,687
CUST02988,62,Female,74516,Free Lancer,20,767
CUST00715,58,male,49744,Salaried,20,598
CUST01968,45,#N/A,187578,Entrepreneur,11,733
CUST03951,23,male,88619,Sal.,2,573
CUST05644,26,FEMALE,7954,Unemployed,0,715
CUST01033,38,Male,121641,Salaried,7,622
CUST05279,45,FEMALE,68375,Free Lancer,8,734
CUST05867,32,female,44775,Gig Worker,8,770
CUST01017,60,M,110732,Self employed,13,830
CUST01251,57,Female,47075,Self-Employed,24,706
CUST03577,#N/A, Female,121815,SALARIED,4,656
CUST02305,21,male,113906,Full-Time,1,683
CUST02327,29,f,"$90,805",Self employed,1,573
CUST04862,27,f,57402,Self Employed,5,612
CUST01355,26,Male ,110838,salaried,3,629
CUST00881,22,Male,125156,Salaried,2,440
CUST03980,24,f,146777,SALARIED,3,708
CUST02593,22, Female,44883,Gig Worker,1,559
CUST05334,27, Female,226861,Business owner,2,551
CUST01092,45,f,77132,Sal.,18,703
CUST00643,34,m,47404,salaried,nan,782
CUST04372,46,Male ,120182,Entrepreneur,17,NULL
CUST00933,50,Male ,124044,Full-Time,11,657
CUST02789,33, Female,59411,Salaried,13,766
CUST03880,63,FEMALE,251082,Biz Owner,33,850
CUST05159,62,FEMALE,48670,Sal.,31,755
CUST01658,30,M,82592,self-employed, ,599
CUST02011,#N/A,FEMALE,79637,Full-Time,20,644
CUST05557,44,m,85091,Sal.,3,713
CUST05004,64, Female,49814,Full-Time,11,616
CUST03356,62,M,46739,SE,35,730
CUST05699,27,M,97843,salaried,7,772
CUST01123,60,F,224442,Biz Owner,25,768
CUST00980,56,Male,NULL,SE,19,835
CUST04980,28,Other,113779,Self employed,7,726
CUST05401,,N/A,140435,Full-Time,2,719
CUST04197,31,M,74560,SALARIED,5,555
CUST04264,33,m,95191,Sal.,11,724
CUST03698,24,Female,82102,Self employed,2,738
CUST00520,47,MALE,56643.00,Salaried,23,678
CUST02912,38,FEMALE,58685,Entrepreneur,7,712
CUST05389,48,m,72966,SE,nan,551
CUST01493,52,F,NULL,Full-Time,17,649
CUST02391,41, Female,41630,salaried,10,721
CUST03290,49,Female,"$233,224",Business owner,,850
CUST01199,43,female,66345,FREELANCER,20,633
CUST05653,50,m,143349,Sal.,7,737
CUST00746,30,m,96368,Salaried,2,718
CUST03478,64,Male ,133736,salaried,35,N/A
CUST02167,61,female,INR 4486,unemployed,0,599
CUST02438,46,Male ,28647,Gig Worker,2,762
CUST05103,,F,123190,Entrepreneur,33,814
CUST04110,50,FEMALE,#N/A,SALARIED,10,639
CUST05486,40,m,118992,SE,4, 
CUST03569,31,FEMALE,2158,UNEMPLOYED,0,735
CUST00372,46,male,,Entrepreneur,17,1200
CUST00264,64,Female,81122,SE,5,720
CUST00566,41,,147161,Salaried,,775
CUST02419,23,m,61114,Biz Owner,2,765
CUST03945,58,MALE,78148,FREELANCER,26,678
CUST02756,55,Female,129353,Full-Time,27,633
CUST01196,62,female,25237,Self-Employed,12,720
CUST05030,30,m,2000,Unemployed,0,676
CUST00576,40,Male,106810,SALARIED,11,748
CUST02440,47,Male ,112030,SE,2,699
CUST01663,59,M,123993,SALARIED,8,838
CUST05227,22,Female,70754,Free Lancer,1,NULL
CUST03626,30,Male,52130,SALARIED,2,509
CUST05294,56,Female,89502,salaried,25,632
CUST00055,#N/A,M,42389,SE,21,785
CUST04045,24,M,24040/-,freelancer,1,639
CUST02097,37,male,112674.00,Full-Time,4,677
CUST02819,33,f,182164,Entrepreneur,NULL,607
CUST04249,32,f,75291,Business owner,9,834
CUST02509,60,m,92587,SALARIED,4,850
CUST03752,65,MALE,108145,SALARIED,NULL,657
CUST00501,62,FEMALE,Unknown,SE,27,808
CUST02176,45,Female,99999999,,25,850
CUST01932,29,male,INR 29197,SE,#N/A,NULL
CUST03833,43,nan,6860,unemployed,0,999
CUST01386,25,M,114305,Full-Time,2,#N/A
CUST00603,54,m,105335,Salaried,10,844
CUST04811,60,Male,94484,Full-Time,N/A,714
CUST03006,42,NULL,49800,SALARIED,3,745
CUST03533,52,female,183686,BUSINESS OWNER,32,nan
CUST03679,61,MALE,89987,Full-Time,6,552
CUST00588,26,,nan,Sal.,5,731
CUST01114,49,male,36319,Free Lancer,29,754
CUST03429,50,Male,34322,SE,21,676
CUST05991,62,MALE,48674,salaried,21,652
CUST01203,41,Female,121918,Sal.,4,688
CUST04932,23,MALE,61354,SALARIED,3,600
CUST03732,32,f,"$119,518",Salaried,5,628
CUST03743,63, Female,113661,Self Employed,17,636
CUST05751,23,f,39773.00,Sal.,3,630
CUST01134,56,FEMALE,116981,Self Employed,10,713
CUST05598,48,Female,46798,FREELANCER,4,Unknown
CUST03135,45,male,134878,Business Owner,21,682
CUST05819,24, Female,34336,Sal.,1,701
CUST05196,61,MALE,93521,salaried,24,726
CUST04451,39,Male ,INR 4545,unemployed,0,696
CUST01588,45,Male ,76613,Self employed,20,826
CUST04577,30,male,Unknown,Free Lancer,1,713
CUST05410, ,Male ,74152,Self employed,3,795
CUST00892,32,m,66560,self-employed,6,694
CUST00434,48,Male ,129748,Full-Time,11,642
CUST05425,53,Male ,33243,Full-Time,31,747
CUST05921,50,M,128161,SALARIED,18, 
CUST04830,43,FEMALE,106241,BUSINESS OWNER,14,
CUST02178,34,male,91397,Self Employed,3,714
CUST02125,63,Male,81727,Salaried,18,722
CUST00473,47,Female,74812,Salaried,4,600
CUST01478,25,Male,73218,Self-Employed,3,627
CUST00163,30,F,39621,salaried,3,750
CUST05451,43,female,71860,Sal.,#N/A,645
CUST00577,54,f,34643,Sal.,25,644
CUST04676,60,f,142016,SALARIED,20,715
CUST00442,61,MALE,145189,Sal.,25,652
CUST05839,55,female,57737,SE,9,695
CUST02903,63,F,48886,salaried,18,850
CUST00693,32,m,1766.00,Not Employed,0,799
CUST05258,50,female,100705,Entrepreneur,14,775
CUST01565,40,Female,39972,SE,11,787
CUST05259,28,FEMALE,N/A,Self Employed,3,539
CUST04427,26,female,69024,Freelancer,-3,713
CUST00732,64,m,38300,Sal.,NULL,Unknown
CUST04085,32, Female,153731,BUSINESS OWNER,2,718
CUST04833,54,MALE,52711,Sal.,11,704
CUST00918,61, Female,Unknown,Full-Time,33,764
CUST01052,58,MALE,84502,SALARIED,15,675
CUST00445,60,Male,120697,Biz Owner,5,769
CUST04236,21,Female,95694,Salaried,1,850
CUST05304,36,Male,93385,Sal.,4,808
CUST03519,29,F,1833,Jobless,0,630
CUST05511,52,MALE,258909,Business Owner,31,828
CUST02385,37,MALE,103779,SALARIED,15,567
CUST03116,34,F,185616,Biz Owner,12,835
CUST00799,45,Female,146211,Full-Time,Unknown,789
CUST03563,54,Male ,34238,Freelancer,2,677
CUST04268,45,Male ,113934,Self employed,#N/A,654
CUST05249,44, Female,-1,Full-Time,22,788
CUST02495,63,Male ,28539,self-employed,29,716
CUST00675,24,male,266053,BUSINESS OWNER,4,798
CUST05391,44,M,282520,#N/A,11,800
CUST04301,59,f,92089,BUSINESS OWNER,1,747
CUST05478,62,MALE,105383,Sal.,5,654
CUST00409,51,M,147804,Full-Time,11,735
CUST03292,33,nan,115111,Self employed,4,651
CUST04513,25,F,N/A,freelancer,3,651
CUST02503,26,FEMALE,52850,Free Lancer,4,745
CUST04959,43,F,135449,SALARIED,9,756
CUST02540,45,Male ,132112,Salaried,17,834
CUST01046,41, Female,151373,Entrepreneur,6,784
CUST01764,46,female,113391,Full-Time,21,748
CUST03446,65,f,143327,Sal.,29,820
CUST01133,28,m,253663/-,Business Owner,100,614
CUST02848,21, Female,80422,Sal.,-3,770
CUST03131,41,NULL,9344,Unemployed,999,556
CUST05794,62,Male ,149346,Business Owner,8,661
CUST00322, ,Female,30690,Sal.,3,576
CUST05381,30,F,157569/-,BUSINESS OWNER,2,546
CUST05727,55, Female,30803,Free Lancer,3,761
CUST00170,29,F,234448.00,Entrepreneur,3,648
CUST00216,nan,FEMALE,143426,SALARIED,1,621
CUST03556,45,female,nan,Business Owner,23,750
CUST05405,56,female,70736,salaried,11,850
CUST02907,48,Male,123560,Full-Time,17,819
CUST04927,-5, Female,INR 6095,UNEMPLOYED,0,596
CUST00529,28,f,74026,Sal.,8,775
CUST05737,54,F,81045,self-employed,26,635
CUST02742,32,Female,229841,Business Owner,7,727
CUST01708,43,male,44509,Salaried, ,687
CUST05736,23,M,78851,Self Employed,1,850
CUST02970,37,Female,"$49,527",Gig Worker,1,554
CUST04650,40,Female,57245,SALARIED,3,655
CUST01460,28,FEMALE,93390,salaried,#N/A,842
CUST01419,,F,40702,NULL,8,725
CUST04701,61,Unknown,26656,freelancer,31,623
CUST01622,24,male,61541,Salaried,4,567
CUST03499,26,M,62051,Self-Employed,#N/A,586
CUST00430,32,f,102197,Self employed,11,722
CUST03771,57,F,124839,Sal.,13,539
CUST02633,64,m, ,Entrepreneur,2,814
CUST03364,51,M,114284,Sal.,4,668
CUST03663,36,NB,135176,nan,12,686
CUST02858,63,Female,92204,self-employed,24,696
CUST03124,50,MALE,63055,SE,20,825
CUST05799,35,FEMALE,44037,nan,12,689
CUST02456,46,f,35612,Full-Time,23,766
CUST03707,61,Male,90320,SE,29,846
CUST05478,62,MALE,105383,Sal.,5,654
CUST04117,21,female,79416,salaried,NULL,648
CUST02333,35,male,58792,Free Lancer,1,833
CUST04276,22,M,50768,salaried,1,560
CUST01281,43,m,110071,Sal.,3,651
CUST05022,25,M,60853,SALARIED,3,745
CUST05965,21,MALE,Unknown,SE,1,#N/A
CUST03201,59,FEMALE,76264,SALARIED,23,694
CUST00481,42,F,67589,Freelancer,14,705
CUST02407,47,Female,53831,Salaried,24,724
CUST03332,48,F,-1,Entrepreneur,13,732
CUST02360,31,NULL,128821,Salaried,5,728
CUST05885,24,Male ,282828,BUSINESS OWNER,3,639
CUST05493,52,M,22165,Free Lancer,27,647
CUST05748,43,Male,-5000,salaried,11,764
CUST04373,NULL,m,22933,Gig Worker,27,657
CUST05402,41,Male ,65525,Sal.,14,604
CUST05282,39,F,142119,Sal.,13,759
CUST01726,30, Female,Unknown,Full-Time,9,721
CUST02481,42,f,54230,Gig Worker,17,772
CUST02410,50,F,5982,UNEMPLOYED,0,678
CUST05542,52,Male,41447,Sal.,28,799
CUST02063,45,MALE,78311,Self Employed,11,733
CUST01122,44,Male,68723,salaried,23,1200
CUST05587,40,F,108539,Full-Time,11,606
CUST04816,32,M,,Self employed,11,781
CUST02116,51, Female,57392/-,SALARIED,18,N/A
CUST04831,64,M,25516/-,SE,13,850
CUST02808,50,FEMALE,72989,Self Employed,24,613
CUST01011,58,FEMALE,92219,self-employed,1,640
CUST00154,41,MALE,72250,Freelancer,11,719
CUST02615,36,m,131711,SALARIED,5,774
CUST05563,60,female,66123,Gig Worker,10,731
CUST05154,37,m,117548,SALARIED,14,1200
CUST01722,33,f,48703,Self employed,13,756
CUST03918,54,m,219317,Biz Owner,Unknown,850
CUST02055,40,FEMALE,77539,Full-Time,15,841
CUST02161,30,f,20420,SE,5,691
CUST02188,38,M,136457,Salaried,6,600
CUST01674,30,Other,79791,Self-Employed, ,716
CUST04223,59,FEMALE,,N/A,3,725
CUST03388,51,female,52713,NULL,23,767
CUST04912,46,female,89436,Business Owner,15,787
CUST03198,64,f,77395,Sal.,16,794
CUST03841,63,M,49417,self-employed,#N/A,659
CUST01233,24,,50823,Self employed, ,588
CUST02599,55,Female,48953,#N/A,28,850
CUST02436,24,female,137057,Salaried,NULL,753
CUST04657,55,F,54920,self-employed,14,682
CUST05084,60,MALE,45116,SALARIED,3,811
CUST05169,51,Male ,37702,SALARIED,1,509
CUST03007,46,FEMALE,111979,SALARIED,Unknown,705
CUST01887,27,MALE,N/A,Sal.,4,828
CUST05861,44,N/A,122670,Full-Time,8,631
CUST01947,54,F,81808,Full-Time,6,691
CUST02534,34,M,55293.00,Full-Time,3,745
CUST01539,23,#N/A,63647,Salaried,1,nan
CUST03341,,M,123654,Full-Time,999,829
CUST02109,31,Male,202416,Business Owner,2,728
CUST03470,33, Female,213508,Entrepreneur,7,846
CUST01931,26,f,59626,Salaried,6,730
CUST05019,130,Male ,91017,Salaried,999,783
CUST05236,38,M,91749,SALARIED,Unknown,686
CUST04315,25,N/A,62441,Full-Time,4,718
CUST02304,64,male,2388,Jobless,0,709
CUST03491,56, Female,67150,Sal.,15,612
CUST00560,27,F,86205,Sal.,5,-50
CUST03716,30,MALE,59590,Self Employed,2,822
CUST03398,21,Male,31761.00,FREELANCER,1,550
CUST01309,21,Female,109097,Salaried,1,735
CUST04562,60,M,NULL,Jobless,0,750
CUST00488,51,Male ,73742,Sal.,14,775
CUST05694,28,Male ,46208,self-employed,5,754
CUST03256,38,Male ,86849,Self employed,18,696
CUST00439,51,M,"$142,661",Full-Time,27,804
CUST00620,7,FEMALE,178650,Business owner, ,733
CUST00961,53,nan,3666,Unemployed,0,573
CUST03753,56,Male,71485.00,Self Employed,15,599
CUST05915,58,F,119946,Self-Employed,35,764
CUST02886,36,Female,N/A,Sal.,5,647
CUST04311,33,M,77724,Gig Worker,7,767
CUST03088,45,female,68645,SALARIED,4,628
CUST01047,39,male,43134,self-employed,4,544
CUST02193,49,female,"$141,621",SALARIED,13,633
CUST00136,55,female,92811,salaried,1,567
CUST02767,58,non-binary,44261,SALARIED,3,766
CUST02944,26,MALE,92117,Salaried,5,#N/A
CUST05914,26, Female,93422,Self Employed,5,524
CUST02072,59,M,35256,Salaried,34,850
CUST02888,32,FEMALE,33822,salaried,1,708
CUST03860,22,female,28481,Self employed,1,662
CUST03958,#N/A,male,82583,Salaried,3,634
CUST05560,38,F,68996,Self employed,N/A,670
CUST01383,42,f,78130,,2,687
CUST00738,31,m,61775,Free Lancer,6,698
CUST03706,56,f,213631,Biz Owner,28,676
CUST04130,42,m,147315,salaried,1,734
CUST00342,23,female,80022,Salaried,3,641
CUST01818,42,female,95231,SALARIED,10,NULL
CUST04353,26,m,89351,Full-Time,5,827
CUST05639,24,M,132149,salaried,1,714
CUST02887,60,Male ,194554,Business owner,28,738
CUST03435,22,M,81829,Salaried,1,823
CUST04935,65,Male ,50157,freelancer,11,633
CUST00006,40,Male ,115637,salaried,8,737
CUST01606,59,Male ,76975,FREELANCER,30,830
CUST00096,39,FEMALE,"$101,586",Salaried,17,697
CUST03845,23,F,115066,SALARIED,2,678
CUST01967,52,female,43590,Sal.,7,795
CUST03913,23,M,29453,Self-Employed,2,734
CUST04056,56,f,126282,Unknown,34,848
CUST00350,60,Female,70156,Self Employed,3,788
CUST05251,45,Female,64524,Freelancer,5,774
CUST03765,64,MALE,142784,salaried,19,nan
CUST00021,56,m,130620,salaried,25,706
CUST01836,62,Male,53605,FREELANCER,16,777
CUST04466,59,female,38201,Self-Employed,22,657
CUST03989,43,MALE,-5000,Self Employed,22,849
CUST05110,27,f,46060,SALARIED,1,692
CUST04504,21,F,8699,Unemployed,0,649
CUST05637,42,F,120786.00,Business Owner,2,747
CUST05866,65,f,68385,N/A,19,665
CUST03040,50,F,Unknown,Sal.,11,747
CUST02855,52, Female,36778,self-employed,27,499
CUST02421,40,Unknown,84749,Salaried,14,704
CUST03816,49,Male,35203,salaried,8,677
CUST04589,32,female,130050,salaried,2,532
CUST02922,23,Female,138146,Sal.,3,689
CUST04911,7,MALE,73911,SALARIED,7,585
CUST03384,32,M,198053,BUSINESS OWNER,4,683
CUST01487,39,female,86816,SALARIED,Unknown,690
CUST00068,36,Male,INR 63494,SE,9,NULL
CUST02626,48,female,INR 112863,salaried,5,Unknown
CUST04185,Unknown,F,123891,Sal.,19,587
CUST05240,62,m,-1,Business Owner,34,730
CUST00492,30,m,59741,self-employed,3,633
CUST05657,62,Male ,53225,NULL,-3,677
CUST01930,25,Female,36567,SALARIED,4,704
CUST02820,41,male,128800,Business Owner,9,721
CUST03407,60,NULL,48867,Salaried,7,614
CUST01171,61,Male ,66027,salaried,Unknown,673
CUST01324,26,MALE,,salaried,6,687
CUST00852,65,Male ,36811,Salaried,18,546
CUST00981,30,f,NULL,salaried,1,673
CUST02369,50,m,201789,Business Owner,18,757
CUST02668,31,Female,146577,Business owner,11,0
CUST05168,59,f,99999999,Entrepreneur,7,674
CUST05307,54,f,92259,Biz Owner,4,533
CUST05278,50, Female,#N/A,Self Employed,10,629
CUST04853,25,male,7617,Jobless,0,639
CUST00937,57, Female,88089,Self employed,NULL,775
CUST01804,28,Female,99243,salaried,6,850
CUST02522,30,FEMALE,18260,Freelancer,1,708
CUST00275,30,F,64624.00,SE,7,748
CUST05116,7,FEMALE,#N/A,Sal.,5,804
CUST03580,53,Male ,"$76,711",Self-Employed,20,798
CUST05715,31,Male,141711,Full-Time,2,805
CUST05442,43,f,125029/-,Business Owner,8,776
CUST03703,53,f,136598,Full-Time,5,718
CUST05106,51,f,70324,Full-Time,4,690
CUST03462,59,Male ,105288,SALARIED,15,765
CUST00997,25,M,79118/-,SALARIED,1,692
CUST03568,56,Male ,147893,Sal.,1,749
CUST00258,23,Male,57835,Sal.,1,654
CUST01754,37,,95171,salaried,4,691
CUST05191,57,Male,99999999.00,Self Employed,3,624
CUST01398,29, Female,113726,N/A,8,Unknown
CUST00941,34,f,143053,salaried,6,647
CUST02563,29,m,101859,self-employed,4,667
CUST02048,38,FEMALE,73205,Free Lancer,16,757
CUST05256,36,F,94320,Business Owner,10,781
CUST03940,60,MALE,29785,Self Employed,3,750
CUST05198,55,nan,35051,Sal.,20,655
CUST02825,52,Male,79797,Self employed,27,#N/A
CUST05127,,F,27395,freelancer,3,646
CUST02864,56,Male ,112736,Salaried,6,596
CUST02712,30,Male ,138094,Salaried,3,720
CUST02658,60,FEMALE,102412,Salaried,21,778
CUST05231,22,f, ,Self Employed,1,631
CUST05267,35,female,nan,Self Employed,2,694
CUST05356,25,Male ,96813,Business owner,1,850
CUST00667,53,Female,108038,salaried,7,646
CUST02969,61,M,145176,Salaried,7,840
CUST01863,38,,124256,Full-Time,-3,715
CUST04306,32,MALE,73910,salaried,11,626
CUST01067,#N/A,F,105289,Sal.,2,843
CUST01535,N/A,MALE,197462,BUSINESS OWNER,25,683
CUST04728,40,NULL,Unknown,Full-Time,14,833
CUST03784,62,MALE,4850, ,0,555
CUST05875,46,M,66885,Salaried,16,734
CUST04293,59,f,131115,Sal.,19,709
CUST05009,55,MALE,33552,Freelancer,23,660
CUST00330,-5, Female,149633,SALARIED,21,730
CUST01560,44, Female,34617,Full-Time,1,647
CUST04318,45,Female, ,Salaried,6,713
CUST01738,50,M,208831,Entrepreneur,18,817
CUST05887,44,F,218151,Business owner,23,805
CUST03741,64,Female,101567,Biz Owner,2,742
CUST03181,58,M,95600.00,salaried,34,709
CUST00722,28,f,61335,SALARIED, ,796
CUST03615,41,m,2174,Not Employed,0,712
CUST00979,49,MALE,70245,SALARIED,29,745
CUST03194,46,M,110279,SALARIED,10,741
CUST01257,46,male,59318,Full-Time,15,724
CUST04532,53, ,129715,SALARIED,18,657
CUST05359,55,F,55453,Salaried,11,667
CUST02374,25,f,75709,Sal.,1,675
CUST00712,58,Male,130432,salaried,4,673
CUST00834,63,female,39231,Free Lancer,15,795
CUST05302,57,Female,63621,Salaried,24,712
CUST04789,40,f,2425,Unknown,0,850
CUST05326,51, Female,99099,Sal.,29,788
CUST05815,62,f,59691,Full-Time,33,723
CUST04494,0,FEMALE,64248,Business Owner,17,nan
CUST05529,60,Female,30438,Sal.,10,NULL
CUST00043,24,F,51844,freelancer,2,750
CUST01188,44,female,63609,FREELANCER,24,677
CUST02077,NULL, Female,79768,Self-Employed, ,737
CUST04155,33,M,#N/A,SALARIED,5,627
CUST04071,32,Female,58093,Self employed,5,821
CUST01042,48,Male,139604,Salaried,11,786
CUST04896,52,m,81738,Salaried,29,727
CUST00361,32,FEMALE,51272,Full-Time,N/A,nan
CUST01868,51,m,50083,Self-Employed,13,821
CUST00341,61,Female,112847,Salaried,3,629
CUST05997, ,male,133858,BUSINESS OWNER,14,687
CUST03750,64,MALE,62067,Self-Employed,20,831
CUST00555,39,M,34957,Free Lancer,11,667
CUST03733,51, Female,28222,nan,17,723
CUST04081,37,f,133745,salaried,15,NULL
CUST02342,58,f,66677,SE,12,786
CUST04384,42,MALE,130068,SALARIED,3,662
CUST01265,-5,f,-5000,SALARIED,N/A,833
CUST00533,N/A, Female,245669,Biz Owner,1,562
CUST01165,64,M,25598,SE,23,771
CUST00608,44, Female,31996,self-employed,2,537
CUST04534,52,Male ,90788,Sal.,10,786
CUST01025,41,f,46636,Full-Time,12,706
CUST00680,49,F,57393,self-employed,19,728
CUST05645,41,M,98483,Full-Time,11,712
CUST01824,39,Male ,137256,Full-Time,1,693
CUST01629,nan,Female,,Sal.,17,NULL
CUST03428,#N/A,Male,78892,Gig Worker,9,714
CUST05977,Unknown,male,60589,Sal.,9,554
CUST04400,47,M,67712,Salaried,23,662
CUST00704,52,N/A,42061,Sal.,9,583
CUST05441,38,M,35359,Self employed,5,653
CUST01950,56,Male ,219252,BUSINESS OWNER,23,796
CUST03789,37,M,90903,Self employed,8,735
CUST04221,63,MALE,36027,Freelancer,7,700
CUST00367,41,FEMALE,52132,Free Lancer,4,Unknown
CUST00416,23,m,78668,SALARIED,Unknown,458
CUST04256,62,Male,89493,Self employed,27,752
CUST02274,130,Male,33770,Salaried,12,597
CUST01226,57,M,99999999,Freelancer,21,792
CUST00073,65,M,82224,Self Employed,1,706
CUST00775,37,f,230331,Business Owner,16,771
CUST05429,26,FEMALE,146214,Full-Time,6,684
CUST03170,47,F,7811,UNEMPLOYED,0,558
CUST00037,7,M,124995,Full-Time,1,594
CUST00337,25, Female,61466,Salaried,1,610
CUST02777,61,N/A,93011,Full-Time,21,645
CUST01125,64,f,79563,Self-Employed,23,Unknown
CUST05098,NULL,Female,84364,SALARIED, ,714
CUST03594,33,M,147344,Salaried,7,562
CUST01900,45,M,41149/-,SALARIED,16,nan
CUST00080,30,Male ,61777,Sal.,9,724
CUST02013,52,m,47343,SE,14,850
CUST04855,37, Female,293645,Entrepreneur,6,760
CUST04782,64, ,"$231,003",Biz Owner,nan,698
CUST03260,25,MALE,"$60,284",Self employed,nan,nan
CUST03656,26,m,87285,Self-Employed,6,519
CUST04669,23,#N/A,85025,Sal.,3,674
CUST03665,22,#N/A,85956,Sal.,1,725
CUST00385,23,f,16150,Free Lancer,3,627
CUST05649,36, Female,163003,Business Owner,14,783
CUST05358,51,Male,"$54,774",Self Employed,27,703
CUST00030,36,male,109221,salaried,4,732
CUST02268,60,male,60753,FREELANCER,19,850
CUST03537,22,Non binary,76923,Salaried,1,850
CUST05963,N/A,Female,123917,Business owner,NULL,798
CUST05675,65, Female,83314,Salaried,999,793
CUST04567,23,M,78990,Self Employed,1,719
CUST01396,48,FEMALE,118688,SALARIED,16,683
CUST01440,61,f,50104,Gig Worker,N/A,661
CUST03018,52, Female,NULL,SALARIED,10,850
CUST02004,59,F,88619,Salaried,1,699
CUST03466,52,male,76080,Salaried,13,712
CUST01596,61,Female,92901,Entrepreneur,3,571
CUST05896,27,FEMALE,125236,Full-Time,7,
CUST04091,57,M,74306,self-employed,8,755
CUST03045,55,female,42839,Self Employed,30,647
CUST04699,23,m,INR 187304,Entrepreneur,3,696
CUST03381,65,f,"$48,750",SE,4,701
CUST04187,56,M,108030,Self Employed,30,734
CUST03072,7,male,84656,self-employed,17,769
CUST04278,28,M,291392,BUSINESS OWNER,8,811
CUST01638,51,female,84560,Self Employed,25,850
CUST03455,64,Male,143643,Full-Time,29,850
CUST03053,62,FEMALE,78111,Sal.,26,724
CUST01641,21,M,91469,salaried,Unknown,712
CUST01127,49,Female,48869,Salaried,18,850
CUST03969,26,M,Unknown,Full-Time,5,634
CUST04628,21,MALE,-1,Business owner,1,717
CUST00679,26, Female,198670,,1,795
CUST02974,33,MALE,255923,Business owner,11,900
CUST00097,25,,9784,UNEMPLOYED,0,735
CUST04128,36, Female,98143,SE,11,810
CUST02545,57, Female,61002,salaried,34,784
CUST01323,32, Female,235839/-,BUSINESS OWNER,6,671
CUST01000,62,MALE,112840,self-employed,4,656
CUST04524,24,MALE,261365,Business Owner,3,681
CUST05768,36,f,233871,Business Owner,6,678
CUST03311,44,f,129392,Salaried,20,767
CUST04578,54,FEMALE,32030,Freelancer,-3,797
CUST05594,46,MALE,274422,Business Owner,10,847
CUST04122,64,F,73441,#N/A,13,792
CUST04889,27,male,17524,freelancer,3,696
CUST00514,34,Female,95938,Full-Time,11,633
CUST05784,61,male,101892,SE,17,818
CUST04510,52,Female,113201,Salaried,9,723
CUST02868,N/A,female,130038,Sal.,1,746
CUST04517,41,M,76527,Free Lancer,2,708
CUST04176,47,M,1484,Not Employed,N/A,518
CUST04842,26,female,31002,Self employed,5,792
CUST01285,25, Female,37504,nan,5,769
CUST04313,32,M,91112,Sal.,1,595
CUST03456,55,MALE,49625,SE,33, 
CUST05213,44,male,79238,Sal.,11,699
CUST04572,28,female,239193,Business Owner,7,707
CUST04715,63,Male ,105659,SE,25,729
CUST00019,-5, Female,61312,self-employed,2,N/A
CUST05848,23,F,57859,SALARIED,1,828
CUST02317,,female,111525,SALARIED,11,769
CUST05360,45,m,61067,salaried,6,692
CUST02292,58,Male ,67501,Freelancer,9,795
CUST01189,54,non-binary,84958,Sal.,26,745
CUST00781,61,F,95720,Self-Employed,27,667
CUST03306,29,F,75102,SALARIED,8,710
CUST00963,47,FEMALE,37764,freelancer,12,538
CUST05435,21,m,53285,Full-Time,#N/A,817
CUST01534,,female,284798,Business owner,16,719
CUST05455,22,male,102264,Business Owner,2,585
CUST00578,61,M,119074,Sal.,20,850
CUST04132,39,Female,74245,Self-Employed,12,689
CUST04752,25,Male ,26989,Self Employed,4,695
CUST00636,38,male,48493,SE,18,762
CUST02837,25,f,97301,Full-Time,3,801
CUST02325,44,MALE,110055,Self-Employed,8,486
CUST02899,55,female,136320,Salaried,27,561
CUST01525,54,male,41880,Sal.,2,670
CUST01417,53,F,15866,Gig Worker,23,791
CUST02089,63,m,99817,self-employed,15,665
CUST00112,40,M,62417,Salaried,12,nan
CUST03960,31,female,48217,Sal.,7,562
CUST04403,64,male,245974,Entrepreneur,29,999
CUST02491,nan,M,-5000,salaried,6,763
CUST01923,61,f,9895,Jobless,0,Unknown
CUST00575,62,male,90742,Self employed,25,736
CUST05743,63,F,113740.00,SALARIED,29,638
CUST03911,23,female,70122,SALARIED,NULL,650
CUST04041,38,FEMALE,NULL, ,14,667
CUST02549,Unknown,f,54925,SE,7,524
CUST03605,39,male,113707,BUSINESS OWNER,12,850
CUST00335,48,m,57990,salaried,24,723
CUST03168,43,Male ,140695,Salaried, ,850
CUST02217,63,male,151875,Business owner,15,582
CUST05646,34,F,109799,self-employed,4,743
CUST05716,40,male,108342,SE,20,746
CUST03854,45,MALE,INR 3727,Unemployed,0,552
CUST04888,40,male,114842,SALARIED,N/A,734
CUST01425,54,Female,122877,BUSINESS OWNER,19,616
CUST02785,64,female,106081,Self employed,20,687
CUST05037,47,MALE,72617,#N/A,7,714
CUST01476,33,Female,29327,SE,7,643
CUST04351,23,female,73968,,2,722
CUST00053,65,male,N/A,Full-Time,2,646
CUST02530,63,Male ,36697,SE,5,785
CUST00891,41,Male,110319,Full-Time,10,673
CUST02119,44,FEMALE,"$106,168",Salaried,18,801
CUST02240,61,female,56747,Business owner,N/A,698
CUST00519,-5,Female,85127,Self employed,8,692
CUST04361,29,MALE,138350,Salaried,8,723
CUST04297,49,Male,8923,Not Employed,0,817
CUST01851,62,M,Unknown,Full-Time,28,812
CUST04563,60,female,NULL,Gig Worker,31,732
CUST05544,62, Female,76657,Gig Worker,32,850
CUST03240,200,Male,-5000,NULL,24,838
CUST05146,nan,Female,75666,Biz Owner,8,614
CUST02147,41,m,59055,Freelancer,3,850
CUST03645,45,female,114757,Salaried,9,707
CUST05863,57,MALE,INR 108603,BUSINESS OWNER,32,751
CUST03578,46,m,58344/-,BUSINESS OWNER,16,709
CUST05617,28,Male ,97476,Full-Time,4,699
CUST04866,24,f,79831,SE,2,614
CUST04865,40,female,51433,salaried,17,642
CUST01274,56,female,158009,BUSINESS OWNER,28,614
CUST00563,48,f,69886,Freelancer,8,750
CUST05946,63,F,68339,Self Employed,32,#N/A
CUST04457,51,MALE,92598,SALARIED,4,999
CUST01334,23,F,113495,SALARIED,3,751
CUST02363,50,Female,"$105,482",Salaried,26,850
CUST01464,-5,F,105217,salaried,2,717
CUST02844,60,Male,67742,Gig Worker,9,714
CUST05384,26,m,62294,Gig Worker,3,653
CUST00308,40,Non-Binary,41444,SE,20,818
CUST00292,54,FEMALE,NULL,SALARIED,3,649
CUST00339,34,Male,INR 56819,self-employed,7,710
CUST02026,24,m,141056,Full-Time,NULL,730
CUST00748,60,Male,106742,salaried,20,600
CUST02319,56,MALE,22617,Free Lancer,23,615
CUST02582,43,FEMALE,NULL,salaried,1,654
CUST00736,38,f,79911,Self Employed,15,
CUST04165,58, Female,172335,Business owner,29,785
CUST04758,33,F,51515,salaried,10,741
CUST00356,44,FEMALE,149885,SALARIED,#N/A,714
CUST01432,30,FEMALE,INR 78707,Salaried,5,734
CUST03157,39,FEMALE,"$38,434",Self-Employed,12,662
CUST01278,57,non-binary,nan,Biz Owner,19,742
CUST05353,54,Male ,105284,salaried, ,706
CUST00814,38,F,119092,Self-Employed,9,736
CUST05526,64,Female,,Salaried,N/A,725
CUST02664,56,male,100077,SALARIED,35,755
CUST02698,64,M,89113,Self Employed,32,850
CUST04461,25,female,88162,SE, ,683
CUST01872,53,male,4364,unemployed,,705
CUST00548,54,male,28541,Freelancer,13,759
CUST03477,38, Female,65213,Freelancer,5,840
CUST02139,28,female,80238,salaried,2,-50
CUST02600,38,Female,68673,salaried,15,657
CUST05115,32,female,118085,Biz Owner,2,627
CUST00886,65,MALE,NULL,SALARIED,31,666
CUST03953,48,Male,51434,Self Employed,5,652
CUST01926,64,Unknown,97033,Business Owner,100,850
CUST01770,60,f,62775,nan,13,776
CUST01318,28,male,93019,Self-Employed,2,619
CUST01561,42,Female,52777,SALARIED,7,767
CUST01652,63,female,99429,SALARIED,9,561
CUST05973,nan,Male ,56173,Salaried,22,578
CUST00287,44,FEMALE,101050,SALARIED,6,670
CUST01248,38, Female,146880,salaried,15,758
CUST02258,41, Female,33383, ,1,614
CUST03515,44,Male ,65142,Salaried,24,658
CUST02557,21,Female,-5000,salaried,1,649
CUST01370,58,MALE,111649,Salaried,9,534
CUST01166,55,f,199157,Business Owner,29,775
CUST05228,32,MALE,121019,Salaried,2,850
CUST02943,23,Male,68011,Full-Time,1,796
CUST04763,60, Female,82226,self-employed,31,813
CUST01302,29,female,45816,Self employed,3,Unknown
CUST04231,57,M,54503,Biz Owner,#N/A,576
CUST01971,53,male,45883,Self-Employed,17,802
CUST00476,22,M,54202,salaried,1,645
CUST00444,28,FEMALE,6704,Jobless,0,684
CUST05297,27,female,52947,Business owner,4,595
CUST03524,#N/A,female,102882,SALARIED,3,831
CUST04908,32,MALE,32531,freelancer,12,598
CUST04209,42,m,4244,UNEMPLOYED,0,689
CUST03296,37,male,36381.00,Self Employed,2,671
CUST05206,23,Male,116496,Full-Time,1,595
CUST01817,26,m,92093,Self-Employed,NULL,646
CUST03818,130, Female,N/A,SE,8,626
CUST01621,65, Female,36738,Gig Worker,nan,Unknown
CUST03426,23,Male,112909,salaried,2,586
CUST05201,59,F,55916,Self-Employed,8,718
CUST00425,24,FEMALE,145841,salaried,4,733
CUST00169,30,male,39841,Salaried,3,720
CUST05351,30,Female,108460,salaried,nan,#N/A
CUST01035,54,Female,233137,Business Owner,19,624
CUST03660,23, ,277326,Entrepreneur,2,748
CUST02535,65,female,123356,Full-Time,27,850
CUST01373,55,Male ,57798,SALARIED,13,618
CUST02034,43,M,74244,FREELANCER,23,659
CUST05413,64, Female,114014,Sal.,12,573
CUST00888,21, Female,#N/A,Sal.,1,N/A
CUST02792,64, Female,79663,self-employed,13,563
CUST05212,58,female, ,freelancer,3,636
CUST02461,51,female,61225/-,Self employed,Unknown,635
CUST02531,38,Male ,123275,Full-Time,6,648
CUST02478,51,Female,141530,Sal.,18,779
CUST01489,36,M,232739,Biz Owner,2,580
CUST04722,41,NULL,147464,Full-Time,20,655
CUST02057,57, Female,31258,Self Employed,18,585
CUST02165,54,Female,56850,SALARIED,19,845
CUST00373,22,female,49452,NULL,1,682
CUST01833,50,MALE,176447,Business owner,28,800
CUST04677,40,male,118925,Self-Employed,7,539
CUST05540,64,F,"$120,435",salaried,20,620
CUST04242,55,m,127905,SALARIED,8,671
CUST00078,62,Male ,102109,Salaried,2,794
CUST03147,40,Male ,77016,Full-Time,15,711
CUST01571,23,Male ,INR 63338,Full-Time,2,719
CUST04703,64,F,113057,Full-Time,29,608
CUST00054,60,Female,57432,Salaried,10,531
CUST00254,45,Male ,45087,self-employed,9,589
CUST04389,35,FEMALE,117790,Salaried,Unknown,699
CUST00900,47,F,35548,Full-Time,16,687
CUST04423,24,N/A,25040,freelancer,1,658
CUST01313,62,m,85204,Full-Time,999,805
CUST01093,47,m,53753,FREELANCER,1,485
CUST04305,48,m,35153,salaried,12,595
CUST00950,0, Female,298518,Business Owner,1,675
CUST04017,41,F,79545,SE,18,730
CUST05095,51,NULL,1616,Jobless,0,676
CUST05822,55,FEMALE,45675,salaried,100,661
CUST03259,31,F,119656,Sal.,2,641
CUST02159,23,m,73071.00,Free Lancer,1,702
CUST01185,56,MALE,117414,Salaried, ,850
CUST03405,31,m,61760,Salaried,8,824
CUST02980,58,F,80481,Salaried,1,715
CUST00275,30,F,64624.00,SE,7,748
CUST05349,,Male,INR 119013,Self-Employed,14,821
CUST01834,46,M,82930,self-employed,2,749
CUST01401,39,m,36248,self-employed,14,646
CUST00014,21, Female,257953,nan,N/A,850
CUST02494,62,Female,5326,UNEMPLOYED,0,677
CUST02824,65,F,35421,SALARIED,26,796
CUST05380,23,Male ,52357,Full-Time,2,708
CUST03718,32,NB,54351,SALARIED,9,N/A
CUST05935,46,male,95827, ,25,773
CUST03119,59,m,87510,Entrepreneur,Unknown,760
CUST03343,36,f,48314,Free Lancer,8,656
CUST01734,35,F,277583,BUSINESS OWNER,7,525
CUST05237,63,M,229764,Entrepreneur,18,850
CUST04415,nan,F,95177,Full-Time,4,623
CUST02740,51, Female,99999999,Gig Worker,N/A,613
CUST01243,42,Female,#N/A,SALARIED,2,781
CUST05545,61, Female,84517,SE,24,647
CUST01673,28, Female,54284,Freelancer,7,692
CUST04954,24,Male ,5684,Unemployed,0,593
CUST02315,34,male,120399,Entrepreneur,5,666
CUST01413,38,MALE,76051,Full-Time,14,672
CUST03907,48,MALE,75475,SALARIED,1,616
CUST03071,28,m,189618,Biz Owner,8,752
CUST02061,23,M,88424,SALARIED,3,669
CUST05414,#N/A,m,49174,Self Employed,21,705
CUST04057,53, Female,7437,Unemployed,0,613
CUST00348,56,Female,98869,Self employed,-3,748
CUST03532,42,male,32959,Salaried,10,620
CUST01862,53,nan,44598,Salaried,10,784
CUST01346,34,female,80616,Salaried,10,707
CUST03500,25,MALE,129917,Entrepreneur, ,597
CUST05489,39,F,295613,BUSINESS OWNER,12,754
CUST03378,41,female,,Sal.,12,701
CUST00009,61,M,116892,self-employed,19,748
CUST04696,24,male,44213,Salaried,2,609
CUST01937,42,m,93393.00,Sal.,3,733
CUST00837,37,m,230257,Entrepreneur,7,754
CUST00968,23,FEMALE,67960,Business Owner,1,659
CUST01908,33,male,INR 79504,Business owner,10,787
CUST04304,64,f,43844,Salaried,22,563
CUST05841,21, Female,"$102,533",Self employed,1,620
CUST03799,35, Female,123860,SALARIED,4,634
CUST04322,51,F,99999999,Salaried,9,769
CUST04986,24,Male ,109935,Salaried,2,#N/A
CUST00149,43,Male ,56895,Sal.,5,631
CUST00862,58, Female,68008,Gig Worker,26,798
CUST00062,44,m,183522,Unknown,N/A,771
CUST03041,62,M,98089,Self Employed,8,777
CUST05770,64, Female,56224,Sal.,NULL,531
CUST05288,21,FEMALE,39405,Sal.,1,741
CUST04348,46,Male ,25522,Self Employed,19,674
CUST02014,33,F,Unknown,self-employed,10,741
CUST05490,50,female,40887,Free Lancer,28,698
CUST04502,41,Male,53432,Sal.,3,727
CUST02750,26,Male ,34528,Sal.,100,752
CUST05046,35,MALE,62936,Salaried,11,645
CUST01696,59,FEMALE,51484,SE,14,701
CUST04979,44,M,87452,salaried,21,999
CUST03931,53,female,76593,Salaried,14,850
CUST01643,58,male,92576.00,Salaried,10,637
CUST05895,43,Male ,22559,SE,18,727
CUST05754,55,MALE,108745,salaried,32,704
CUST02401,53,male,5642,unemployed,0,742
CUST01605,46,female,137465,Full-Time,5,704
CUST02437,55,Male ,55324,Salaried,#N/A,716
CUST02269,57,FEMALE,60210,Self-Employed,12,
CUST05605,#N/A,Male ,72497,Free Lancer,7,736
CUST05985,47,F,877,unemployed,0,571
CUST00033,59,MALE,130950,SALARIED,2,717
CUST03043,44,M,130405,SALARIED,1,617
CUST04310,54,m,27841,SE,6,611
CUST00083,37,F,,salaried,5,787
CUST05470,43,f,59241,SALARIED,17,758
CUST01936,46,Male,83263,Sal.,11,758
CUST02219,37,F,31859/-,Full-Time,2,633
CUST04182,61,male,26198,Free Lancer,26,850
CUST04551,32,FEMALE,115014,SALARIED,1,649
CUST05482,42, Female,129521,salaried,22,596
CUST02110,37,MALE,68620,Business Owner,4,756
CUST03851,50,F,295008,Entrepreneur,11,678
CUST00554,45,MALE,61974,freelancer,23,646
CUST03283,24,Female,8663,Jobless,0,774
CUST01586,48,M,268203,Entrepreneur,10,688
CUST00463,21,female,33636,self-employed,1,672
CUST00944,56, Female,111992,Salaried,nan,744
CUST04663,28,male,92932,Biz Owner,3,850
CUST01997,41,male,90564,SALARIED,12,639
CUST01342,34,Other,81607,Sal.,13,710
CUST01585,28,MALE,102961,Sal.,5,632
CUST01991,43,male,43617,Gig Worker,5,748
CUST05836,53,NB,102419,self-employed,7,646
CUST04272,22,M,95029,Biz Owner,2,651
CUST05161,47,Female,22429,Self employed,23,794
CUST00241,57,male,3676,Jobless,0,658
CUST05094,41,m,57999,Freelancer,5,639
CUST05742,42,male,"$149,178",Biz Owner,4,777
CUST02853,47,f,"$66,907",salaried,5,738
CUST04180,38,Male ,92039,nan,15,733
CUST04331,35,M,126849/-,Full-Time,15,714
CUST04365,54,F,113019,Self employed,33,850
CUST04794,49, Female,81713,SALARIED,20,668
CUST01961,50,MALE,98883,SALARIED,27,831
CUST05523,,Male,77445, ,10,688
CUST02791,63,MALE,29676,Self-Employed,35,711
CUST04809,53,Male,61215,freelancer,3,814
CUST01366,57, Female,89472,Self employed,23,634
CUST03128,32,f,136283,Salaried,11,850
CUST05924,45, Female,50840,Freelancer,13,781
CUST04433,60,FEMALE,79637,Freelancer,2,779
CUST00092,39,FEMALE,99055,salaried,6,556
CUST01392,31, Female,58233,SALARIED,7,642
CUST02598,47,Male,57217,SALARIED,8,481
CUST02687,27,m,Unknown,Free Lancer,3,691
CUST04352,38,M,52572,Biz Owner,17,833
CUST02958,54,Male ,46815,SE,3,528
CUST02215,59,female,86627,#N/A,35,735
CUST03965,34,F,27167,Self Employed,8,689
CUST02042,61,FEMALE,217420,Business owner,19,747
CUST00499,41,MALE,87519.00,Full-Time,1,722
CUST02982,40,MALE,98748,salaried,9,767
CUST04575,62,female,45950,Self-Employed,25,685
CUST04137,47,MALE,115807,salaried,22,737
CUST04394,52,F,46901,Free Lancer,NULL,691
CUST02136,58, Female,58365,salaried,9,729
CUST05564,28,m,119532,Full-Time,8,567
CUST01150,42,MALE,66268,Full-Time,3,655
CUST00323,39,MALE,22583,freelancer,17,759
CUST02288,-5,M,49893,SALARIED,14,667
CUST02245,33,female,23709,self-employed,5,540
CUST02882,23,female,62597,Salaried,2,741
CUST00803,24,female,99999999,self-employed,100,610
CUST05827,7, Female,106850,Self-Employed,1,850
CUST00585,24, Female,132002,Sal.,1,706
CUST00428,54,MALE,107593,Self Employed,26,664
CUST00493,59,Male,120151,SALARIED,N/A,801
CUST05992,#N/A,M,36397,Gig Worker,23,N/A
CUST01881,39,F,95933,Self-Employed,8,622
CUST04235,52,FEMALE,65400,Full-Time,6,801
CUST00234,7, Female,139898/-,SALARIED,27,849
CUST01043,N/A,Female,34585,salaried,2,665
CUST05040,42,MALE,69968,Freelancer,22,674
CUST01119,63,f,96188,Self Employed,18,652
CUST02590,35,female,93181,salaried,14,638
CUST03661,31,Male ,INR 101424,Sal.,10,622
CUST05045,24,f,112918,Sal.,1,749
CUST03638,42,F,"$81,126",self-employed,19,766
CUST00657,41,Male ,70623,SALARIED,,755
CUST01407,35,#N/A,106588,SALARIED,2,829
CUST04465,N/A,M,76910,SE,5,777
CUST05539,52,M,112820,self-employed,9,722
CUST02722,56,Male,57290,Salaried,13,818
CUST01439,39,f,22997,Self employed,11,850
CUST04531,36,MALE,"$140,707",SALARIED,nan,567
CUST05730,39,Female,125858,Full-Time,13,836
CUST05820,7, Female,34547,salaried,19,662
CUST00916,52,MALE,8175, ,0,642
CUST05160,36, Female,137933,Sal.,N/A,749
CUST03451,51,Male ,INR 50277,#N/A,15,850
CUST02293,37,female,98880,salaried,5,660
CUST02670,22,FEMALE,47089,Gig Worker,1,737
CUST02542,34,Female,69719,Full-Time,2,780
CUST03261,23,Male,82393,Self-Employed,2,687
CUST02950,28,m,121302,Unknown,4,625
CUST04631,28,male,76493,Freelancer,2,731
CUST02832,65,#N/A,54046,BUSINESS OWNER,22,482
CUST03683,65,male,58730,self-employed,8,650
CUST01173,44,Female,126815,salaried,2,778
CUST00993,40,non-binary,Unknown,SALARIED,100,758
CUST04917,45,m,137539,Sal.,24,565
CUST03808,53,MALE,8318,Unknown,0,758
CUST02663,58,Female,58813,self-employed, ,713
CUST02905,44,female,30227,Full-Time,22,624
CUST00786,55,male,64651,Salaried,16,745
CUST00591,63,MALE,171504,Business Owner,25,747
CUST05148,60,N/A,51660,Full-Time,NULL,750
CUST03279,39,MALE,148523,Full-Time,9,727
CUST00788,50,Male,41948,Sal.,26,802
CUST03627,24,Male,140045,Sal.,3,712
CUST04793,48,FEMALE,77198,Salaried,24,850
CUST03598,35, Female,73414,Sal.,2,Unknown
CUST04300,49,female,INR 107945,SE,26,835
CUST05702,53,MALE,105773,Full-Time,18,850
CUST03465,130,male,25716,Freelancer,2,801
CUST03678,33,F,,Unknown,6,588
CUST04366,54, Female,41478,Self employed,14,NULL
CUST04328,60,Male,81798,self-employed,1,794
CUST04569,30,MALE,55760,Self-Employed,10,660
CUST01597,46,Male ,135802,SALARIED,5,814
CUST03232,50,f,115341,,2,749
CUST02581,53,NULL,57961,salaried,28,758
CUST00632,43,Female,97034,Sal.,16,653
CUST01467,58,f,83128,Full-Time,1,619
CUST03024,52,Male ,37459,SE,12,805
CUST02328,56, Female,108538,,6,719
CUST03894,23,m,75806,Full-Time,3,537
CUST01548,65, Female,245902,nan,29,786
CUST04795,38,Female,111403,Self employed,1,568
CUST04317,40,Male ,176162,BUSINESS OWNER,2,825
CUST05874,32,F,INR 85187,Self employed,3,790
CUST02105,46,N/A,23926,freelancer,18,798
CUST05677,51,MALE,51684,Free Lancer,15,850
CUST04788,43,female,111818,Self Employed,3,580
CUST02964,57,FEMALE,101863,salaried,15,737
CUST03152,60,f,129201,SALARIED,15,719
CUST04558,N/A,Female,107944,Self-Employed,25,789
CUST02815,39,FEMALE,105136,Self employed,nan,802
CUST02702,65,MALE,32120,Full-Time,32,673
CUST05599,32, Female,128340,Salaried,Unknown,656
CUST02476,29,m,137354,SALARIED,6,672
CUST04043,27,m,96933,BUSINESS OWNER,3,624
CUST04745,35,M,60840,Sal.,1,804
CUST00617,62,M,129731,Sal.,25,818
CUST05065,62,FEMALE,58437,N/A,15,850
CUST02411,36,MALE,110805,Salaried,10,587
CUST00802,23,female,84301,SALARIED,2,507
CUST04746,22,M,114073,Salaried,2,697
CUST04046,53,Female,90682,Unknown,32,846
CUST00923,130,M,34061,Salaried,3,626
CUST00446,57,MALE,134575,SALARIED,22,628
CUST01466,23,M,117115,salaried,2,602
CUST01501,44,Non-Binary,98314,Self-Employed,11,633
CUST05580,59, Female,52187,BUSINESS OWNER,15,1200
CUST02935,40, Female,79326,Biz Owner,14,
CUST05183,59,FEMALE,INR 232436,BUSINESS OWNER,1,746
CUST02358,38,female,57548,Sal.,16,725
CUST02763,31,Male ,52336,SALARIED,9,N/A
CUST03315,48,Male ,122225,Sal.,nan,705
CUST05099,38,m,98806,Sal.,12,733
CUST02228,23,Female,30228,SE,2,N/A
CUST00332,64,FEMALE,74896,SE,23,605
CUST01578,50,female,64336,SE,13,641
CUST03246,47,MALE,50260,Full-Time,nan,824
CUST04765,65,F,44669,Sal.,,541
CUST00167,50,m,78913,freelancer,23,790
CUST01952,35, Female,90711,Sal.,12,679
CUST00797,48,Male ,76618,Free Lancer,22,N/A
CUST01615,39,female,2760,Unemployed,0,713
CUST01137,43,m,44843,Sal.,17,826
CUST01399,33, ,53999,Sal.,N/A,614
CUST00958,54,male,111413,Sal.,19,669
CUST01275,47,f,143657,Sal.,4,684
CUST01322,22,Female,79304,freelancer,1,721
CUST00599,25,Female,95408, ,2,646
CUST03697,36,Male,49919,Self employed,10,709
CUST05700,58,Non binary,288338,Biz Owner,NULL,589
CUST04939,52,m,71892,SALARIED,31,762
CUST01121,61,female,26497,Self Employed,14,782
CUST04772,33,Male ,112894,N/A,7,829
CUST04649,23,f,75228,Self employed,1,691
CUST05814,36,M,187140,Entrepreneur,6,704
CUST00344,43,m,146234,Salaried,999,Unknown
CUST04222,39,f,66400,salaried,7,716
CUST05451,43,female,71860,Sal.,#N/A,645
CUST04630,23,Male,72027,FREELANCER,2,654
CUST01339,28,female,56482,freelancer,6,593
CUST01582,26,male,98697,Self Employed,3,667
CUST02277,24,f,52447,salaried,1,732
CUST05894,57,female,115876,Biz Owner,26,900
CUST05417,34,female,INR 92914,Business Owner,5,632
CUST04359,52, Female,79829,Self-Employed,22,819
CUST02343,48,M,61394,Full-Time,28,779
CUST02398,57,Female,32258,Sal.,25,767
CUST01475,33,MALE,-1,freelancer,11,675
CUST04545,25,M,70717,Sal.,3,583
CUST03722,54,Male ,31240,Self employed,27,564
CUST05981,200,Female,177941,Entrepreneur,3,670
CUST02111,27,female,113753,Salaried,4,672
CUST03642,60,MALE, ,SALARIED,-3,665
CUST05463,42,f,126011,Salaried,10,580
CUST03059,22,Male,63875,SALARIED,1,645
CUST03571,59,MALE,33274,Sal.,28,726
CUST00407,23,Male,115895,Self Employed,3,755
CUST02538,N/A,Female,27051,FREELANCER,4,NULL
CUST05235,36,MALE,52179,salaried,11,703
CUST03832,41,male,142217,Salaried,13,736
CUST02071,24,Female,278313/-,Entrepreneur,4,848
CUST02758,31,female,66506,Freelancer,11,Unknown
CUST01725,200,MALE,41938,freelancer,1,-50
CUST05615,61, Female,77985,Sal.,12,752
CUST04283,44,male,75416,nan,3,850
CUST01272,NULL,FEMALE,#N/A,SALARIED,16,675
CUST03825,26,Male,120488,Business owner,1,628
CUST01172,21,F,56334,Salaried,1,811
CUST04994,65,FEMALE,52950,Freelancer,34,715
CUST02609,63,F,42441,self-employed,10,786
CUST03350,43,F,20838,freelancer,20, 
CUST04966,22,female,23362,freelancer,2,794
CUST04730,24,female,192451/-,Business owner,1,712
CUST05926,37,Female,61814,freelancer,16,502
CUST05422,25,FEMALE,,Full-Time,nan,554
CUST03523,54,Female,32301,Salaried,27,802
CUST03309,38,m,218516,Entrepreneur,9,800
CUST00513,26,Male,104713,SALARIED,4,754
CUST00004,29, Female,82409,Self employed,6,733
CUST05980,21,male,58664,Entrepreneur,1,698
CUST04455,52,f,156451,BUSINESS OWNER,28,692
CUST05295,64,N/A,129459,salaried,19,758
CUST02079,22,Male,121342,salaried,1,634
CUST03450,43,F,77964,Self-Employed,21,702
CUST04086,24,MALE,20955,Free Lancer,4,699
CUST03607,57,female,24460,Self-Employed,21,668
CUST04007,28,male,270918,BUSINESS OWNER,1,555
CUST00946,32,F,50191,Business owner,12,738
CUST05254,49,non-binary,143947,Salaried,24,656
CUST02961,60,FEMALE,119129,Salaried,19,784
CUST04847,53,Male,105333,Full-Time,23,850
CUST00687,38,Female,70217,Self Employed,15,759
CUST05718,65,F,97279,Sal.,27,673
CUST02575,29, ,75472,SALARIED,1,601
CUST04913,45,N/A,91848,BUSINESS OWNER,17,728
CUST01428,50,m,131427,Unknown,7,727
CUST03019,NULL,male,31152,self-employed,11,776
CUST00475,37,male,54720,Gig Worker,17,701
CUST05858,42,Unknown,19013,Gig Worker,1,767
CUST01497,21,Male ,Unknown,SALARIED,100,511
CUST03659,37,male,79226,Salaried,14,529
CUST03843,48,MALE, ,SALARIED,22,850
CUST02237,39,female,93642,Sal.,11,651
CUST03408,59,MALE,#N/A,salaried,7,694
CUST01343,26,f,107508,Sal.,6,701
CUST03785,47,female,115031,Salaried,27,770
CUST02287,47,F,74576,SALARIED,nan,535
CUST00728,32,FEMALE,112931,Salaried,10,690
CUST03867,47,M,66830,salaried,25,551
CUST00859,63,M,76612,Freelancer,34,756
CUST03432,51,M,50903,Self-Employed,23,777
CUST02002,34,m,72466,Salaried,11,749
CUST00253,45,male,74750,Sal.,24,800
CUST04215,46,F,38253,Sal.,5,737
CUST04274,51,f,99999999,unemployed,0,724
CUST05102,30,M,74320.00,BUSINESS OWNER,10,546
CUST03736,61,Male,1894,unemployed,0,713
CUST02135,27,male,131352,SALARIED,3,709
CUST03372,#N/A,male,108324,self-employed,1,629
CUST02704,22,Male ,103132,salaried,2,648
CUST05479,33,#N/A,37526,Salaried,11,770
CUST02993,39,F,63253,Salaried,5,587
CUST01072,35,Male ,118957,Sal.,6,705
CUST03204,41,f,98397,self-employed,14,702
CUST00022,45,M,126692,Full-Time,4,769
CUST01594,44,F,200380,Entrepreneur,16,710
CUST03197,23, Female,136724,SALARIED,2,nan
CUST03474,34, Female,126171,SALARIED,9,550
CUST05854,65, Female,101374,SALARIED,18,683
CUST02707,51,female,134119,Salaried,16,695
CUST04721,23, ,87182,SE,2,714
CUST01799,23,m,35433,Self employed,NULL,772
CUST04766,62,F,29273,SE,20,680
CUST01624,22,Male ,59844,Self Employed,1,812
CUST02322,58,female,40575,SALARIED,34,834
CUST04164,62,Male ,146516,SALARIED,33,765
CUST04838,43,male,124216,Full-Time,17,733
CUST00171,28,NULL,16384,freelancer,7,639
CUST00387,64,M,113329,Self-Employed,12,795
CUST04582,29,MALE,30769,Salaried,1,540
CUST02610,46,FEMALE,36020,Freelancer,10,608
CUST00144,39,Female,102400,Salaried,10,669
CUST01022,27,F,23024,Gig Worker,4,726
CUST05246,36,,73242,Gig Worker,10,750
CUST02472,30,f,90725,SE,5,607
CUST04931,30,f,96668,Self employed,8,675
CUST01724,41,Female,291164,Biz Owner,4,784
CUST02909,23,M,39372,Self employed,2,747
CUST04958,48,f,116944,Salaried,16,540
CUST02010,44,m,104235,Self-Employed,22,646
CUST03711,52, Female,208670,Entrepreneur,32,850
CUST01443,32,Female,4614,unemployed,0,724
CUST01452,27,MALE,84084,Sal.,-3,653
CUST01289,39,Female,128562,Entrepreneur,17,690
CUST02484,58,Male ,33220,self-employed,9,NULL
CUST04492,47,MALE,298764,Business owner,13,784
CUST01554,57,M,77153,FREELANCER,15,796
CUST03105,48,F,122857,Salaried,22,644
CUST03836,28, Female,91262,Self-Employed,2,622
CUST00947,37,male,117968,Full-Time,5,714
CUST01986,7, Female,NULL,Sal.,4,749
CUST05681,28,F,23386,Self-Employed,2,747
CUST05178,55,Male ,45116,salaried,22,721
CUST04332,42,M,83403,salaried,4,693
CUST03839,22,m,116289,Sal.,1,562
CUST01927,47,Female,226544,BUSINESS OWNER,3,836
CUST02044,55,Unknown,41684,freelancer,33,822
CUST01905,28,FEMALE,52989,self-employed,6,717
CUST00370,NULL,MALE,43090,SALARIED,17,749
CUST02357,54,M,NULL,nan,0,nan
CUST05059,51,M,"$105,600",salaried,3,601
CUST03176,24, Female,8373,Jobless,#N/A,1200
CUST00972,54,m,144840,Full-Time,7,696
CUST00209,31,F,168638,Business Owner,3,648
CUST03359,47,f,68922,salaried,19,766
CUST05906,46,f,INR 50209,Full-Time,18,798
CUST05285,29,Non binary,88174,Self-Employed,9,721
CUST02247,56,F,132145,Business owner,15,850
CUST03394,65,Female,NULL,salaried,24,728
CUST02244,35,f,9587,unemployed,0,577
CUST05466,23,FEMALE,38223,N/A,3,625
CUST05856,48,male,144190,SALARIED,13,850
CUST04405,57,#N/A,144107,Full-Time,16,633
