Loan_ID,Customer_ID,Loan_Amount,Loan_Type,Interest_Rate,Loan_Term,Loan_Status,Debt_to_Income_Ratio
LOAN006290,CUST01050,4255207,home loan,7.44,24,default,nan
LOAN005834,CUST01901,1762680,Housing Loan,6.95,180,Fully Paid,0.0
LOAN006703,CUST02643,1808421,Home Loan,9.2,12,paid,0.02
LOAN010147,CUST00709,0,Mortgage,7.93,24,#N/A,0.01
LOAN006261,CUST05735,234423,Personal Loan,11.83,240,ONGOING,0.0
LOAN003394,CUST00843,1428684,Business Loan,12.53,36,ONGOING,0.0
LOAN001778,CUST01500,296863,EDUCATION LOAN,7.68,12,Paid Off,0.0
LOAN004943,CUST01140,473199,PL,12.24,240,Open,0.0
LOAN003405,CUST03824,410177,education loan,10.25,60,ONGOING,0.0
LOAN002826,CUST04827,4854307,HOME LOAN,9.6,N/A,Ongoing,0.01
LOAN003043,CUST04628,"3,172,589",HOME LOAN,9.99,48,ongoing,0.01
LOAN007707,CUST01500,1318373,SME Loan,11.79,36,Paid Off,0.0
LOAN011535,CUST02173,1286433,car loan,-5, ,active,0.0
LOAN007947,CUST00709,610818,CAR LOAN,11.02,60,ongoing,0.0
LOAN010054,CUST00015,235028,PERSONAL LOAN,20.61,60,Bad Debt,0.0
LOAN010315,CUST01140,"₹519,192",Edu Loan,8.06,36,Fully Paid,0.0
LOAN002989,CUST02643,4754481,HOME LOAN,8.27,12,Unknown,0.05
LOAN002880,CUST02643,3088078,Home Loan,8.77,48,Fully Paid,0.01
LOAN007596,CUST02950,391470, ,12.5,48,ongoing,0.0
LOAN010170,CUST01140,435467,Edu Loan,8.82,12,nan,0.0
LOAN008656,CUST05069,1441728,Auto Loan,Unknown,240,ONGOING,0.0
LOAN008136,CUST05347,1374408,Car Loan,-5,60,Open,0.0
LOAN010617,CUST03189,"1,924,186",home loan,8.51,48,Open,#N/A
LOAN004233,CUST05328,365654,Vehicle Loan,10.49,240,Defaulted,0.0
LOAN005046,CUST05707,2135138,Mortgage,10.03,84,Charged Off,0.0
LOAN010060,NULL,549678,CAR LOAN,12.17,120,DEFAULT,0.0
LOAN002530,CUST05347,"367,709",Vehicle Loan,11.89,NULL,ONGOING,0.0
LOAN007689,CUST05823,212654,PL,14.32,180,PAID,0.0
LOAN009875,CUST02643,2997298,HOME LOAN,8.06,nan,Closed,0.01
LOAN009489,CUST05735,#N/A,personal loan,13.51, ,CLOSED,0.0
LOAN003599,CUST05069,316491,Student Loan,9.39,600,ACTIVE,0.0
LOAN003416,CUST00247,1038109,Biz Loan,13.05,60,Closed,0.0
LOAN010601,CUST04628,253331,PERSONAL LOAN,13.26,84,,0.0
LOAN004423,CUST01025,576802,SME Loan,12.35,240,ACTIVE,
LOAN003755,CUST05823,100310,Personal,13.9,120,Open,0.0
LOAN004506,CUST05069,-1000,Mortgage,8.41,60,ONGOING,0.01
LOAN001141,CUST00709,178795,,13.77, ,Open,0.0
LOAN008628,CUST05069,1390546,car loan,9.24,84,Paid,0.0
LOAN006696,CUST04628,2411046,home loan,8.65,180,Ongoing,0.0
LOAN006895,CUST00587,452264,Personal,Unknown,12,paid,0.0
LOAN007180,CUST00247,"1,373,919",Car Loan,10.48,120,CLOSED,0.0
LOAN009865,CUST00843,1492613,nan,9.99,60,ongoing,0.0
LOAN007351,CUST00552,457712,Vehicle Loan,10.08,84,Ongoing,99
LOAN001761,CUST03839,"699,890",car loan,9.32,48,ACTIVE, 
LOAN011811,CUST04628,"₹1,818,751",Mortgage,9.95,,ongoing,0.0
LOAN000665,CUST03839,1167099,HOME LOAN,nan,84,ACTIVE,0.0
LOAN004952,CUST02643,320947,Personal Loan,12.34,60,Paid Off,0.0
LOAN004706,CUST01025,0,SME Loan,12.35,120,Active,0.0
LOAN005107,NULL,2264404,Business Loan,11.95,60,Ongoing,0.0
LOAN007740,CUST05434,1885066,BUSINESS LOAN,12.65,240,Paid Off,0.99
LOAN001021,CUST04790,494604,personal loan,13.46,36,Paid,0.66
LOAN003785,CUST04827,Unknown,business loan,11.52,12,Paid Off,0.01
LOAN007665,CUST00840,2618109,Mortgage,9.78,60,Closed,0.99
LOAN002092,CUST05347,321804,Personal Loan,15.01,180,Current,N/A
LOAN000707,CUST05707,552904,Car Loan,11.41,24,ACTIVE,0.0
LOAN007377,CUST01025,330111,PERSONAL LOAN,13.93,48,Active,0.0
LOAN010536,CUST04289,986315,HOME LOAN,8.21,60,Paid,0.99
LOAN000315,CUST02173,314619,Personal,12.44,240,Closed,0.0
LOAN010698,CUST05328,2172869,Mortgage,9.03,36,Ongoing,0.01
LOAN006116,CUST05240,409339,personal loan,13.68,120,N/A,0.2
LOAN002763,CUST03824,1131667,CAR LOAN,11.59,180,Paid Off,0.0
LOAN001198,CUST03585,624826,CAR LOAN,11.72,60,Fully Paid,0.99
LOAN000760,CUST00090,"₹464,108",personal loan,14.09,180,DEFAULT,0.0
LOAN009272,CUST03824,4499857,home loan,10.05,84,PAID,0.01
LOAN008787,CUST05823,1570235,SME Loan,12.69,24,CLOSED,0.01
LOAN006228,CUST02643,2145905,nan,11.6,240,ongoing,0.0
LOAN007024,CUST03054,1163664,Vehicle Loan,9.64,24,Bad Debt,0.99
LOAN009398,CUST03662,367785,education loan,10.84,180,ONGOING,0.26
LOAN004358,CUST03173,431079,personal loan,12.08,240,Defaulted,0.38
LOAN003628,CUST01543,"₹184,325",PL,14.17,84,CLOSED,0.28
LOAN002623,CUST01281,"₹2,148,191",Home Loan,9.36,60,Paid,0.0
LOAN002511,CUST01281,713830,Auto Loan,11.04,120,Current,0.0
LOAN009957,CUST05823,"₹988,620",Vehicle Loan,11.79,24,Paid Off,0.0
LOAN003433,CUST00587,764246,Housing Loan,9.54,36,Fully Paid,0.0
LOAN010470,CUST00247,3574957,home loan,8.73,36,ONGOING,0.01
LOAN003796,CUST05511,439711,Education Loan,9.02,120,Paid,0.18
LOAN008745,CUST04733,"₹365,855",personal loan,11.89,24,PAID,0.99
LOAN009508,CUST02643,425103,Student Loan,9.47,24,PAID,0.0
LOAN010966,CUST03677,1117550,CAR LOAN,10.46,-12,CLOSED,0.01
LOAN000302,CUST00015,615031,Vehicle Loan,18.96,180,Default,0.0
LOAN002994,CUST03562,912990,Vehicle Loan,10.96,180,Paid Off,0.0
LOAN009016,CUST01025,467653,business loan,12.45,180,Paid Off,0.0
LOAN001078,CUST01140,98878,Personal Loan,11.34,180,PAID,0.0
LOAN009710,CUST00552,3840309,Housing Loan, ,60,PAID,0.01
LOAN001283,CUST03562, ,CAR LOAN,11.48,84,CHARGED OFF,0.0
LOAN006870,CUST01500,712052,Edu Loan,9.24,180,Fully Paid,0.0
LOAN000724,CUST04599,496881,PERSONAL LOAN,12.16,60,Closed,0.0
LOAN010687,CUST04827,360581,education loan,10.77,84,Ongoing,0.0
LOAN002206,CUST00709,3513865,home loan,7.97,60,PAID,0.01
LOAN010768,CUST05198,"₹1,305,272",Home Loan,#N/A,24,Defaulted,0.99
LOAN007199,CUST02508,382949,Vehicle Loan,12.54,240,,0.29
LOAN004302,CUST05823,55796,Personal,14.75,24,Fully Paid,0.0
LOAN001587,CUST05069,904606,car loan,9.09,24,Paid,0.0
LOAN009060,CUST00552,"₹175,138",PL,13.13,36,Active,0.0
LOAN008615,CUST02173,1989966,Home Loan,8.66,Unknown,Closed,N/A
LOAN011026,CUST04827,1530598,Home Loan,9.26,48,Current,0.0
LOAN008971,CUST03824,207730,Personal Loan,13.57,240,Bad Debt,0.0
LOAN011159,CUST02734,1415239,Vehicle Loan,9.16,48,Active,0.99
LOAN005892,CUST05069,615941,car loan,8.16,240,ONGOING,0.0
LOAN010773,CUST05735,4136322,Housing Loan,8.71,24,Fully Paid,0.02
LOAN004407,CUST00587,280250,personal loan,14.3,48,ongoing,0.0
LOAN006132,CUST01386,66307,personal loan,13.46,180,Open,0.02
LOAN003145,CUST03825,496907,Auto Loan,9.85,12,ongoing,0.99
LOAN004326,CUST03562,377331,EDUCATION LOAN,10.72,120,Open,0.0
LOAN010217,CUST05823,209145,PL,14.56,240,Paid,0.0
LOAN011776,CUST00247,2208745,Mortgage,8.67,84,ACTIVE,0.0
LOAN010653,CUST05823,379455,PERSONAL LOAN,13.67,120,Closed,0.0
LOAN001731,CUST03755,467638,Car Loan,10.72,180,Current,0.54
LOAN004812,CUST03562,127479,PERSONAL LOAN,14.19,36,Closed, 
LOAN009765,,3970027,home loan,N/A,48,Fully Paid,0.01
LOAN001515,CUST04599,1199491,Unknown,11.42,180,PAID,nan
LOAN007907,CUST00709,2736973,Business Loan,12.83,240,Defaulted,0.0
LOAN000084,CUST03839,"127,059",PERSONAL LOAN,13.05,60,PAID,0.0
LOAN006387,CUST04599,205843,PERSONAL LOAN,0,84,PAID,NULL
LOAN002539,CUST04366,3115580,Home Loan,,24,Current,0.99
LOAN003577,CUST00247,956939,home loan,9.73,240,Paid Off,N/A
LOAN008677,CUST05823,1076537,car loan,12.31,12,active,#N/A
LOAN007541,CUST02173,"4,908,394",home loan,8.88,24,Active,0.02
LOAN010941,CUST03189,3562444,Mortgage,0,240,active,0.0
LOAN009399,CUST03189,2496278,business loan,12.4,48,ACTIVE,Unknown
LOAN010899,CUST01140,2697287,Biz Loan,10.69,24,Open,0.01
LOAN005663,CUST03902,216723,PL,12.96,60,Bad Debt,0.15
LOAN001155,CUST03222,295996,Education Loan,11.06,36,ongoing,0.0
LOAN009184,CUST05347,397394,EDUCATION LOAN,10.46,60,Ongoing,0.0
LOAN011875,CUST03189,1423042,HOME LOAN,8.79,120,Active,0.0
LOAN011401,CUST00709,989147,car loan,9.84,12,ONGOING,#N/A
LOAN007963,CUST01025,426018,Personal Loan,13.31,12,Ongoing,0.0
LOAN006942,CUST03280,679982,Vehicle Loan,10.57,240,Ongoing,0.0
LOAN007648,CUST03222,235633,PERSONAL LOAN,13.06,84,Closed,0.0
LOAN006868,CUST04628,241273,Personal,13.89,12,Closed,0.0
LOAN011371,CUST03189,843976,Car Loan,9.95,60,ongoing,0.0
LOAN009964,CUST01025,1924925,Home Loan,8.87,60,Closed,0.0
LOAN005616,CUST03562,494676,personal loan,15.05,-12,PAID,0.0
LOAN006659,CUST01025,2804487,HOME LOAN,8.04,180,ongoing,0.0
LOAN005730,CUST04628,2549925,Mortgage,8.81,60,nan,0.01
LOAN002423,CUST01025,3836638,Mortgage,8.09,180,Fully Paid,0.0
LOAN008378,CUST03824,903995,Business Loan,13.83,12,Active,N/A
LOAN011581,CUST03571,724329,Housing Loan,9.4,24,ongoing,0.0
LOAN000768,CUST02950,3511440,HOME LOAN,8.88,120,active,0.0
LOAN002699,CUST03280,NULL,personal loan,-5,120,Fully Paid,0.0
LOAN003553,CUST02138,911601,CAR LOAN,10.71,12,Charged Off,0.99
LOAN001867,CUST04270,100453,Personal Loan,13.5,24,Ongoing,0.0
LOAN011310,CUST03189,"₹125,919",personal loan,N/A,,N/A,0.0
LOAN010450,CUST02643,839102,Biz Loan,11.61,84,ACTIVE,0.0
LOAN007041,CUST01025,362365,Car Loan,10.33,60,Ongoing,0.0
LOAN003708,CUST05328,71984,Personal,NULL,24,ongoing,0.0
LOAN006944,CUST03839,4858973,HOME LOAN,8.61,24,active,0.02
LOAN010693,CUST02173,4287334,Home Loan,8.53,48,PAID,0.01
LOAN008381,CUST04827,418506,Personal Loan, ,12,Open,0.0
LOAN008282,CUST04084,100489,Personal,14.11,120,PAID,0.0
LOAN001556,CUST03839,731950,education loan,8.78,120,,0.0
LOAN003566,CUST03562,273039,education loan,N/A,120,Closed,0.0
LOAN010128,CUST01355,62509,PL,12.23,180,Ongoing,0.1
LOAN003294,CUST04270,187778,personal loan,13.31,48,paid,0.0
LOAN002998,CUST05328,2209547,Business Loan,13.08,180,Paid,0.0
LOAN010551,CUST05347,559780,home loan,10.19,0,Ongoing,0.0
LOAN009629,CUST01324,174485,Personal Loan,14.65,60,active,0.32
LOAN008078,CUST05069,414955,Personal Loan,12.71,12,Current,0.0
LOAN010416,CUST03571,498606,PL,14.3,12,CHARGED OFF,0.0
LOAN002399,CUST04270,168254,EDUCATION LOAN,N/A,120,PAID,Unknown
LOAN002051,CUST05069,267925,Vehicle Loan,N/A,240,Open,NULL
LOAN005861,CUST05707,326032,CAR LOAN,10.38,24,active,0.0
LOAN006879,CUST02173,490639,SME Loan,12.65,24,paid,0.0
LOAN002143,,2877771,BUSINESS LOAN,13.67,84,Ongoing,0.0
LOAN005088,CUST02173,4847684,Housing Loan,9.0,60,Ongoing,0.01
LOAN011532,CUST00552,#N/A,CAR LOAN,9.99,60,Fully Paid,0.0
LOAN011850,CUST00090,4473929,Mortgage,9.85,12,Ongoing,0.04
LOAN004723,CUST04270,606853,CAR LOAN,10.33,240,Ongoing,0.0
LOAN002730,CUST05069,1215459,Vehicle Loan,9.59,24,DEFAULT,N/A
LOAN008862,CUST00015,2790523,business loan,20.42,84,default,nan
LOAN006279,CUST02643,"4,115,456",Mortgage,9.08,36,ACTIVE,0.01
LOAN008473,CUST00015,139917,Personal Loan,21.52,#N/A,Closed,0.0
LOAN007889,CUST03562,-1000,Student Loan,10.8,12,ACTIVE, 
LOAN004533,CUST05347,424320,Personal Loan,14.87,12,Active,0.0
LOAN002807,CUST00761,2408409,Housing Loan,9.17,84,paid,0.99
LOAN010013,CUST04628,-1000,Mortgage,8.14,120,Ongoing,0.0
LOAN010680,CUST03599,742678,Mortgage,7.96,180,CHARGED OFF,0.62
LOAN000333,CUST01500,3323386,Home Loan,7.01,120,Active,99
LOAN003201,CUST00552,"932,148",Biz Loan,11.63,60,PAID,0.0
LOAN004359,CUST03677,447019,Student Loan,9.19,NULL,Open,0.0
LOAN007934,CUST04598,402466,Education Loan,12.38,240,Paid,0.14
LOAN000208,CUST04599,465041,personal loan,12.14,24,PAID,0.0
LOAN007742,CUST02643,496038,PERSONAL LOAN,0,N/A,Active,0.0
LOAN002587,CUST00090,887036,CAR LOAN,10.78,84,N/A,0.0
LOAN011972,CUST03677,721809,Auto Loan,8.98,24,CLOSED,
LOAN003256,CUST03280,293470,Personal,14.12,84,Ongoing,0.0
LOAN008923,CUST05436,2506646,Housing Loan,7.99,180,Open,0.0
LOAN005515,CUST00090,2334478,home loan,8.47,84,ongoing,0.0
LOAN007989,CUST01500,1388555,Business Loan,11.0,12,Fully Paid,0.01
LOAN008102,CUST05069,291817,Personal,11.17,24,Closed,0.0
LOAN006731,CUST04628,341948,PL,13.56,36,active,0.0
LOAN005086,CUST03824,4992320,Mortgage,9.53,36,Current,0.02
LOAN011381,CUST05436,339100,Edu Loan,Unknown,120,Open,0.0
LOAN009790,CUST01901,747761,NULL,10.11,60,active,0.0
LOAN002887,CUST05707,252590,Personal Loan,14.12,60,Open,0.0
LOAN009814,CUST03824,3614940,home loan,9.29,60,Fully Paid,0.01
LOAN010323,CUST00015,2765406,business loan,20.99,180,DEFAULT,0.0
LOAN007403,CUST00247,2468445,SME Loan,11.47,36,CLOSED,0.01
LOAN011124,CUST02933,4956207,HOME LOAN,9.21,60,Fully Paid,0.01
LOAN007109,CUST02643,4090333,home loan,9.07,180,Active,0.0
LOAN001255,CUST03280,461804,Personal,14.1,120,Open,0.0
LOAN011936,CUST02173,265373,PERSONAL LOAN,13.02,120,ACTIVE,0.0
LOAN008312,CUST00587,597658,#N/A,10.92,24,ONGOING,0.0
LOAN011927,CUST00843,"-1,000",Vehicle Loan,10.2,84,active,0.0
LOAN004757,CUST03189,2256384,Business Loan,10.82,180,Ongoing,0.0
LOAN004076,CUST04084,197466,personal loan,15.24,24,DEFAULT,2.5
LOAN004965,CUST05069,164629,PL,12.79,24,Closed,0.0
LOAN004245,CUST00587,"448,770",PL,13.94,24,Fully Paid,0.0
LOAN001611,CUST03280,3343950,home loan,9.02,180,Bad Debt,0.0
LOAN008950,CUST00247,2200249,business loan,13.27,12,ONGOING,0.02
LOAN004806,CUST03571,132336,Personal,14.14,180,Open,0.0
LOAN005914,CUST03562,3402310,HOME LOAN,9.5,24,Paid Off,0.02
LOAN011705,CUST00843,1324365,Car Loan,9.09,24,ONGOING,0.01
LOAN002038,CUST01025,1803498,Housing Loan,7.88,60,Fully Paid,0.0
LOAN007215,CUST00745,451478,,12.6,120,paid,0.23
LOAN000484,CUST03280,537429,Edu Loan,11.3,600,Open,0.0
LOAN002434,CUST01140,472773,PL,12.73,#N/A,ongoing,0.0
LOAN010057,Unknown,"760,457",business loan,nan,12,PAID,0.01
LOAN006650,CUST04270,1417158,car loan,11.19,120,CLOSED,0.0
LOAN003657,CUST04827,NULL,personal loan,12.86,240,Fully Paid,0.0
LOAN008670,CUST02173,209960,Car Loan,9.71,180,Paid,0.0
LOAN011514,CUST05823,413356,Auto Loan,12.31,120,ongoing,0.0
LOAN003779,CUST02950,683104,education loan,10.13,24,PAID,NULL
LOAN003366,CUST05069,"572,957",car loan,8.67,60,ACTIVE,0.0
LOAN005404,CUST02173,2683237,BUSINESS LOAN,12.18,240,Paid Off,0.0
LOAN008809,CUST03571,391980,business loan,13.32,12,#N/A,0.0
LOAN001984,CUST05823,2458472,Home Loan,9.96,36,ongoing,0.01
LOAN004477,CUST01281,1903455,Business Loan,12.5,60,ONGOING,0.0
LOAN007896,CUST03571,680448,HOME LOAN,8.54,120,ongoing,0.0
LOAN011548,CUST03571,221106,Car Loan,10.88,36,Open,0.0
LOAN005822,CUST05735,290141,Biz Loan, ,180,Ongoing,0.0
LOAN006395,CUST04084,,Home Loan,9.36,120,paid,0.0
LOAN005380,CUST00587,2834411,Biz Loan,13.13,60,active,0.01
LOAN011808,CUST02173,1559397, ,8.12,84,Active,0.0
LOAN001829,CUST05181,470249,Personal,12.66,60,CHARGED OFF,0.99
LOAN009401,CUST05328,311594,PL,14.69,240,active,0.0
LOAN005577,CUST01281,71424,Personal,13.3,84,ongoing,0.0
LOAN002131,CUST03677,2774512,home loan,7.01,24,Paid,0.01
LOAN003245,CUST00247, ,personal loan,13.26,24,Current,0.0
LOAN005653,CUST05328,808547,CAR LOAN,10.72,48,Current,0.0
LOAN006645,CUST00015,#N/A,nan,16.98,48,Paid Off,0.01
LOAN007766,CUST02950,254940,Car Loan,9.95,240,ongoing,0.0
LOAN005767,CUST03280,1794540,Mortgage,10.36,120,ONGOING,0.0
LOAN007765,CUST02643,0,Vehicle Loan,10.75,240,ONGOING,0.0
LOAN009749,CUST00247,1039218,Auto Loan,9.56,120,Active,0.0
LOAN003528,CUST01281,356537,personal loan,14.6,60,N/A,0.0
LOAN008035,CUST04827,310895,Personal Loan,13.5,48,active,NULL
LOAN005065,CUST04599,2324422,home loan,#N/A,24,CLOSED,0.01
LOAN008702,CUST00349,"₹179,017",personal loan,11.22,36,Ongoing,0.49
LOAN009408,CUST03839,408100,Personal,13.11,12,PAID,0.0
LOAN011293,CUST03839,285733,Personal Loan,12.31,48,ONGOING,0.0
LOAN002993,CUST04628,3313521,Mortgage,8.31,24,Open,0.02
LOAN001617,CUST05347,4108711,Home Loan,9.14,#N/A,Active,0.0
LOAN011674,CUST03189,73404,Personal Loan,12.94,180,ONGOING,0.0
LOAN004056,CUST03562,1328425,car loan,12.33,180,ACTIVE, 
LOAN009728,CUST04827,368708,,10.13,180,ONGOING,0.0
LOAN006096,CUST03280,1532669,HOME LOAN,10.31,180,active,0.0
LOAN007089,CUST01901,,business loan,11.1,24,CLOSED,0.01
LOAN006640,CUST02933,379918,PL,12.19,180,PAID, 
LOAN010430,CUST02950,982875,car loan,9.67,12,PAID,0.01
LOAN003558,CUST00090,770371,EDUCATION LOAN,10.06,24,ongoing,0.0
LOAN008829,CUST00843,"482,296",PL,12.41,60,Paid Off,0.0
LOAN003739,CUST04084,63163,Personal Loan,13.81,12,Fully Paid,0.0
LOAN008492,CUST04196,1119303,Auto Loan,10.79,60,DEFAULT,0.99
LOAN004410,CUST05069,799451,Vehicle Loan,9.32,24,,0.0
LOAN007369,CUST02643,112426,PL,12.66,60,Closed,0.0
LOAN009214,CUST03839,134416,Personal,13.75,180,Active,0.0
LOAN006734,CUST02110,"327,337",Personal Loan,12.69,24,Active,0.99
LOAN008244,CUST00090,233096,Personal,14.56,120,ACTIVE,0.0
LOAN007016,CUST04599,557361,HOME LOAN,8.46,24,Open,0.0
LOAN011385,CUST03677,59772,personal loan,12.04,240,ongoing,0.0
LOAN009309,CUST01025,415171,personal loan,12.79,12,ACTIVE,0.0
LOAN004992,CUST01901,383204,PL,11.56,24,Paid,0.0
LOAN004653,CUST00090,618632,Car Loan,nan,240,CLOSED,0.0
LOAN001813,CUST00552,226985,Car Loan,10.58,240,active,0.0
LOAN002860,CUST01140,1743287,BUSINESS LOAN,11.87,24,Paid Off,0.01
LOAN006440,CUST04599,2005620,Housing Loan,7.91,180,Active,0.0
LOAN002610,CUST05436,2871198,HOME LOAN,8.54,36,active,0.01
LOAN007983,CUST04845,264410,Personal Loan,12.93,84,CLOSED,0.33
LOAN003703,CUST03824,1204853,Auto Loan,10.81,84,Fully Paid,0.0
LOAN004842,CUST04827,189418,N/A,13.67,24,Ongoing,0.0
LOAN001123,CUST03559,nan,PERSONAL LOAN,13.94,84,Open,0.12
LOAN011442,CUST00709,4362555,home loan,8.32,36,paid,0.01
LOAN009188,CUST01025,4010780,HOME LOAN,8.61,24,PAID,0.02
LOAN003626,CUST01500,2078028,home loan,7.68,24,ACTIVE,0.01
LOAN007178,CUST00552,767968,education loan,9.3,120,Fully Paid,0.0
LOAN008605,CUST03189,2218148,BUSINESS LOAN,12.05,36,Paid Off,0.01
LOAN004094,CUST00709,1341743,BUSINESS LOAN,12.63,24,Paid,0.01
LOAN009668,CUST02950,273617,personal loan,-5,120,Paid Off,0.0
LOAN006939,CUST04599,52184,Personal,12.96,240,Open,0.0
LOAN008116,CUST03571,1898304,Home Loan,9.8,24,Ongoing,#N/A
LOAN005996,CUST04842,"2,724,980",Home Loan,7.78,240,Ongoing,0.99
LOAN010372,CUST03839,2192316,Mortgage,9.47,240,Ongoing,0.0
LOAN008232,CUST02933,3849975,HOME LOAN,8.72,12,Paid Off,0.04
LOAN009275,CUST05735,1956672,Home Loan,7.99,36,Open,0.01
LOAN008358,CUST05823,1401615,Vehicle Loan,12.12,240,ACTIVE,0.0
LOAN002937,CUST02950,260008,CAR LOAN, ,24,PAID,0.0
LOAN004570,CUST00090,710262,Edu Loan,11.15,36,Closed,0.0
LOAN002142,CUST01281,1111112,SME Loan,13.51,60,ACTIVE,0.0
LOAN004887,CUST04976,171664,Personal,12.73,48,ONGOING,0.16
LOAN009779,CUST03189,316973,personal loan,13.41,120,Current,0.0
LOAN009244,CUST00587,303556,Student Loan,10.58,36,Fully Paid,0.0
LOAN011691,CUST01281,242305,Personal Loan,13.43,48,Paid Off,0.0
LOAN008052,CUST05436,2821767,business loan,10.7,180,Defaulted,0.0
LOAN005588,CUST01901,0,Student Loan,8.89,60,Paid,0.0
LOAN008777,CUST04599,271748,PERSONAL LOAN,11.81,60,ONGOING,0.0
LOAN001974,CUST05735,1437616,Mortgage,7.91,12,ACTIVE,0.01
LOAN011860,CUST01281,413487,PL,13.34,120,Fully Paid,0.0
LOAN002658,CUST01140,"₹496,321",personal loan,11.85,120,Current,0.0
LOAN000128,CUST04628,Unknown,Housing Loan,9.96,24,NULL,0.01
LOAN003011,CUST00247,0,Vehicle Loan,10.5,60,Current,0.0
LOAN005419,CUST05069,357866,Auto Loan,8.46,240,Closed,0.0
LOAN001688,CUST01500,1336687,Vehicle Loan,9.57,48,active,0.0
LOAN009152,CUST02643,#N/A,Personal Loan,12.58, ,ongoing,0.0
LOAN005175,CUST01025,308247,Personal Loan,14.2,12,Active,Unknown
LOAN002944,CUST00587,312202,PL,14.37,36,paid,0.0
LOAN004194,CUST03222, ,HOME LOAN,9.03,36,active,0.01
LOAN004779,CUST01506,63424,Personal Loan,13.55,60,Open,0.06
LOAN000914,CUST00090,930761,BUSINESS LOAN,13.61,Unknown,ongoing,0.0
LOAN008047,CUST04827,903345,Business Loan,,48,Paid,0.0
LOAN009797,CUST00843,1429267,Mortgage,8.73,NULL,ONGOING,0.0
LOAN006616,CUST05609,2619231,Mortgage,8.01,180,ONGOING,0.99
LOAN004899,CUST03562,1060954,business loan,13.96,36,PAID,0.0
LOAN009829,CUST01140,264618,personal loan,12.35,120,Current,0.0
LOAN009891,CUST03677,1093664,CAR LOAN,8.72,12,Active,0.01
LOAN000348,CUST00561,511712,nan,10.21,84,default,nan
LOAN001274,CUST01281,1436476,Car Loan,9.81,120,PAID,0.0
LOAN003299,CUST02933,886053,Car Loan,9.42,24,Open,0.0
LOAN000347,CUST04599,376175,Unknown,12.68,84,Closed,0.0
LOAN005177,CUST00090,705369,EDUCATION LOAN,9.86,60,Paid,0.0
LOAN005180,CUST03824,175449,education loan,11.62,84,Fully Paid,0.0
LOAN009512,CUST01140,N/A,SME Loan,N/A,180,Current,0.0
LOAN003234,CUST02952,3906640,HOME LOAN,7.84,36,active,0.99
LOAN006744,CUST02173,2764860,Home Loan,8.44,120,ACTIVE,0.0
LOAN001965,CUST01025,296724,PL,14.22,120,Fully Paid,0.0
LOAN008315,CUST04084,163907,,14.69,84,Closed,0.0
LOAN006740,CUST03562,472696,Personal Loan,14.51,12,Active,0.0
LOAN001275,CUST00709,417343,Education Loan,10.67,12,CLOSED,0.0
LOAN008328,CUST00090,-1000,car loan,11.5,120,CHARGED OFF,0.0
LOAN006048,CUST01281,2383714,Housing Loan,10.15,#N/A,ACTIVE,0.0
LOAN009238,CUST03839,135571,Student Loan,8.79,24,Active,0.0
LOAN001291,CUST05347,302569,Education Loan,11.27,nan,Open,0.0
LOAN005217,CUST01901,1119247,CAR LOAN,10.03,,Active,0.01
LOAN005364,CUST04270,176298,personal loan,14.0,180,PAID,0.0
LOAN007153,CUST00843,323027,Personal,12.57,180,Current,0.0
LOAN008301,CUST01500,4334059,Home Loan,7.85,240,Fully Paid,0.0
LOAN000835,CUST05735,2146208,Housing Loan,9.12,180,Ongoing,0.0
LOAN008099,CUST05328,411058,PERSONAL LOAN,14.33,120,paid,0.0
LOAN004392,CUST04628,4204386,HOME LOAN,8.96,180,Fully Paid,0.0
LOAN003726,CUST00302,105953,PERSONAL LOAN,13.03,48,Open,0.32
LOAN005028,CUST03571,352432,Personal Loan,13.28,240,ONGOING,0.0
LOAN004789,CUST01281,428361,business loan,12.61,36,DEFAULT,0.0
LOAN004697,CUST01140,999999999,Vehicle Loan,8.31,12,Active,
LOAN006715,CUST03562,2396340,Home Loan,10.73,120,Open,0.0
LOAN003323,CUST05448,3417420,Mortgage,9.31,60,default,0.99
LOAN003406,CUST04084,1926437,Mortgage,9.14,240,Active,0.0
LOAN011354,CUST00587,1065065,SME Loan,13.63,240,Open,0.0
LOAN008544,CUST03824,946641,Vehicle Loan,11.53,24,Open,0.0
LOAN011841,CUST05069,"₹-1,000",HOME LOAN,7.65,Unknown,PAID,0.0
LOAN004734,CUST01281,1508557,Housing Loan,N/A,180,ongoing,0.0
LOAN005114,CUST03562,197395,PL,14.09,48,ONGOING,0.0
LOAN004613,CUST01140,1985543,Home Loan,7.5,48,ACTIVE,0.0
LOAN002236,CUST05707,481658,Personal,13.76,240,default,0.0
LOAN001005,CUST01500,2790917,Housing Loan,6.7,36,Active,0.01
LOAN005247,CUST05069,192004,PERSONAL LOAN,11.27,12,ongoing,0.0
LOAN002518,CUST05347,2471165,business loan,,12,Current,0.02
LOAN011107,CUST02643,536362,Biz Loan,11.75,60,Active,0.0
LOAN001292,CUST00090,1137701,Car Loan,10.44,12,Active,0.01
LOAN009196,CUST03280,472426,PL,14.58,48,ACTIVE,0.0
LOAN002921,CUST01500,1280452,HOME LOAN,7.78,120,Ongoing,0.0
LOAN000712,CUST03824,1036594,CAR LOAN,10.89,24,ONGOING,0.01
LOAN006362,Unknown,335427,personal loan,14.75,12,ACTIVE,0.0
LOAN006966, ,200856,Personal Loan,12.74,36,#N/A,0.0
LOAN002451,CUST03222,561800,Education Loan,10.1,24,active,0.0
LOAN002129,CUST05328,"₹418,767",PL,12.83,24,Active,0.0
LOAN003701,CUST05069,183448,personal loan,11.93,120,ACTIVE,0.0
LOAN007501,CUST05436,N/A,Home Loan,8.11,12,PAID,0.04
LOAN007875,CUST01901,1410304,Home Loan,7.15,84,Current,0.0
LOAN002024,CUST03677,"787,562",home loan,7.9,48,ONGOING,0.0
LOAN010375,CUST00090,4381657, ,8.81,240,paid,
LOAN003471,CUST04270,360186,Personal,14.51,24,Ongoing,#N/A
LOAN001741,CUST01901,4897839,HOME LOAN,8.41,36,Paid,0.02
LOAN006932,CUST03562,178885,PERSONAL LOAN,14.14,84,active,0.0
LOAN005582,CUST01140,4460482,Mortgage,7.4,84,Paid Off,0.01
LOAN000626,CUST05707,384558,Vehicle Loan,12.08,60,ONGOING,0.0
LOAN003089,CUST03695,1406991,Auto Loan,10.71,84,Paid,0.99
LOAN003861,CUST04628,431724,Car Loan,9.54,180,PAID,0.0
LOAN004493,CUST05347,2933227,SME Loan,13.82,60,ongoing,0.01
LOAN000699,CUST04449,276905,Car Loan, ,60,active,0.51
LOAN002810,CUST04270,996578,car loan,10.47,12,ACTIVE,2.5
LOAN002929,CUST03677,937532,Auto Loan,9.78,#N/A,Ongoing,0.0
LOAN011058,CUST01500,409699,PL,#N/A,60,Current,0.0
LOAN003895,CUST05823,310294,Personal,15.3,48,paid,0.0
LOAN000117,CUST05707,1466018,car loan,11.53,60,Paid Off,0.0
LOAN002205,CUST00843,1787578,Biz Loan,11.97,48,Active,#N/A
LOAN010950,CUST05707,1487138,Car Loan,11.02,24,Active,0.01
LOAN007683,CUST02950,582008,car loan,9.09,24,Paid,0.0
LOAN011887,CUST04628,2821608,BUSINESS LOAN,13.11,240,Open,0.0
LOAN004635,CUST02950,71550,Personal Loan,13.98,180,paid,0.0
LOAN002065,CUST03518,160887,education loan, ,0,Open,0.16
LOAN010062,CUST03222,2580189,SME Loan,11.82,12,active,0.03
LOAN003530,CUST00090,406999,PERSONAL LOAN,14.7,180,Current,0.0
LOAN008758,CUST03562,Unknown,Personal Loan,15.07,60,Fully Paid,0.0
LOAN002790,CUST05069,2173114,Mortgage,8.07,240,PAID,0.0
LOAN002827,CUST00090,1492076,,9.98,84,active,0.0
LOAN011829,CUST00015,427780,Education Loan,17.78,12,default,0.0
LOAN009510,CUST03189,1021120,Biz Loan,11.26,60,Active,0.0
LOAN011985,CUST03677,nan,Home Loan,8.89,60,Open,0.0
LOAN008645,CUST00552,506201,Student Loan,10.73,48,Fully Paid,0.0
LOAN004615,CUST02933,2585697,Home Loan,9.33,48,Active,0.01
LOAN001327,CUST04628,52500,personal loan,14.07,-12,Active,0.0
LOAN003069,CUST03222,4600802,home loan,8.98,24,default,Unknown
LOAN000260,CUST03677,179429,PL,12.47,48,active,0.0
LOAN002714,CUST04084,305093,personal loan,14.77,60,PAID,0.0
LOAN000321,CUST00015,438728,Personal Loan,20.75,84,DEFAULT,0.0
LOAN002574,CUST00015,483062,personal loan,21.55,240,paid,0.0
LOAN004974,CUST00469,3516911,HOME LOAN,10.59,24,Paid Off,0.99
LOAN005564,CUST03839,727745,Car Loan,10.07,36,ACTIVE,0.0
LOAN008294,CUST03222,"₹1,958,546",SME Loan,13.06,180,Fully Paid,#N/A
LOAN003180,CUST04599,#N/A, ,8.78,120,PAID,0.0
LOAN002414,CUST04827,484459,Personal Loan,13.8,84,PAID,0.0
LOAN002922,CUST05707,733090,Auto Loan,10.74,60,Unknown,0.0
LOAN010568, ,413677,PERSONAL LOAN,13.46,600,Closed,0.0
LOAN006568,CUST04599,4747830,Housing Loan,6.83,36,Closed,0.02
LOAN001891,CUST03222,594698,home loan,8.44,84,NULL,nan
LOAN007404,CUST01500,618375,car loan,8.98,24,Open,0.0
LOAN008917,CUST00709,1080707,car loan,10.25,60,ongoing,0.0
LOAN004722,CUST05735, ,Personal,12.25,12,Ongoing,Unknown
LOAN008012,CUST05328,101264,Personal Loan,12.97,120,Ongoing,0.0
LOAN004093,CUST03055,147122,PERSONAL LOAN,13.87,48,Ongoing,0.27
LOAN004588,CUST00090,"1,139,172",Housing Loan,9.82,24,CLOSED,0.01
LOAN000040,CUST04270,"₹243,673",,12.95,120,paid,N/A
LOAN003113,CUST00394,365117,PL,13.08,48,Active,0.4
LOAN011454,CUST03839,104703,Personal,13.88,48,active,0.0
LOAN007569,CUST00015,515738,Auto Loan,17.24,48,Defaulted,
LOAN010621,CUST03571,"1,126,417",Car Loan,10.56,180,ongoing,0.0
LOAN009199,CUST03677,4426162,home loan,8.52,84,Ongoing,0.01
LOAN006427,CUST05823,145754,nan,14.14,180,Active,0.0
LOAN008791,CUST03571,1109060,Home Loan,10.04,180,Closed,0.0
LOAN009574,CUST02173,709092,Vehicle Loan,10.7,36,ongoing,0.0
LOAN001880,CUST00090,206736,Personal Loan,13.33,84,ongoing,0.0
LOAN001526,CUST01901,688647,nan,11.27,120,CLOSED,0.0
LOAN011232,CUST05436,389553,personal loan,12.55,180,active,0.0
LOAN005862,CUST04599,3106725,Mortgage,7.47,60,ongoing,0.01
LOAN008166,CUST05340,229585,Personal Loan,0,12,DEFAULT,nan
LOAN006229,CUST03189,221640,Auto Loan,8.73,84,Paid,0.0
LOAN000870,CUST01281,902349,Biz Loan,12.78,60,ongoing,0.0
LOAN008621,CUST00843,2169657,HOME LOAN,7.26,12,Active, 
LOAN000745,CUST02933,450829,Personal,12.89,36,Paid Off,0.0
LOAN005075,CUST00109,584767,home loan,9.39,48,DEFAULT,0.99
LOAN011072,CUST04281,1097386,CAR LOAN,9.17,24,NULL,#N/A
LOAN008057,CUST04628,1729889,HOME LOAN,8.08,12,Open,0.02
LOAN009339,CUST02933,254969,personal loan,12.53,Unknown,PAID,0.0
LOAN011297,CUST01140,65752,Personal Loan,12.3,24,default,0.0
LOAN011335,CUST00090,1250652,car loan,10.71,180,Current,0.0
LOAN001576,CUST04628,2482629,SME Loan,13.16,120,Closed,0.0
LOAN004290,CUST02173,0,Home Loan,9.59,12,ongoing,0.01
LOAN005330,CUST04628,654550,education loan,9.81,36,PAID,0.0
LOAN004251,CUST05436,141001,Personal,12.5,60,PAID,0.0
LOAN009678,CUST05823,1010492,Vehicle Loan,11.02,60,Ongoing,0.0
LOAN006793,CUST02950,2333325,Home Loan,8.27,48,Current,0.01
LOAN002761,CUST05328,966205,Car Loan,10.19,60,Closed,0.0
LOAN006783,CUST04628,2339049,BUSINESS LOAN,11.63,84,ONGOING,0.0
LOAN007660,CUST03571,2569669,SME Loan,12.19,120, ,0.0
LOAN007322,CUST05069,1332769,Housing Loan,8.22,24,ONGOING,0.01
LOAN006726,CUST04599,116148,PL,11.41,120,ACTIVE,0.0
LOAN003732,CUST05069,972738,NULL,11.74,240,Paid Off,0.0
LOAN009228,CUST00247,489547,PERSONAL LOAN,13.73,180,Open,0.0
LOAN001706,CUST01792,2367796,business loan,13.17,180,Default,Unknown
LOAN007965,CUST03280,175113,personal loan,13.74,84,PAID,0.0
LOAN000277,CUST03839,375126,Personal Loan,13.74,12,Paid,0.0
LOAN004739,CUST03936,2349154,BUSINESS LOAN,12.92,84,CHARGED OFF, 
LOAN009579,CUST00957,"342,840",Personal Loan,13.66,24,PAID,0.68
LOAN000579,CUST00015,433536,personal loan,21.48,12,paid,0.0
LOAN004159,CUST05707,461082,Personal,14.73,120,Paid Off,0.0
LOAN001041,CUST03340,2571413,Housing Loan,9.56,-12,Paid,0.99
LOAN005904,CUST02643,2542143,HOME LOAN,8.04,24,Open,0.01
LOAN003905,CUST03677,159233,Personal,12.26,240,active,0.0
LOAN005631,CUST03189,196544,PERSONAL LOAN,12.87,180,Closed,0.0
LOAN001266,CUST05823,-1000,Vehicle Loan,11.6,12,Current,0.01
LOAN003940,CUST00015,748398,SME Loan,19.83,24,Defaulted,NULL
LOAN001178,CUST04084,577060,NULL,11.32,60,paid,0.0
LOAN005090,CUST05449,398782,Personal,11.93,36,Fully Paid,0.99
LOAN003460,CUST05069,496565,EDUCATION LOAN,8.09,36,ONGOING,0.0
LOAN011049,CUST01025,532178,Car Loan,9.53,48,paid,0.0
LOAN001446,CUST03562,2064982,home loan,11.06,36,ongoing,0.01
LOAN003630,CUST03677,,Personal,13.24,12,paid,0.0
LOAN007400,CUST04636,401204,Personal Loan,14.42,84,paid,0.99
LOAN010167,CUST04084,2191123,BUSINESS LOAN,13.92,180,Paid Off,0.0
LOAN002472,CUST01524,210097,Personal Loan,13.38,24,Active,NULL
LOAN002481,CUST03824,459551,Personal,14.0,84,Open,0.0
LOAN004904,CUST02173,999999999,home loan,8.36,84,Paid Off,0.01
LOAN008508,CUST00015,999999999,business loan,20.6,120,Paid,0.0
LOAN006461,CUST00843,971480,CAR LOAN,8.61,12,paid,0.01
LOAN011856,CUST01500,1340313,Vehicle Loan,9.82,84,NULL,0.0
LOAN006570,CUST00843,1221760,CAR LOAN,8.56,240,Closed,0.0
LOAN010134,CUST05707,94657,PL,14.08,240,Paid Off,0.0
LOAN003494,CUST00247,540498,home loan,9.89,180,PAID,0.0
LOAN008756,CUST04827,0,Housing Loan,7.96,180,Paid Off,0.0
LOAN003408,CUST01633,1051966,Business Loan,14.23,-12,Active,0.37
LOAN009773,CUST03839,164907,Personal,14.07,24,N/A,0.0
LOAN003979,CUST02643,"3,525,163",HOME LOAN,9.1,180,Fully Paid,
LOAN002432,CUST03839,4647138,Mortgage,7.68,60,active,0.01
LOAN001276,CUST05036,430875,PL,12.64,84,Current,0.26
LOAN007476,CUST00843,"1,085,905",Vehicle Loan,9.11,-12,ACTIVE,0.01
LOAN008155,CUST04599,415128,NULL,11.59,24,Ongoing,0.0
LOAN001917,CUST00090,3877098,Home Loan,9.72,240,ONGOING,0.0
LOAN004916,CUST01901,-1000,Business Loan,11.63,84,ONGOING,0.0
LOAN011846,N/A,2538075,home loan,7.14,84,ongoing,0.0
LOAN004268,CUST03839,696586,CAR LOAN,9.4,24,Open,0.0
LOAN008036,CUST04628,240234,personal loan,14.2,48,Fully Paid,
LOAN004183,CUST01500,875889,car loan,10.15,180,Paid,0.0
LOAN009442,CUST00015,NULL,BUSINESS LOAN,NULL,180,Paid Off,0.0
LOAN001359,CUST01753,1420844,Auto Loan,9.78,36,Charged Off,0.99
LOAN009074,CUST03730,89611,Personal Loan,13.37,180,PAID,0.05
LOAN002181,CUST03839,"2,702,334",SME Loan,12.08,60,#N/A,0.01
LOAN005786,CUST00552,728479,EDUCATION LOAN,NULL,36,paid,0.0
LOAN011056,CUST00843,1406583,Mortgage,8.88,12,PAID,0.01
LOAN002312,CUST02377,1813498,Home Loan,9.37,24,DEFAULT,0.99
LOAN008930,CUST05069,"332,354",Edu Loan,8.2,24,Current,0.0
LOAN001991,CUST03571,849473,car loan,11.51,60,Current,0.0
LOAN008125,CUST01500,546214,Edu Loan,8.85,36,ONGOING,0.0
LOAN000470,CUST01140,214712,car loan,8.19,240,Ongoing,0.0
LOAN004777,CUST00587,4558330,HOME LOAN,10.21,60,Open,0.01
LOAN009733,CUST00552,498040,PERSONAL LOAN,14.07,60,active,0.0
LOAN010086,CUST01591,413481,SME Loan,#N/A,12,Closed,0.99
LOAN005254,CUST00587,nan, ,10.06,84,CLOSED,0.0
LOAN004327,CUST04678,412175,Car Loan,8.84,24,Open,0.99
LOAN002584,CUST05735,672830,home loan,8.37,180,ONGOING,0.0
LOAN005569,CUST03562,628026,Auto Loan,11.77,48,PAID,0.0
LOAN003466,CUST04270,2062606,Business Loan,12.55,240,Open,0.0
LOAN005288,CUST05665,406016,Personal Loan,12.67,24,Charged Off,99
LOAN004659,CUST00587,1541807,business loan,13.17,60,active,0.0
LOAN008674,CUST02950,172687,Personal Loan,12.2,36,Paid,0.0
LOAN005808,CUST02933,2074634,SME Loan,11.1,240,CLOSED,0.0
LOAN010191,CUST03189,385787,Vehicle Loan,9.55,84,Open,0.0
LOAN009817,CUST04628,3322324,Housing Loan,9.11,600,Open,0.0
LOAN001472,CUST02173,230291,Personal Loan,12.37,48,Closed,0.0
LOAN010153,CUST05436,443676,personal loan,13.34,180,paid,0.0
LOAN000581,Unknown,477754,PL,12.81,60,Open,0.0
LOAN008207,CUST05707,670183,Edu Loan,9.99,240,Paid,0.0
LOAN005474,CUST03280,1256046,car loan,11.69,12,Paid Off,0.01
LOAN003307,CUST01281,2713248,HOME LOAN,9.86,120,paid,0.0
LOAN005398,CUST04827,295777,Personal Loan,12.7,84,,0.0
LOAN011404,CUST02933,1837560,Housing Loan, ,240,ACTIVE,0.0
LOAN008516,CUST04827,225713,PERSONAL LOAN,14.05,12,Paid Off,0.0
LOAN001908,CUST00552,1529389,BUSINESS LOAN,13.06,180,paid,0.0
LOAN007325,CUST03189,2004054,Business Loan,12.39,24,active,0.01
LOAN002033,CUST02173,2126519,SME Loan,11.56,120,NULL,0.0
LOAN007117,CUST04415,258314,Personal Loan,13.72,24,Paid Off,0.99
LOAN008458,CUST01140,566552,Business Loan,11.5,24,Active,0.0
LOAN011962,CUST01281,-1000,CAR LOAN,10.65,24,Current,0.0
LOAN007609,NULL,343463,SME Loan,14.13,12,Active,0.0
LOAN002973,CUST00247,1601466,Business Loan,12.68,24,ACTIVE,0.01
LOAN006596,CUST03280,483560,Education Loan,11.41,120,ONGOING,0.0
LOAN007202,CUST00552,462046,SME Loan,12.9,36,Active,
LOAN006997,CUST00843,157354,Personal Loan,13.42,48,ongoing,0.0
LOAN005047,CUST05735,755957,car loan,10.03,24,Default,0.0
LOAN008243,CUST03803,1417285,Biz Loan,13.06,120,Paid Off,2.5
LOAN005600,CUST04599,2520938,Mortgage,7.24,120,active,0.0
LOAN004574,CUST05069,440878,personal loan,12.89,24,Open,0.0
LOAN004223,CUST01140, ,CAR LOAN,8.47,240,Fully Paid,0.0
LOAN002015,CUST05436,473389,Personal,11.95,24,Open,0.0
LOAN008485,CUST05069,1407976,car loan,8.68,48,Ongoing,0.0
LOAN010435,CUST00247,2942697,BUSINESS LOAN,12.92,84,Ongoing,0.0
LOAN000909,CUST04392,3545726,N/A,8.2,240,Default,0.99
LOAN002753,CUST03677,N/A,Biz Loan,11.66,12,ongoing,0.01
LOAN000742,CUST01500,"₹466,926",car loan,9.37,-12,Active,0.0
LOAN001839,CUST05347,1083118,Car Loan,11.52,180,Current,0.0
LOAN000278,CUST05707,"1,213,368",HOME LOAN,10.82,Unknown,PAID,0.01
LOAN009636,CUST00015,685575,Edu Loan,17.3,180,Closed,0.0
LOAN000306,CUST00191,65893,Personal,14.54,240,Ongoing,0.07
LOAN010725,CUST02643,226404,personal loan,13.23,48,ONGOING,0.0
LOAN002519,CUST05328,741494,CAR LOAN,10.72,36,Active,0.0
LOAN006137,CUST05069,799732,Edu Loan,8.24,12,Paid,0.01
LOAN010521,CUST05823,1097324,Car Loan,12.04,48,Paid Off,0.0
LOAN002851,CUST02643,963403,car loan,10.95,84,Open,0.0
LOAN010774,CUST05496,111252, ,12.65,120,PAID,0.35
LOAN008954,CUST00843,1967201,NULL,7.98,24,Active,0.01
LOAN010927,CUST03189,4230208,Home Loan,7.88,84,active,0.01
LOAN004840,CUST05707,312777,Biz Loan,12.93,240,active,0.0
LOAN003462,CUST03280,,PERSONAL LOAN,13.96,,paid,0.0
LOAN008438,CUST00247,772834,business loan,12.09,120,ACTIVE,Unknown
LOAN007998,CUST01500,152816,PL,11.55,60,Open,0.0
LOAN010162,CUST04084,264618,car loan,11.39,84,Paid,0.0
LOAN010235,CUST00247,515444,Business Loan,12.96,120,Paid Off,0.0
LOAN007191,CUST04628,"150,878",PL,14.0,N/A,Current,0.0
LOAN005997,CUST03677,4387884,Mortgage,8.97,48,paid,0.01
LOAN009140,CUST00587,853252,Biz Loan,12.18,84,Fully Paid,0.0
LOAN006808,CUST01500,1411218,business loan,11.59,12,ONGOING,0.01
LOAN001181,CUST03824,423314,Auto Loan,10.91,36,Defaulted,0.0
LOAN005118,CUST04084,1355906,#N/A,10.42,84,nan,0.0
LOAN011213,CUST04827,778107,Car Loan,11.02,36,Active,0.0
LOAN002698,CUST01140,"₹105,871",Personal Loan,12.54,36,ONGOING,0.0
LOAN005287,CUST02950,"₹520,538",home loan,8.28,60,paid,0.0
LOAN010407,CUST04308,1714041,HOME LOAN,8.64,240,Paid,0.99
LOAN011338,CUST01500,406268,Edu Loan,8.82,84,ONGOING,0.0
LOAN000794,CUST03280,261490,Personal,13.36,24,Paid,0.0
LOAN000697,CUST02173,751219,EDUCATION LOAN,9.29,60,Active,0.0
LOAN002104,CUST02643,159938,Personal,13.89,36,paid,0.0
LOAN011768,CUST00843,884575,Auto Loan,9.05,36,Fully Paid,0.0
LOAN004672,CUST05328,385259,Personal Loan,14.36,240,Open,0.0
LOAN002249,CUST03562,256613,Unknown,14.58,180,ACTIVE,0.0
LOAN008602,CUST05347,1816553,Housing Loan,10.24,48,ongoing,0.0
LOAN011812,CUST04827,N/A,Housing Loan,8.45,12,Paid,0.02
LOAN008063,CUST04084,"₹333,867",personal loan,15.17,84,ongoing,0.0
LOAN006860,CUST04270,1437153,CAR LOAN,9.96,180,Paid,0.0
LOAN005248,CUST01025,62436,Personal,13.13,120,Paid,0.0
LOAN010090,CUST05735,942385,Vehicle Loan,10.07,180,ONGOING,0.0
LOAN003003,CUST03189,1193051,Home Loan,8.66,60,ongoing,
LOAN010401,CUST04270,2328692,HOME LOAN,9.48,12,NULL,#N/A
LOAN009229,CUST03263,N/A,Housing Loan,nan,180,Current,0.2
LOAN010168,CUST01281,1643686,home loan,9.69,60,ONGOING,0.0
LOAN008309,CUST01025,2699941,nan,9.37,48,Open,0.01
LOAN009130,CUST00552,143953,Personal,12.63,36,ACTIVE,0.0
LOAN011265,CUST04270,363657,PERSONAL LOAN,13.94,180,ongoing,0.0
LOAN009931,CUST04156,2738126,HOME LOAN,-5,120,CHARGED OFF,0.98
LOAN006863,CUST02643,190149,Personal,12.88,36,active,0.0
LOAN000924,CUST05069,297490,EDUCATION LOAN,9.12,36,Open,0.0
LOAN004754,CUST01500,335689,Edu Loan,8.51,120,paid,0.0
LOAN007967,CUST00587,152757,Personal,13.33,24,Closed,0.0
LOAN006412,CUST03839,629547,Education Loan,9.99,12,paid,0.01
LOAN011890,CUST00015,2844321,business loan,20.73,240,Charged Off,
LOAN011273,CUST03189,3631140,Mortgage,9.0,12,Paid,nan
LOAN000441,CUST00843,NULL,Housing Loan,7.86,240,ONGOING,0.0
LOAN005963,CUST03280,254123,Personal,14.01,240,Paid Off,0.0
LOAN009383,CUST04084,"324,063",Personal,13.67,60,ACTIVE,0.0
LOAN006721,CUST00090,69249,Personal Loan, ,48,Current,0.0
LOAN010833,CUST00709,3072546,Housing Loan,8.33,24,Fully Paid,0.02
LOAN002980,CUST00210,368906,Car Loan,12.58,36,Closed,0.99
LOAN001955,CUST05707,64164,Personal,13.49,84,Paid Off,0.0
LOAN005165,CUST04423,272093,Auto Loan,9.47,84,Fully Paid,0.99
LOAN006209,CUST05328,2576024,Business Loan,12.2,84,ACTIVE,0.0
LOAN004200,CUST04628,246262,PL,12.77,12,Ongoing,0.0
LOAN006651,CUST05735,1027879,SME Loan,12.34,84,PAID,0.0
LOAN001162,CUST04084,711942,Vehicle Loan,11.86,180,CHARGED OFF,0.0
LOAN004608,CUST03280,464844,Business Loan,12.79,240,ONGOING,0.0
LOAN000230,CUST05735,128190,PL,12.34,12,ACTIVE,0.0
LOAN006903,CUST00552,"717,774",SME Loan,12.11,24,Current,0.0
LOAN009878,CUST05823,1225761,,12.23,24,Active,0.01
LOAN009287,CUST00406,2116069,HOME LOAN,9.63,12,Default,0.99
LOAN000251,CUST04084,251400,Auto Loan,11.53,36,Bad Debt,nan
LOAN008407,CUST01539,92118,PERSONAL LOAN,14.09,240,Paid Off,0.11
LOAN011854,CUST02950,301560,Personal Loan,13.9,120,Active,2.5
LOAN007026,CUST01025,2581864,Home Loan,9.36,36,Current,0.01
LOAN011186,CUST03280,702320,Edu Loan,10.61,120,Fully Paid,Unknown
LOAN006750,CUST04084,2098970, ,9.42,12,Ongoing,0.02
LOAN004711,CUST04827,213679,Personal Loan,12.77,48,PAID,0.0
LOAN000186,CUST03756,820589,CAR LOAN,12.81,36,DEFAULT,0.99
LOAN006078,CUST05296,1006675,Car Loan,9.84,84,Paid Off,0.99
LOAN004668,CUST02471,2086589,HOME LOAN,9.05,48,paid,0.99
LOAN006809,CUST03571,116546,personal loan,12.96,84,Paid,0.0
LOAN002239,CUST04624,176712,Edu Loan,9.06,60,,-0.5
LOAN011000,CUST02785,1723568,HOME LOAN,11.7,180,CLOSED,0.99
LOAN000518,CUST03571,1372531,Auto Loan,9.93,48,Open,0.0
LOAN009471,CUST03839,2784136,SME Loan,11.15,240,PAID,0.0
LOAN000162,CUST05328,463648,Personal Loan,13.94,12, ,0.0
LOAN011901,CUST02643,2012523,Mortgage,8.04,24,Current,0.01
LOAN000759,CUST00247,"1,087,062",Car Loan,9.91,240,CLOSED,0.0
LOAN004708,N/A,542769,CAR LOAN,10.32,180,ongoing,0.0
LOAN001514,CUST05735,4905400,home loan,7.67,36,Open,0.02
LOAN001672,CUST03677,237945,Personal Loan,11.83,0,ONGOING,0.0
LOAN010341,CUST00552,342902,Personal,12.43,12,Paid,0.0
LOAN007946,CUST02173,260266,BUSINESS LOAN,11.88,48,CLOSED,0.0
LOAN008045,CUST05823,1253117,CAR LOAN,11.95,60,Ongoing,0.0
LOAN011013,CUST03790,"₹300,135",PERSONAL LOAN,13.88,24,Charged Off,0.99
LOAN002668,CUST04095,686358,Auto Loan,9.48,84,ACTIVE,0.36
LOAN003658,CUST01281,938187,Auto Loan,10.07,60,Unknown,0.0
LOAN004004,CUST03280,3335918,HOME LOAN,9.96,48,ongoing,0.01
LOAN001859,CUST00843,869940,home loan,8.9,60,Paid Off,0.0
LOAN003304,CUST05735,460442,Car Loan,10.41,60,Active,0.0
LOAN007997,CUST00552,631532,Edu Loan,10.8,240,CLOSED,0.0
LOAN009240,CUST02173,208073,Business Loan,12.23,24,Ongoing,0.0
LOAN002972,CUST02643,927855,Mortgage,8.94,240,Paid Off,0.0
LOAN005026,CUST00090,1763951,Biz Loan,13.33,Unknown,Closed,#N/A
LOAN003903,CUST05371,2212745,Business Loan,11.92,180,CHARGED OFF,0.99
LOAN004088,CUST00709,4954445,Home Loan,9.29,84,Paid Off,0.01
LOAN000730,CUST00843,207884,Personal,12.84,120,ongoing,0.0
LOAN001122,CUST03562,442621,Car Loan,12.44,84,Paid,0.0
LOAN002066,CUST00320,#N/A,Mortgage,9.59,180,Paid,0.99
LOAN000438,CUST03280,232072,personal loan,13.86,600,PAID,0.0
LOAN010397,CUST05328,"₹907,745",Car Loan,10.89,36,default,0.0
LOAN008478,CUST05436,1986174,HOME LOAN,8.8,240,ACTIVE,0.0
LOAN004008,NULL,186016,Personal Loan,13.28,60,ACTIVE,0.0
LOAN008465,CUST04827,544292,Vehicle Loan,9.54,24,ACTIVE,0.0
LOAN000805,CUST01025,499734,Biz Loan,12.21,36,Paid,0.0
LOAN003971,CUST03222,294196,N/A,-5,12,Open,0.0
LOAN003828,CUST05823,589018,home loan,9.14,240,active,0.0
LOAN000664,CUST00247,460504,PL,14.19,84,ongoing,0.0
LOAN005467,CUST00587,nan,Housing Loan,10.01,48,active,0.01
LOAN005278,CUST03562,706190,BUSINESS LOAN,13.98,24,ACTIVE,0.0
LOAN002883,CUST04552,,home loan,9.96,24,Fully Paid,0.99
LOAN001926,CUST04628,2151089,Mortgage,8.91,120,Open,0.0
LOAN010852,CUST04827,1446645,Car Loan,10.27,60,PAID,0.0
LOAN009687,CUST05707,177438,personal loan,14.46,120,Paid Off,0.0
LOAN009799,CUST04827,69631,PERSONAL LOAN,12.34,48,ONGOING,0.0
LOAN006123,CUST02933,1282290,Car Loan,9.09,180,Fully Paid,0.0
LOAN005094,CUST02933,314989,Business Loan,NULL,12,Active,0.0
LOAN002864,CUST01901,302600,PL,12.68,180,Paid,0.0
LOAN009925,CUST04599,3064242,Home Loan,8.61,240,PAID,0.0
LOAN004524,CUST03562,494134,Vehicle Loan,11.29,36,active,0.0
LOAN002370,CUST03824,4282895,home loan,9.38,24,Paid,0.02
LOAN011321,CUST00843,429496,Personal,11.7,84,ACTIVE,0.0
LOAN001619,CUST04757,2096441,business loan,11.84,24,ongoing,0.99
LOAN010513,CUST01901,1236201,SME Loan,10.78,36,ONGOING,2.5
LOAN010921,CUST03839,1178897,Auto Loan,10.53,36,active,0.0
LOAN009197,CUST03571,361309,Student Loan,75,120,Ongoing,0.0
LOAN002630,CUST04628,2052387,home loan,9.74,24,PAID,0.01
LOAN010205,CUST05823,3920278,HOME LOAN,9.23,48,Fully Paid,0.01
LOAN011181,CUST01025,"₹362,013",Education Loan,9.38,60,Active,0.0
LOAN000034,CUST01901,469728,Personal Loan,-5,12,Open,0.0
LOAN007759,CUST04084,479872,Education Loan,9.97,120,ongoing,0.0
LOAN005953,CUST03824,4552337,Home Loan,8.76,240,active,0.0
LOAN006429,CUST02933,455968,CAR LOAN,9.46,240,Active,0.0
LOAN011636,CUST00843,697873,Edu Loan,8.79,120,Closed,0.0
LOAN006762,CUST04664,367626,PL,11.08,24,DEFAULT,0.99
LOAN002231,CUST03562,1338494,Biz Loan,14.31,180,PAID,0.0
LOAN010262,CUST04084,1355955,CAR LOAN,12.26,24,CLOSED,0.01
LOAN000899,CUST01500,2754812,HOME LOAN,120,48,PAID,0.01
LOAN006449,CUST00843,460529, ,13.15,60,Current,0.0
LOAN011222,CUST04599,1193512,Biz Loan,11.2,36,Closed,0.0
LOAN008556,CUST04270,127199,Personal,13.96,240,Current,0.0
LOAN000749,CUST05328,1733165,Mortgage,9.85,180,Open,0.0
LOAN002089,CUST03189,Unknown,NULL,8.21,180,Ongoing,0.0
LOAN005071,CUST03222,2411107,#N/A,8.48, ,Closed,2.5
LOAN001420,CUST00843,363370,PERSONAL LOAN,12.68,48,active,0.0
LOAN002085,CUST04628,0,Personal,14.06,180,PAID,0.0
LOAN000403,CUST03280,Unknown,HOME LOAN,9.37,84,Active,0.0
LOAN008491,CUST01901,1371513,Car Loan,10.02,12,paid,0.01
LOAN011516,CUST02950,78914,Personal Loan,14.03,240,Open,0.0
LOAN005188,CUST03222,4516547,home loan,10.16,84,paid,0.01
LOAN001099,CUST04270,"477,769",PL,13.9,60,Ongoing,0.0
LOAN001367,CUST02933,903521,CAR LOAN,9.55,12,CLOSED,0.01
LOAN011717,CUST01025,787355,car loan,10.48,Unknown,Defaulted,0.0
LOAN009323,CUST03677,485701,Biz Loan,12.23,12,ongoing,0.0
LOAN005460,CUST05823,1110213,car loan,11.85,36,Paid,0.0
LOAN003253,CUST01025,395577,Vehicle Loan,10.23,24,ONGOING,0.0
LOAN009692,CUST00090,1120360,home loan,8.72,24,paid,0.01
LOAN010319,CUST05707,3768216,home loan,10.26,180,ONGOING,0.0
LOAN010061,CUST04084,200624,Personal,14.83,120,ongoing,0.0
LOAN002087,CUST05707,606603,HOME LOAN,10.05,24,Fully Paid,0.0
LOAN011988,CUST03222,292432,personal loan,nan,36, ,0.0
LOAN010293,CUST00805,120234,personal loan,13.64,180,CLOSED,0.07
LOAN010607,CUST03222,402513,personal loan,14.36,36,Paid Off,0.0
LOAN009522,CUST01901,"269,531",Vehicle Loan,8.94,84,ONGOING,0.0
LOAN006343,CUST00015,694582,car loan,18.84,84,Closed,0.0
LOAN001166,CUST02173,710521,NULL,10.63,24,ongoing,0.0
LOAN002431,CUST03677,2172227,business loan,Unknown,120,ONGOING,0.0
LOAN004050,CUST04732,775733,home loan,7.69,240,active,0.28
LOAN005923,CUST01448,2821469,Biz Loan,13.85,24,Closed,0.99
LOAN010366,CUST03562,2888902,Home Loan,10.11,84,Paid Off,0.0
LOAN010140,CUST05707,356804,Personal,13.64,240,PAID, 
LOAN004562,CUST04270,328471,Education Loan,10.69,12,Open,0.0
LOAN008681,CUST03839,228362,PERSONAL LOAN,12.75,84,ONGOING,0.0
LOAN010751,CUST01025,233552,PL,13.89,120,Open,0.0
LOAN000095,CUST03824,"₹409,993",Personal,13.48,120,ONGOING,0.0
LOAN003064,CUST00015,4034547,home loan,17.48,60,Paid Off,0.01
LOAN011250,CUST05069,1179081,car loan,9.86,84,Open,0.0
LOAN000136,CUST04827,1589151,HOME LOAN,7.83,24,Ongoing,0.01
LOAN006896,CUST03562,-1000,Personal,13.76,120,Current,0.0
LOAN008383,CUST02173,689176,education loan,9.41,120,Current,0.0
LOAN004929,CUST00843,1559051,business loan,11.72, ,ongoing,0.0
LOAN004315,CUST04270,776596,BUSINESS LOAN,12.95,180,Fully Paid,0.0
LOAN008038,CUST00843,277923,Personal,13.32,120,#N/A,0.0
LOAN001409,CUST05328,1018086,Auto Loan,11.51,12,ACTIVE,0.01
LOAN006835,CUST02950,1407458,Biz Loan,12.14,180,Paid Off,0.0
LOAN008237,CUST03677,499921,Personal Loan,11.6,36,Paid Off,0.0
LOAN010633,CUST05328,421288,EDUCATION LOAN,11.03,180,active,0.0
LOAN000933,CUST03562,"₹159,259",N/A,14.36,180,CLOSED,0.0
LOAN007264,CUST00552,"₹563,146",Auto Loan,9.41,12,Current,0.01
LOAN000420,CUST04270,84271,PERSONAL LOAN,12.81,180,Current,0.0
LOAN008870,CUST03839,1528468,BUSINESS LOAN,12.75,180,ACTIVE,0.0
LOAN003258,CUST05478,2309951,Home Loan,8.29,36,DEFAULT,0.99
LOAN002100,CUST05069,507467,Vehicle Loan,9.88,48,active,0.0
LOAN006988,CUST03222,174881,Personal,14.66,12,Current,0.0
LOAN004529,CUST04084,323326,PL,14.95,240,ongoing,0.0
LOAN008755,CUST01901,1697322,home loan,7.19,120,PAID, 
LOAN003298,CUST04827, ,Car Loan,9.55,120,ACTIVE,0.0
LOAN001243,CUST04827,1813085,Business Loan,12.94,180,Fully Paid,0.0
LOAN007916,CUST01281,112965,EDUCATION LOAN,10.38,84,active,0.0
LOAN009296,CUST01901,256711,EDUCATION LOAN,8.18,24,ongoing,0.0
LOAN011226,CUST05735,3909756,Housing Loan,8.14,36,Fully Paid,0.01
LOAN003751,CUST03280,128598,Personal Loan,N/A,60,Fully Paid,0.0
LOAN007583,CUST04599,1668725,home loan,7.41,36,nan,0.01
LOAN007356,CUST02933,483085,Personal,12.23,60,default,0.0
LOAN008857,CUST02173,1648035,BUSINESS LOAN,12.18,12,Current,0.02
LOAN004027,CUST05707,773048,education loan,10.19,84,ACTIVE,0.0
LOAN007332,CUST04827,2746927,home loan,9.09,0,Closed,0.01
LOAN004334,CUST04084,1483267,Mortgage,#N/A,120,Active,0.0
LOAN007038, ,2383991,Housing Loan,10.13,240,active,0.0
LOAN006384,CUST03839,1413369,Vehicle Loan,120,180,Open,0.0
LOAN003977,CUST03677,813637,car loan,8.91,60,Ongoing,0.0
LOAN007811,CUST00247,1332551,business loan,13.25,120,Current,0.0
LOAN009264,CUST00769,406512,car loan,9.04,12,Defaulted,0.99
LOAN011373,CUST03571,1345322,Car Loan,10.11,60,Fully Paid,0.0
LOAN000561,CUST00587,,Personal,13.4,240,Fully Paid,0.0
LOAN000171,CUST00150,4066505,Housing Loan,9.66,240,CHARGED OFF,0.99
LOAN006882,Unknown,3093698,HOME LOAN,9.19,240,Open,0.0
LOAN007132,CUST05069,4038341,HOME LOAN,6.51,240,Open,0.0
LOAN004076,CUST04084,197466,personal loan,15.24,24,DEFAULT,2.5
LOAN004915,CUST02950,"802,780",home loan,8.06,120,Open,2.5
LOAN008461,CUST01901,3461318,Home Loan,7.46,24,paid,0.02
LOAN002190,CUST03571,881939,car loan,11.62,120,Ongoing,0.0
LOAN001459,CUST01281,907530,Vehicle Loan,10.08,240,ongoing,0.0
LOAN003229,CUST05451,290950,personal loan,13.25,36,Closed,0.42
LOAN007164,CUST03050,588821,CAR LOAN,9.52,24,Ongoing,0.99
LOAN006189,CUST01140,2120322,Business Loan,11.69,180,Paid Off,0.0
LOAN002117,CUST01380,1398796,Mortgage,8.9,84,Fully Paid,0.75
LOAN006519,CUST05735,473408,PL,13.46,12,Open,0.0
LOAN001269,CUST03419,"4,374,709",home loan,7.41,120,default,0.99
LOAN011553,CUST04084,3492454,home loan,9.73,60,Ongoing,2.5
LOAN010674,CUST05436,1891275,HOME LOAN,8.17,120,ACTIVE,
LOAN009420,CUST03222,414084,personal loan,14.62,12,Open,0.0
LOAN001000,CUST05069,622886,Car Loan,8.9,120,ONGOING,0.0
LOAN007126,CUST03677,513787,Auto Loan,8.84,120,ONGOING,#N/A
LOAN010806,CUST02173,1496248,Housing Loan,9.19, ,Paid,0.0
LOAN011502,CUST04343,154412,Personal Loan,12.91,36,ACTIVE,0.26
LOAN004977,CUST02950,547341,education loan,10.51,12,Ongoing,0.01
LOAN002509,CUST04628,"485,399",PERSONAL LOAN,14.02,36,ONGOING,0.0
LOAN002322,CUST03677,1047504,Housing Loan,7.54,240,ACTIVE,0.0
LOAN008384,CUST05347,1610920,Business Loan,13.26,24,Open,0.01
LOAN007235,CUST03189,1253369,Biz Loan,10.74,nan,Paid Off,0.0
LOAN007027,CUST04270,1296910,Housing Loan,8.45,180,ONGOING,#N/A
LOAN011519,CUST04314,"₹2,554,206",SME Loan,11.13,24,CHARGED OFF,0.99
LOAN001697,CUST00587,257183,Personal,13.51,84,Active,0.0
LOAN010421,CUST02933,1216440,Vehicle Loan,,12,active,0.01
LOAN010443,CUST02933,"2,893,221",Home Loan,9.22,240,CLOSED,0.0
LOAN006349,CUST03222,603185,Housing Loan,10.19,240,Current,0.0
LOAN008162,CUST00090,4446990,HOME LOAN,10.15,60,Default,0.01
LOAN007720,CUST04270,"₹381,035",PERSONAL LOAN,14.13,24,ACTIVE,0.0
LOAN003539,CUST03562,455150,Personal,15.1,60,Ongoing,0.0
LOAN006242,CUST03189,nan,Mortgage,-5,60,Open,0.01
LOAN001435,CUST03222,471470,Personal Loan,12.86,#N/A,active,0.0
LOAN005452,CUST05897,2634420,home loan,8.48,120,Bad Debt,0.99
LOAN006615,CUST01500,1020465,Housing Loan,7.28,24,DEFAULT,0.01
LOAN010686,CUST04628,260712,PL,14.07,24,Open,0.0
LOAN009336,CUST03677,-1000,N/A,8.69,180,Closed,
LOAN011202,CUST03824,80036,personal loan,14.31,24,Open,NULL
LOAN010388,CUST00090,1255647,Biz Loan,12.4,36,Ongoing,0.0
LOAN004893,CUST03222,3031441,Mortgage,9.36,24,Ongoing,0.02
LOAN010342,CUST05069,"4,592,801",Housing Loan,7.64,36,nan,0.02
LOAN006985,CUST04270,899291,Vehicle Loan,10.73,240,Paid,nan
LOAN001733,CUST01140,2598207,business loan,10.43,36,Open,0.01
LOAN003068,CUST01500,774423, ,9.06,48,ACTIVE,0.0
LOAN004563,CUST04599,4380634,HOME LOAN,8.22,24,Paid Off,0.02
LOAN011132,CUST04323,Unknown,Biz Loan,13.89,60,default,0.99
LOAN010723,CUST02173,4845429,Mortgage,8.86,#N/A,paid,0.02
LOAN011378,CUST02933,3152852,Home Loan,8.13,60,paid,Unknown
LOAN002616,CUST03824,1037638,Home Loan,10.25,120,Defaulted,0.0
LOAN000969,CUST01140,239925,Personal,11.2,240,Closed,0.0
LOAN002649,CUST05735,3737485,Home Loan,8.88,24,Active,0.02
LOAN008640,CUST04827,380328,PL,14.27,180,Active,0.0
LOAN008060,CUST02643,425803,Personal Loan,12.77,60,default,0.0
LOAN009432,CUST00247,999999999,Student Loan,9.61,60,ONGOING,0.0
LOAN006001,CUST01140,69838,Personal,11.27,36,Open,0.0
LOAN006658,CUST00587,2188730,HOME LOAN,nan,84,ONGOING,0.0
LOAN000082,CUST05707,4256924,Home Loan,8.94,84,paid,0.01
LOAN004430,CUST04599,2770777,Mortgage,8.35,12,Fully Paid,0.03
LOAN001980,CUST03368,588668,Vehicle Loan,11.37,120,CHARGED OFF,0.99
LOAN010432,CUST00587,3662913,Home Loan,9.78,240,DEFAULT,0.0
LOAN005602,CUST03824,2465624,HOME LOAN,9.32,120,ongoing,0.0
LOAN005225,CUST01140,1352694,Auto Loan,8.23,36,active,0.0
LOAN005551,CUST01281,2489733,Business Loan,12.57,84,PAID,0.0
LOAN008203,,64956,Personal,12.42,36,ongoing,0.2
LOAN004478,CUST05069,983214,car loan,8.88,48,Unknown,0.0
LOAN011975,CUST00552,597996,Student Loan,10.32,48,Fully Paid,0.0
LOAN001358,CUST05735,331779,Personal,13.05,12,Paid Off,0.0
LOAN006528,CUST04768,459814,PL,11.33,,PAID,0.85
LOAN004926,CUST05328,1042483,SME Loan,12.51,24,Paid Off,0.01
LOAN005859,CUST00247,930887,Business Loan,11.99,240,Closed,0.0
LOAN007454,CUST05436,"₹415,261",Business Loan,11.93,48,Active,0.0
LOAN004177,CUST04599,518778,EDUCATION LOAN,9.4,120,active,0.0
LOAN003308,CUST05964,479515,Auto Loan,9.75,180,PAID,0.28
LOAN003272,CUST05735,2135274,Mortgage,7.8,24,Closed,0.01
LOAN007206,CUST01901,232623,personal loan,11.83,36,ONGOING,0.0
LOAN008256,CUST05735,364601,Education Loan,9.96,12,Active,0.0
LOAN010107,CUST04637,1921036,home loan,7.8,36,default,0.99
LOAN000631,CUST00552,Unknown,Personal,13.18,12,ACTIVE,0.0
LOAN009511,CUST01901,706515,BUSINESS LOAN,11.4,180,Fully Paid,0.0
LOAN003672,CUST03280,1061159,home loan,10.35,nan,Open,0.01
LOAN009509,CUST04827,1362016,Vehicle Loan,10.65,12,PAID,0.01
LOAN006541,CUST02950,169136,Personal Loan,13.87,48,active, 
LOAN004621,CUST01500,732211,N/A,10.1,24,Fully Paid,0.0
LOAN008122,CUST05328,3320257,Mortgage,8.45,120,PAID,0.0
LOAN000816,CUST04599,534153,education loan,75,180,ONGOING,0.0
LOAN004686,CUST03280,-1000,car loan,10.94,60,Closed,0.0
LOAN003622,CUST03571,2429798,Business Loan,13.61,12,PAID,0.02
LOAN002235,CUST05649,396943,N/A,13.5,180,Current,0.24
LOAN001235,N/A,"3,418,825",Mortgage,9.03,84,Open,#N/A
LOAN003154,CUST05436,4541107,Mortgage,7.83,120,Active,0.0
LOAN003985,CUST04270,,Edu Loan,11.01,180,PAID,0.0
LOAN011069,CUST00015,363984,personal loan,21.9,36,PAID,0.0
LOAN011822,CUST01500,344270,PL,11.35,84,ONGOING,0.0
LOAN007380,CUST01281,"₹1,280,595",Business Loan,11.73,240,Current,0.0
LOAN001660,CUST00552,1186315,Home Loan,#N/A,0,active,0.0
LOAN001614,CUST01500,580623,Auto Loan,8.72,60,active,nan
LOAN004746,CUST00015,365764,Personal Loan,21.39,12,Paid Off,0.0
LOAN010922,CUST04270,147584,PL,13.75,240,Paid,0.0
LOAN004273,CUST05707,nan,Housing Loan,9.38,120,N/A,0.0
LOAN009254,CUST01140,3031657,HOME LOAN,7.06,60,Ongoing,0.01
LOAN010225,CUST05735,2973970,Mortgage,7.59,180,Active,0.0
LOAN008355,CUST05707,277992,EDUCATION LOAN,11.44,24,#N/A,0.0
LOAN010420,CUST03562,4094357,Mortgage,9.74,84,ACTIVE,0.01
LOAN010130,CUST03824,"₹327,356",car loan,10.46,24,ongoing,0.0
LOAN002126,CUST00015,2479663,Home Loan,-5,84,Paid,0.0
LOAN002646,CUST05347,282518,personal loan,14.76,24,ongoing,0.0
LOAN005207,CUST05436,2769530,SME Loan,10.83,48,paid,0.01
LOAN007219,CUST03222,1584505,N/A,9.6,84,Paid Off,0.0
LOAN007671,CUST03824,91044,Personal Loan,15.06,120,Open,0.0
LOAN000698,CUST01281,1277577,CAR LOAN,10.43,nan,ongoing,0.0
LOAN008685,CUST05571,559824,Edu Loan,9.08,48,Closed,0.99
LOAN011379,CUST03562,847480,Auto Loan,10.91,120,Current,0.0
LOAN001633,Unknown,NULL,Education Loan,11.03,84,Paid Off,0.0
LOAN007521,CUST03562,1646751,home loan,11.11,36,PAID,0.01
LOAN000719,CUST01281,4175133,home loan,9.77,120,#N/A,0.0
LOAN004788,CUST05347,"1,681,875",Biz Loan,13.5,120,#N/A,0.0
LOAN003432,CUST00709,4120118,Housing Loan,9.59,36,Active,0.01
LOAN008587,CUST03562,262564,CAR LOAN,11.94,240,PAID,N/A
LOAN007149,CUST02950,376158,Personal Loan,12.99,60,Open,0.0
LOAN011057,CUST03677,3780941,home loan,8.81,120,ACTIVE,0.0
LOAN005508,CUST05436,353073,Personal Loan,12.8,84,CLOSED,0.0
LOAN011524,CUST01140,2906441,Business Loan,11.7,60,Open,0.01
LOAN004074,CUST00843,231893,EDUCATION LOAN,9.42,48,ONGOING,0.0
LOAN005885,CUST04599,102748,Personal,11.49,120,Ongoing,0.0
LOAN003382,CUST02933,1681383,SME Loan,13.06,180,Paid,0.0
LOAN006585,CUST03030,406448,CAR LOAN,10.61,24,Charged Off,0.99
LOAN004218,CUST00843,NULL,NULL,9.61,240,Closed,0.0
LOAN010673,CUST01025,204597,Personal Loan,13.14,60,ACTIVE,0.0
LOAN006037,CUST05735,"₹2,492,285",Biz Loan,12.06,120,Closed,0.0
LOAN011434,CUST01281,575869,business loan,13.44,600,ongoing,0.0
LOAN001154,CUST05328,299122,Auto Loan,11.53,84,ONGOING,0.0
LOAN002784,CUST02643,1466390,Vehicle Loan,,120,ACTIVE,0.0
LOAN006848,CUST03280,717130,education loan,10.01,48,CHARGED OFF,0.0
LOAN000475,CUST05347, ,PERSONAL LOAN,14.84,84,Paid Off,0.0
LOAN009374,CUST01025,199940,Personal,13.81,84,CLOSED,0.0
LOAN008801,CUST01281,248228,Auto Loan,10.6,240,ongoing,0.0
LOAN000588,CUST03824,551786,car loan,11.28,36,Active,0.0
LOAN002565,CUST04870,850316,home loan,8.88,180,ongoing,0.59
LOAN000661,CUST00015,4933593,HOME LOAN,16.98,36,DEFAULT,0.02
LOAN006837,CUST00843,2851541,Housing Loan,8.02,12,Current,0.03
LOAN010222,CUST00843,2663238,home loan,NULL,240,Closed,0.0
LOAN007100,CUST01025,761046,CAR LOAN,75,12,ongoing,0.01
LOAN005878,CUST02950,4328945,HOME LOAN,8.3,12,Closed, 
LOAN001853,CUST03597,254951,PL,9.45,48,ONGOING,0.99
LOAN005211,CUST01500,1244110,Home Loan,8.45,60,paid,0.0
LOAN005215,CUST05069,"₹3,669,467",home loan,6.62,N/A,ongoing,0.01
LOAN004894,CUST05069,255278,PERSONAL LOAN,12.95,24,Current,0.0
LOAN004121,CUST01140,391414,Vehicle Loan,8.61,180,Paid Off,0.0
LOAN006379,CUST01649,2141114,Mortgage,#N/A,84,Fully Paid,0.99
LOAN004169,CUST00090,3555828,Home Loan,9.94,180,ACTIVE,0.0
LOAN001764,N/A,940353,BUSINESS LOAN,11.32,240,Fully Paid,0.0
LOAN004173,CUST00090,260554,Vehicle Loan,,24,ongoing,
LOAN004249,CUST03824,1249446,Mortgage,8.93,24,CLOSED,0.01
LOAN008391,CUST02643,975767,business loan,11.25,180,paid,Unknown
LOAN007268,CUST05165,2811691,home loan,10.68,60,Bad Debt,0.99
LOAN000705,CUST03824,1972239,Mortgage,9.54,60,Closed,0.0
LOAN005001,CUST00709,150953,Personal,14.09,84,Default,0.0
LOAN006180,CUST01901,2878240,business loan,11.14,24,Paid,0.01
LOAN003656,CUST01500,407203,PL,11.31,84,ONGOING,0.0
LOAN003170,CUST05328,4405762,home loan,10.13,48,ONGOING,0.01
LOAN004357,CUST05436,571777,BUSINESS LOAN,12.0,24,Closed,0.0
LOAN011108,CUST04628,"₹3,805,920",Mortgage,8.39,180,ACTIVE,0.0
LOAN004047,CUST01140,2789265,HOME LOAN,8.33,120,Paid Off,0.0
LOAN002120,CUST03280,192527,Personal Loan,14.93,48,Active,0.0
LOAN007323,CUST04827,348612,PERSONAL LOAN,12.53,180,Current,0.0
LOAN000551,CUST05735,999999999,Biz Loan,12.58,120,Paid Off,0.0
LOAN004892,CUST03571,339270,Edu Loan,9.57,48,Ongoing,0.0
LOAN003133,NULL,1465101,Car Loan,9.1,24,paid,N/A
LOAN003760, ,446408,Personal Loan,13.88,0,ACTIVE,0.0
LOAN000677,CUST02933,NULL,,10.27,180,CLOSED,0.0
LOAN006913,CUST00247,429267,PERSONAL LOAN,14.09,48,Paid,0.0
LOAN010188,CUST04270,2604976,SME Loan,12.37,120,active,0.0
LOAN003410,CUST05436,"304,183",Personal,13.04,48,Paid Off,0.0
LOAN001692,CUST02933,84594,PERSONAL LOAN,12.89,240,ONGOING,0.0
LOAN008561,CUST05735,223401,PL,12.84,48,Ongoing,0.0
LOAN007389,CUST00709,185338,personal loan,14.13,36,Open,0.0
LOAN000893,CUST03571,277197,Edu Loan,10.25,36,Paid,0.0
LOAN010718,CUST00247,Unknown,Mortgage,8.65,180,CLOSED,0.0
LOAN010664,CUST03280,"₹388,400",PERSONAL LOAN,14.63,60,ONGOING,0.0
LOAN009902,CUST04084,4088123,HOME LOAN,10.45,24,paid,0.02
LOAN010716,CUST05328,334666,Personal Loan,13.94,240,Paid Off,0.0
LOAN005031,CUST01025,1329238,CAR LOAN,,48,CLOSED,0.0
LOAN006178,CUST00843,0,personal loan,12.01,24,Active,0.0
LOAN011655,CUST00552,982973,Mortgage,8.16,180,CLOSED,0.0
LOAN000283,CUST05347,1388293,CAR LOAN,11.48,180,Closed,0.0
LOAN008165,CUST00587,2229974,#N/A,8.47,60,paid,0.0
LOAN001400,CUST01281,2609880,BUSINESS LOAN,12.3,24,Fully Paid,0.01
LOAN007856,CUST03824,229890,CAR LOAN,11.85,120,ONGOING,0.0
LOAN002728,CUST03562,584696,EDUCATION LOAN,12.07,84,PAID,0.0
LOAN008658,CUST03280,491338,car loan,11.83,180,Paid Off,0.0
LOAN001063,CUST04912,105098,Education Loan,8.46,48,Current,Unknown
LOAN008361,CUST01025,1029467,Unknown,9.76,60,Paid,0.0
LOAN010758,CUST01025,4085802,home loan,9.08,240,Active,0.0
LOAN000086,CUST04628,3924466,Home Loan,8.87,12,Closed,0.04
LOAN011809,CUST05347,100327,PL,13.3,180,Current,0.0
LOAN001898,CUST05735,105986,Edu Loan,9.79,24,Active,0.0
LOAN002091,CUST05069,1405725,Home Loan,7.0,60,Closed,0.0
LOAN006304,CUST05707,556292,HOME LOAN,9.2,84,Paid Off,0.0
LOAN010999,CUST04827,165610,Personal,13.85,36,Paid,0.0
LOAN002899,CUST00552,239501,Personal Loan,13.58,120,N/A,0.0
LOAN006416,CUST03571,4476883,Mortgage,9.27,48,active,0.01
LOAN000405,NULL,713379,Student Loan,10.53,24,Paid Off,0.0
LOAN010906,CUST02933,316186,Personal,12.43,48,Ongoing,N/A
LOAN002737,CUST02173,718767,Car Loan,10.01,120,#N/A,Unknown
LOAN009712,CUST05436,1438675,Auto Loan,10.34,36,paid,0.0
LOAN001747,CUST03222,115574,personal loan,13.08,84,paid,0.0
LOAN004802,CUST00247,0,EDUCATION LOAN,9.37,180,paid,0.0
LOAN006605,CUST02643,NULL,Vehicle Loan,10.63,36,Closed,0.0
LOAN000872,CUST03562,527627,Car Loan,11.63,180,Current,NULL
LOAN009123,CUST01025,186179,Personal,13.83,120,ACTIVE,0.0
LOAN011865,CUST02643,NULL,personal loan,13.88,24,ongoing,0.0
LOAN006258,CUST05735,288108,PL,13.42,60,active,0.0
LOAN001114,CUST04628,1074970,SME Loan,12.58,84,ONGOING,0.0
LOAN009288,CUST03677,289275,PL,11.75,24,PAID,0.0
LOAN005275,CUST00090,976088,Car Loan,11.29,36,Ongoing,0.0
LOAN011272,CUST00516,680616,Education Loan,10.27,12,default,0.99
LOAN011359,CUST02933,242878,Personal,nan,12,Current,0.0
LOAN004139,CUST00804,435076,Personal Loan, ,84,Open,0.27
LOAN008928,CUST02173,1480773,car loan,9.84,48,Current,0.0
LOAN003448,CUST00681,1353480,Vehicle Loan,10.51,60,Default,0.99
LOAN006774,CUST04628,4851748,Mortgage,8.34,180,Closed,0.0
LOAN009283,CUST05735,1363554,Auto Loan,9.89,240,ACTIVE,0.0
LOAN006155,CUST01901,792040,Mortgage,8.28,12,Open,0.01
LOAN007510,CUST03897,"₹845,454",Car Loan,10.49,48,CHARGED OFF,0.99
LOAN009346,CUST00015,#N/A,Biz Loan,19.86,12,Bad Debt,0.01
LOAN004062,CUST03416,761284,education loan,11.3,,Fully Paid,0.45
LOAN008295,CUST03562,0,Student Loan,11.61,-12,Closed,0.0
LOAN003073,CUST01500,83832,Personal,13.15,84,ongoing,0.0
LOAN004818,CUST00015,NULL,PERSONAL LOAN,#N/A,180,Bad Debt,0.0
LOAN009053,CUST04827,793445,Student Loan,10.0,240,ongoing,0.0
LOAN009548,CUST00587,822452,car loan,10.94,120,Active,0.0
LOAN007069,CUST05735,263291,Student Loan,9.16,120,CLOSED,0.0
LOAN006080,CUST04827,1349981,Car Loan,9.89,60,active,0.0
LOAN009298,CUST02643,2549128,Housing Loan,8.7,600,PAID,0.01
LOAN006479,CUST04599,1451872,home loan,8.23,24,ongoing,0.01
LOAN009644,CUST02173,517992,business loan,11.42,120,ongoing,0.0
LOAN005845,CUST04969,1234464,Vehicle Loan,10.4,120,Closed,0.99
LOAN005099,CUST04769,400433,Personal,12.43,12,default,0.99
LOAN009422,CUST04599,395138,Personal Loan,12.55,84,Paid Off,0.0
LOAN004628,CUST02643,226932,Auto Loan,9.35,,Fully Paid,0.0
LOAN010980,CUST00552,457801,Edu Loan,8.98,120,Paid Off,-0.5
LOAN002838,CUST00090,2301410,Housing Loan,8.53,24,Default,0.01
LOAN001126,CUST02933,378355,PERSONAL LOAN,13.22,12,ACTIVE,0.0
LOAN011145,CUST05069,211432,nan,11.41,240,CLOSED,0.0
LOAN004597,CUST04628,1538673,HOME LOAN,9.93,120,ongoing,0.0
LOAN001305,CUST05122,,CAR LOAN,9.42,240,ONGOING,0.33
LOAN008648,CUST00015,1849940,Business Loan,19.39,12,Fully Paid,0.02
LOAN009529,CUST03189,683370,SME Loan,12.08,48,CLOSED,0.0
LOAN001952,CUST01606,60427,PL,14.12,nan,CLOSED,0.02
LOAN003581,CUST03908,886677,CAR LOAN,11.32,12,CHARGED OFF,0.99
LOAN007767,CUST04628,1115461,Auto Loan,10.32,180,Paid Off,0.0
LOAN007337,CUST01140,713477,Education Loan,8.31,36,paid,0.0
LOAN004896,CUST03222,3254064,Housing Loan,8.78,180,Current,0.0
LOAN010766,CUST00247,2476353,Housing Loan,9.67,180,Fully Paid,0.0
LOAN010924,CUST00090,245170,Personal Loan,14.0,48,Fully Paid,0.0
LOAN009599,Unknown,1754803,Business Loan,11.59,180,active,0.0
LOAN008246,CUST04599,376943,Personal Loan,11.5,48,ongoing,0.0
LOAN008761,CUST01901,#N/A,Auto Loan,10.06,48,Closed,0.0
LOAN003090,CUST00247,1230051,CAR LOAN,120,240,paid,0.0
LOAN011429,CUST00247,4061513,Home Loan,-5,84,Paid Off,0.01
LOAN002233,CUST02950,1004403,HOME LOAN,7.9,60,ACTIVE,0.0
LOAN007131,CUST05436,443156,PL,12.99,600,CLOSED,0.0
LOAN003857,CUST05436,2217803,home loan,7.69,240,Current,0.0
LOAN000419,CUST02173,447313,personal loan,13.04,60,ACTIVE,0.0
LOAN004843,CUST03876,"₹1,342,024",BUSINESS LOAN,10.19,24,Paid,0.99
LOAN006357,CUST03509,333879,Personal Loan,,240,active,0.17
LOAN002018,CUST05436,479688,PL,12.68,12,ACTIVE,0.0
LOAN000242,CUST00497,1491254,SME Loan,13.14,24,default,0.99
LOAN002856,CUST04666,2844467,HOME LOAN,9.71,84,Defaulted,0.99
LOAN011682,CUST01389,58666,N/A,10.58,60,Current,0.06
LOAN008010,CUST00568,1490002,home loan,8.95,24,Defaulted,0.99
LOAN002198,CUST00843,1221970,Car Loan,9.51,84,Open,0.0
LOAN006961,CUST03562,3744202,HOME LOAN,9.21,180,Active,0.0
LOAN001302,CUST01521,735560,Education Loan,11.28,120,Closed,0.55
LOAN005935,CUST04270,651059,BUSINESS LOAN,12.06,24,active,0.0
LOAN002514,CUST00550,131101,Personal Loan,14.26,84,active,0.17
LOAN004052,CUST00015,970070,Biz Loan,20.57,36,N/A,0.0
LOAN009325,CUST03824,410615,Personal,120,60,Current,0.0
LOAN000547,CUST05707,3906401,Housing Loan,9.61,180,Default,0.0
LOAN001197,CUST01281,124936,PERSONAL LOAN,13.68,120,PAID,0.0
LOAN001452,CUST05069,919627,Home Loan,6.57,#N/A,Default,0.0
LOAN004060,CUST05707,928674,Business Loan,13.73,48,active,nan
LOAN005034,CUST04213,307380,SME Loan,11.69,84,Open,0.15
LOAN001894,CUST01500,"4,679,431",Home Loan,8.57,120,Open,0.0
LOAN000334,CUST00015,4962352,Housing Loan,17.25,36,default,0.02
LOAN007284,CUST05823,732090,EDUCATION LOAN,11.67,180,Active,0.0
LOAN004787,CUST05069,880349,Car Loan,9.06,180,paid,2.5
LOAN002888,CUST00552,2653039,home loan,9.64,24,ACTIVE,0.01
LOAN000287,CUST02950,2845699,BUSINESS LOAN,11.4,84,paid,0.0
LOAN008558,CUST01281,2710624,HOME LOAN,8.52,48,active,0.01
LOAN001167,CUST00709,1942942,SME Loan,13.0,60,paid,0.0
LOAN003819,CUST00015,NULL,Auto Loan,N/A,180,Bad Debt,0.0
LOAN007566,CUST01499,1187458,Housing Loan,10.7,60,DEFAULT,0.99
LOAN002780,CUST00587,3534384,HOME LOAN,8.49,12,Closed,0.04
LOAN010526,CUST03189,1207124,Housing Loan,7.17,180,PAID,0.0
LOAN001938,CUST02926,185589,Personal Loan,13.89,12,CHARGED OFF,0.99
LOAN004741,CUST05069,"₹313,625",PERSONAL LOAN,12.81,240,Defaulted,0.0
LOAN005332,CUST04628,2429341,Mortgage,8.18,36,Paid,0.01
LOAN007605,CUST02643,2995086,Home Loan,8.95,240,ACTIVE,0.0
LOAN008637,CUST03571,455522,personal loan,13.96,240,Active,0.0
LOAN002935,CUST05328,2090922,BUSINESS LOAN,12.82,48,Paid Off,0.01
LOAN007598,CUST05069,#N/A,CAR LOAN,Unknown,60,active,0.0
LOAN002535,CUST02933,88501,PL,N/A,36,Fully Paid,0.0
LOAN008697,CUST03824,145916,PL,14.41,36,ACTIVE,0.0
LOAN011529,CUST04628,1480639,car loan,10.31,36,Active,0.0
LOAN009698,CUST03824,371571,Personal,14.86,240,Ongoing,0.0
LOAN004376,CUST05347,178416,PL,14.71,60,Charged Off,0.0
LOAN007306,CUST00843,2400522,Business Loan,11.01,36,Open,0.01
LOAN001656,CUST05707,nan,Vehicle Loan,10.57,120,Paid Off,0.0
LOAN011446,CUST03189,"72,429",Personal,13.45,120,ONGOING,0.0
LOAN006684,CUST00552,"₹168,836",PERSONAL LOAN,13.94,12,#N/A,0.0
LOAN007305,CUST05069,2523561,Mortgage,7.83,24,Paid, 
LOAN003746,CUST00015,"3,755,798",home loan,16.2,36,Bad Debt,0.01
LOAN005199,CUST00552,1737171,HOME LOAN,9.47,120,Ongoing,0.0
LOAN006753,CUST00090,287248,Personal,14.59,60,ONGOING,0.0
LOAN001111,CUST04628,-1000,Personal,13.93,48,ONGOING,0.0
LOAN003364,CUST04628,1422391,Car Loan,,#N/A,active,0.0
LOAN010543,CUST03189,383132,PERSONAL LOAN,12.77,180,Active,0.0
LOAN006469,CUST03571,159719,personal loan,13.1,36,Paid,0.0
LOAN011040,CUST00656,1803571,Business Loan,13.85,-12,ACTIVE,99
LOAN004197,CUST02950,308129,Edu Loan,9.15,120,ongoing,0.0
LOAN007530,CUST00709,884188,business loan,12.91,120,ongoing,0.0
LOAN005304,CUST03677,456306,PL,11.67,48,Paid,0.0
LOAN003122,CUST00090,4577940,HOME LOAN,9.36,180,Closed,0.0
LOAN005698,CUST03571,534944,Car Loan,11.54,180,Active,0.0
LOAN011362,CUST03677,1266453,N/A,10.02,60,ACTIVE,0.0
LOAN003312,CUST05328,N/A,Biz Loan,12.42,120,Open,0.0
LOAN000410,CUST01901,448840,Edu Loan,8.23,120,N/A,0.0
LOAN008480,CUST03418,343128,Personal,13.55,24,default,2.5
LOAN010352,CUST04628,2585994,business loan,12.59,36,Paid Off,#N/A
LOAN010254,CUST02664,733806,EDUCATION LOAN,11.77,120,Bad Debt,0.99
LOAN000262,CUST03222,65383,personal loan,13.61,12,PAID,0.0
LOAN001929,CUST01140,739797,car loan,nan,24,ACTIVE,0.0
LOAN003944,CUST01140,3403886,HOME LOAN,7.34,60,active,0.01
LOAN007130,CUST01901,644955,business loan,10.54,120,Open,0.0
LOAN007447,CUST01901,1209442,Biz Loan,12.02,12,paid,0.01
LOAN001180,CUST03280,645651,car loan,11.16,24,ACTIVE,0.0
LOAN001628,CUST03730,2182355,SME Loan,12.62,24,CHARGED OFF,0.99
LOAN002362,CUST00709,4953110,home loan,9.28,120,NULL,0.0
LOAN011671,CUST03839,671922,Car Loan,11.13,120,ongoing,0.0
LOAN004324,CUST01140,"1,026,733",Home Loan,,180,ACTIVE,0.0
LOAN002011,CUST00015,1389686,business loan,19.83,120,CHARGED OFF,0.0
LOAN007746,CUST05132,1111352,Housing Loan,10.2,60,CHARGED OFF,0.99
LOAN010155,CUST01901,204263,Personal,11.83,24,Paid Off,0.0
LOAN005909,CUST04270,242914,Car Loan,10.34,12,Open,0.0
LOAN006741,CUST02933,215847,Personal,12.36,12,Active,0.0
LOAN001463,CUST00015,777672,Edu Loan,17.12,36,Bad Debt,0.0
LOAN008043,CUST00709,"₹281,430",EDUCATION LOAN,9.04,240,Active,0.0
LOAN007330,CUST00587,515764,Auto Loan,10.32,84,active,0.0
LOAN005143,CUST01025,520502,Education Loan,10.34,60,Ongoing,
LOAN007422,CUST05765,1273484,home loan,8.02,48,CHARGED OFF,0.99
LOAN004585,CUST03707,515424,SME Loan,11.96,120,ACTIVE,0.24
LOAN006298,CUST01025,1361267,business loan,11.99,240,Paid Off,0.0
LOAN004472,CUST05436,1749238,Biz Loan,,600,CLOSED,0.0
LOAN006657,CUST00587,999999999,personal loan,12.97,180,Paid Off,0.0
LOAN005615,CUST04827,404825,Personal,14.07,36,Paid Off,0.0
LOAN002940,CUST03280,4880399,HOME LOAN,9.89,60,active,0.01
LOAN004036,CUST03562,168574,Education Loan,11.15,24,default,0.0
LOAN001629,CUST05328,1343285,car loan,10.9,24,ACTIVE,0.01
LOAN007636,CUST03839,249939,PERSONAL LOAN,13.88,48,Paid,0.0
LOAN009851,CUST05823,2407281,Housing Loan,10.74,12,ongoing,0.02
LOAN005875,CUST03222,2421659,Business Loan,12.83,84,Open,0.0
LOAN000735,CUST04504,334763,personal loan,13.79,240,Closed,0.06
LOAN000381,CUST02643,1294372,car loan,10.69,48,ONGOING,0.0
LOAN002552,CUST03189,866747,Vehicle Loan,10.3,36,paid,0.0
LOAN000898,CUST05707,183935,education loan,,60,paid,0.0
LOAN008285,CUST00587,2948258,HOME LOAN,9.44,24,active,0.01
LOAN006187,CUST03839,2605187,Home Loan,8.04,120,Ongoing,0.0
LOAN011844,CUST04603,3195095,Home Loan,9.76,84,CHARGED OFF,0.99
LOAN009502,CUST04628,260916,Edu Loan,10.9,48,paid,0.0
LOAN007500,CUST03519,1233729,business loan,12.03,84,Paid,0.99
LOAN003400,CUST03677,473626,personal loan,11.58,12,active,0.0
LOAN002950,CUST00247,"₹305,304",Personal Loan,13.99,60,active,0.0
LOAN010767,CUST00587,453890,PERSONAL LOAN,13.86,24,CHARGED OFF,N/A
LOAN004448,CUST05069,"1,069,354",HOME LOAN,7.82,180,CLOSED,NULL
LOAN003111,CUST03562,225246,Auto Loan,11.43,84,active,0.0
LOAN007973,CUST03562,508576,Auto Loan,11.51,84,ongoing,0.0
LOAN000005,CUST04827,1046381,car loan,10.12,240,CLOSED,0.0
LOAN002057,CUST02217,857987,CAR LOAN,9.21,48,Defaulted,0.99
LOAN003738,CUST03824,169580,Personal Loan,13.79,120,paid,0.0
LOAN002216,CUST03089,Unknown,personal loan,13.28,24,Default,0.52
LOAN010721,CUST05707,129968,PL,14.74,120,Ongoing,0.0
LOAN001866,CUST02643,331266,Edu Loan,10.06,N/A,paid,0.0
LOAN005559,CUST05823,4170113,Housing Loan,10.34,24,Ongoing,0.02
LOAN008665,CUST01312,,education loan,9.92,24,paid,0.99
LOAN010001,CUST05328,4367428,home loan,9.85,12,paid,0.04
LOAN000796,CUST05830,323220,PL,12.41,12,active,0.99
LOAN002793,CUST02591,1593407,home loan,7.87,180,Charged Off,0.75
LOAN008302,CUST01500,494733,Personal Loan,12.86,Unknown,ONGOING,0.0
LOAN006165,CUST00090,nan,EDUCATION LOAN,9.35,24,ONGOING,0.0
LOAN009953,CUST01281,350076,Edu Loan,9.24,nan,Paid,0.0
LOAN001185,CUST01140,383645,PL,13.03,24,ACTIVE,0.0
LOAN007091,CUST01500,1186919,Business Loan,11.05,84,ongoing,0.0
LOAN010268,CUST01500,653032,car loan,9.24,120,ONGOING,0.0
LOAN003904,CUST04270,3391368,home loan,-5,24,Current,0.02
LOAN004610,CUST03189,"₹210,998",PL,12.94,Unknown,paid,0.0
LOAN006027,CUST05069,529842,Edu Loan,9.42,84,active,0.0
LOAN007496,CUST05328,2269606,Housing Loan,9.38,12,Paid Off,0.02
LOAN009429,CUST00843,4876429,Home Loan,7.16,84,ongoing,0.01
LOAN003433,CUST00587,764246,Housing Loan,9.54,36,Fully Paid,0.0
LOAN007231,CUST02173,458823, ,9.4,84,Current,0.0
LOAN001568,CUST03222,410529,Personal,13.73,60,Current,0.0
LOAN005074,CUST01475,2013391,SME Loan,13.42,24,default,0.99
LOAN001758,CUST05707,2730307,Biz Loan,14.03,60,Current,0.01
LOAN007888,CUST00843,697124,Business Loan,11.87,84,ongoing,0.0
LOAN001780,CUST05290,153583,personal loan,#N/A,12,Paid Off,0.99
LOAN005661,CUST05735,68908,Personal,12.84,180,ONGOING,0.0
LOAN002124,CUST01025,301143,business loan,12.73,24,Current,0.0
LOAN006806,CUST05328,0,Personal Loan,13.85,24,paid,0.0
LOAN005210,CUST03677,696250,Vehicle Loan,10.02,120,Ongoing,0.0
LOAN002913,CUST00552,750293,SME Loan,11.61,240,CLOSED,0.0
LOAN005169,CUST05735,390056,Vehicle Loan,10.5,120,Current,0.0
LOAN002911,CUST03562,4558078,home loan,,180,PAID,N/A
LOAN008213,CUST01281,304850,Personal Loan,13.08,24,ACTIVE,0.0
LOAN010584,CUST03677,547070,home loan,8.34,0,Fully Paid,0.0
LOAN008026,CUST03562,753447,Home Loan,10.96,180,Closed,0.0
LOAN004026,CUST03900,4771641,Home Loan,8.8,-12,Bad Debt,0.99
LOAN006089,CUST04270,122979,PL,13.7,24,PAID,0.0
LOAN007319,CUST05707,397270,Personal Loan,14.26,48,Paid,0.0
LOAN004073,CUST02950,4928141,Housing Loan,7.92,24,Open,0.02
LOAN006324,CUST00090,1454448,BUSINESS LOAN,13.65,240,Open,0.0
LOAN004890,CUST04869,257570,Auto Loan,9.66,36,default,0.99
LOAN008851,CUST02167,"₹461,359",Personal Loan,12.51,120,DEFAULT,0.41
LOAN001094,CUST05735,590962,Car Loan,10.25,12,active,0.01
LOAN007082,CUST03571,494597,Personal Loan,13.15,#N/A,PAID,0.0
LOAN011921,CUST05436,"₹3,374,097",home loan,7.97,240,Open,0.0
LOAN009141,CUST04270,223266,Biz Loan,12.18,240,paid,0.0
LOAN002615,CUST03677, ,Home Loan,8.36,60,Current,#N/A
LOAN002286,CUST04628,336321,education loan,9.82,120,Ongoing,#N/A
LOAN006829,CUST05823,562381,Vehicle Loan,11.49,84,Bad Debt,0.0
LOAN008927,CUST03280,440230,PL,13.93,12,Default,NULL
LOAN000188,CUST00587,467158,Education Loan,#N/A,120,Ongoing,0.0
LOAN003885,CUST04084,2452768,SME Loan,13.0,84,CLOSED,0.0
LOAN002160,CUST03055,4035756,HOME LOAN,9.53,24,Bad Debt,0.99
LOAN001030,CUST00247,2259618,Biz Loan,12.28,12,CHARGED OFF,0.02
LOAN007776,CUST02465,1481384,Business Loan,13.27,36,Paid,0.99
LOAN000541,CUST00709,1161363,Business Loan,13.24,24,CLOSED,0.01
LOAN007334,CUST05735,317450,PERSONAL LOAN,12.71,84,Open,0.0
LOAN006355,CUST00215,72129,PERSONAL LOAN,11.67,60,Current,0.34
LOAN009967,CUST02643,715605,Car Loan,10.59,60,Ongoing,0.0
LOAN003116,CUST05823,1497876,CAR LOAN,11.7,60,NULL,0.0
LOAN010200,,382676,car loan,120,120,Ongoing,0.48
LOAN002176,CUST00552,2401520,Biz Loan,12.51,84,Open,0.0
LOAN000038,CUST05436,78738,personal loan,12.92,84,CLOSED,0.0
LOAN001874,CUST05069,789800,Housing Loan,7.67,36,ACTIVE,0.0
LOAN010625,CUST01901,454108,PL,12.94,12,Paid,0.0
LOAN006069,CUST00709,309990,Personal Loan,#N/A,60,Paid Off,0.0
LOAN011894,CUST02368,"₹375,313",EDUCATION LOAN,10.19,60,Charged Off,Unknown
LOAN001871,CUST01035,112605,Edu Loan,N/A,48,paid,0.46
LOAN002557,CUST00247,1304786,Vehicle Loan,10.08,84,ONGOING, 
LOAN008488,CUST03222,894764,car loan,11.66,180,ONGOING,0.0
LOAN007942,CUST05823,325169,Personal,14.18,36,Paid Off,0.0
LOAN007936,CUST00709,472128,Personal,12.79,24,CLOSED,0.0
LOAN002412,CUST05436,254006,PERSONAL LOAN,12.95,nan,Open,0.0
LOAN011660,CUST02643,1720424,BUSINESS LOAN,12.31,240,Fully Paid,0.0
LOAN010641,CUST05069,1913815,SME Loan,-5,24,nan,N/A
LOAN008941,CUST04599,253978,Personal Loan,12.01,120,Paid,0.0
LOAN011500,CUST02933,1003648,CAR LOAN,10.18,60,Paid,0.0
LOAN009230,CUST05436,1251146,Car Loan,9.49,24,ACTIVE,0.01
LOAN002227,CUST02173, ,Personal,12.18,84,ACTIVE,2.5
LOAN006382,CUST00843,3625079,Mortgage,7.71,240,Paid Off,0.0
LOAN008068,CUST04084,410292,Personal Loan,14.82,12,ONGOING,0.0
LOAN002786,CUST04827,892602,Auto Loan,9.82,36,active,0.0
LOAN004759,CUST02173, ,PERSONAL LOAN,14.05,12,active,0.0
LOAN010592,CUST01500, ,PL,12.47,180,PAID,0.0
LOAN000655,CUST00015,1401869,Mortgage,16.75,12,#N/A,0.01
LOAN005939,CUST00576,420180,personal loan,13.41,180,ongoing,0.34
LOAN000517,CUST04599,933103,Car Loan,9.3,120,,0.0
LOAN008872,CUST03222,NULL,Home Loan,9.16,60,ACTIVE,0.01
LOAN008001,CUST00495,1332723,Auto Loan,10.36,36,CLOSED,0.99
LOAN004700,CUST02933,1467169,Vehicle Loan,9.69,240,Ongoing,0.0
LOAN003212,CUST05823,604829,CAR LOAN,11.26,12,Active,0.01
LOAN003625,CUST01500,744628,Unknown,8.77,36,Active,0.0
LOAN005357,CUST04599,465320,Personal,11.33,120,Paid,0.0
LOAN010485,CUST05735,1467547,N/A,10.58,48,Active,0.0
LOAN007359,CUST03824,460971,Auto Loan,10.83,120,ONGOING,0.0
LOAN000562,CUST04681,215007,personal loan,14.07,180,paid,0.18
LOAN011507,CUST02643,2170994,Business Loan,12.62,180,Open,0.0
LOAN009162,CUST00363,2966370,business loan,11.51,84,CHARGED OFF,0.99
LOAN000982,CUST00552,179327,PL,13.8,84,Active,0.0
LOAN003686,CUST03839,1999242,Home Loan,9.15,60,Ongoing,0.0
LOAN003607,CUST00090,4551360,HOME LOAN,8.98, ,Paid Off,0.02
LOAN007885,CUST00587,543776,CAR LOAN,10.32,0,Current,0.0
LOAN004133,CUST03222,166135,PERSONAL LOAN,12.89,12,paid,0.0
LOAN008678,CUST04628,2828579,Home Loan,8.6,Unknown,Paid,0.0
LOAN007105,CUST03849,446757,personal loan,13.84,NULL,Paid,0.99
LOAN004530,CUST00143,702959,CAR LOAN,8.24,48,Paid,0.99
LOAN009021,CUST02950,788404,Edu Loan,8.95,nan,ONGOING,0.0
LOAN007017,CUST05823,nan,Home Loan,10.69,240,CLOSED,0.0
LOAN010371,CUST05735,2013526,SME Loan,12.74,180,Active,0.0
LOAN002461,CUST05707,311036,personal loan,14.29,12,CLOSED,0.0
LOAN011244,CUST04270,"1,312,443",Business Loan,12.54,84,Open,0.0
LOAN008157,CUST02643,114869,EDUCATION LOAN,10.22,84,CLOSED,0.0
LOAN009302,CUST03189,1331762,car loan,9.9,240,ACTIVE,0.0
LOAN009695,CUST03280,715011,Business Loan,13.83,NULL,Paid,0.01
LOAN006239,Unknown,369854,Vehicle Loan,8.42,180,Paid Off,0.0
LOAN011473,CUST01500,1154052,Vehicle Loan,9.87,24,Open,0.01
LOAN008182,CUST05069,1369262,car loan,9.3,120,active,0.0
LOAN009070,CUST00116,455685,Personal,12.72,180,paid,0.2
LOAN001521,CUST01901,1304763,Home Loan,8.39,120,Active,0.0
LOAN005364,CUST04270,176298,personal loan,14.0,180,PAID,0.0
LOAN010889,CUST02933,241783,education loan,9.39,48,PAID,0.0
LOAN002128,CUST01901,216836,personal loan,,36,Open,0.0
LOAN003615,CUST05707,3064789,Home Loan,9.76,12,Current,0.03
LOAN011518,CUST04628,401086,Personal Loan,13.94,60,Paid Off,Unknown
LOAN010577,CUST04809,4749069,Home Loan,10.44,120,Default,0.99
LOAN000879,CUST03222,2628224,Mortgage,9.15,36,PAID,0.01
LOAN003386,CUST04628,1268402,SME Loan,12.44,36,Open,0.0
LOAN003358,CUST00552,307196,personal loan,12.46,12,active,0.0
LOAN009819,CUST03280,724851,car loan,10.35,120,Open,nan
LOAN000037,CUST03019,534021,CAR LOAN,10.69,12,Defaulted,0.99
LOAN006492,CUST02643,3559469,Housing Loan,9.7,0,paid,0.0
LOAN003167,CUST05328,285754,car loan,10.56,60,ongoing,0.0
LOAN004633,CUST04599,1488257,car loan,8.49,60,Current,0.0
LOAN009855,CUST03222,2798836,NULL,9.16,24,Ongoing,0.01
LOAN003127,CUST03562,641959,Auto Loan,11.56,240,ACTIVE,0.0
LOAN009089,CUST05735,314053,SME Loan,11.79,180,ONGOING,0.0
LOAN011183,CUST00426,556262,education loan,10.93,36,Paid Off,0.72
LOAN001208,CUST01025,292611,PERSONAL LOAN,12.72,60,paid,0.0
LOAN005353,CUST03571,265432,PERSONAL LOAN,14.48,240,Paid,0.0
LOAN000210,CUST04628,740054,CAR LOAN,9.9,240,ONGOING,0.0
LOAN004297,CUST03562,303337,SME Loan,13.78,60,ongoing,
LOAN008591,CUST01901,870690,SME Loan,11.62,60,Paid,0.0
LOAN011158,CUST00587,127066,personal loan,13.86,180,active,0.0
LOAN011724,CUST00843,565371,Edu Loan,9.63,24,Paid,0.0
LOAN004440,CUST01901,667845,business loan,12.11,120,Open,0.0
LOAN005042,CUST05735,454613,CAR LOAN,10.41,120,ONGOING,0.0
LOAN007902,CUST05347,3971145,Home Loan,9.16,48,,0.01
LOAN002538,CUST04827,257498,PL,13.61,120,Closed,0.0
LOAN010904,CUST05378,249105,PERSONAL LOAN,12.94,84,Open,0.16
LOAN001231,CUST00015,1286965,car loan,17.38,36,Defaulted,0.0
LOAN002429,CUST04052,586266,education loan,11.33,48,Bad Debt,N/A
LOAN009451,CUST03189,2142706,Housing Loan,8.97,48,Paid,-0.5
LOAN011234,CUST04270,594277,car loan,9.97,12,Current,0.01
LOAN008389, ,4039792,Housing Loan,8.63,48,Active,0.01
LOAN001457,CUST01025, ,N/A,10.41,84,CLOSED,0.0
LOAN001036,CUST05735,382184,Personal Loan,12.34,24,Fully Paid,0.0
LOAN003472,CUST00843,185507,education loan,8.45,84,Active,0.0
LOAN005014,CUST03839,469215,personal loan,13.49,48,ONGOING,0.0
LOAN004764,CUST04270, ,HOME LOAN,8.46,12,Ongoing,0.01
LOAN005794,CUST04084,1622162,Mortgage,9.87,48,ACTIVE,0.0
LOAN007678,CUST03625,347668,Personal Loan,13.54,12,Default,NULL
LOAN000806,CUST00709,403752,PL,13.86,24,active,0.0
LOAN010669,CUST02173,1617994,BUSINESS LOAN,12.97,36,ongoing,0.01
LOAN009190,CUST04084,"₹287,334",Personal Loan,14.5,NULL,Open,0.0
LOAN005704,CUST02933,366899,CAR LOAN,10.64,120,active,0.0
LOAN005632,CUST05823,357960,personal loan,14.84,48,Paid Off,0.0
LOAN009243,CUST04628,317869,PL,13.63,180,ongoing,0.0
LOAN011231,CUST00709,893680,car loan,10.58,600,ACTIVE,0.0
LOAN001285,CUST00083,1439233,Vehicle Loan,11.43,84,default,0.99
LOAN004940,CUST04599,1192531,Vehicle Loan,8.77,60,ACTIVE,0.0
LOAN007421,CUST03677,442252,Personal,12.52,240,nan,0.0
LOAN001768,CUST02643,4594603,home loan,8.07,12,Paid,0.05
LOAN009724,CUST04599,1279865,Vehicle Loan,9.23,240,Paid,0.0
LOAN004254,CUST00090,61150,Personal Loan,13.05,36,N/A,0.0
LOAN003267,CUST03189,384727,education loan,8.88,60,ONGOING,0.0
LOAN005270,CUST02933,692332,Education Loan,10.12,120,ONGOING,0.0
LOAN001524,CUST05328,52683,Personal,14.49,12,Current,0.0
LOAN009093,CUST05707,199655,Personal Loan,14.38,24,Closed,0.0
LOAN003892,CUST03571,582513,Auto Loan,11.44,48,ONGOING,0.0
LOAN002938,nan,794792,Housing Loan,7.91,24,paid,0.0
LOAN006610,CUST01281,906130,car loan,11.0, ,Closed,0.0
LOAN001020,CUST02643,4907572,Home Loan,8.64,240,Paid,0.0
LOAN009031,CUST03222,2958075,home loan,8.35,48,CHARGED OFF,0.01
LOAN010650,CUST00090,328927,Personal,13.34,84,Paid,0.0
LOAN010320,CUST04599,235892,Biz Loan,11.75,24,ONGOING,0.0
LOAN006297,CUST03824,1856535,,8.72,36,Active, 
LOAN001474,CUST03571,136582,PL,12.68,#N/A,Fully Paid,0.0
LOAN002348,CUST02529,2897308,Business Loan,12.12,24,N/A,0.99
LOAN003504,CUST01281,4027480,Mortgage,9.35,60,Active,0.01
LOAN002510,CUST01901,"1,248,218",Mortgage,8.36,84,Open,0.0
LOAN000325,CUST02933,2737168,HOME LOAN,8.46,60,Fully Paid,0.01
LOAN007062,CUST05823,957798,business loan,14.11,24,Open,0.0
LOAN010095,CUST00552,421447,PL,13.71,120,ONGOING,0.0
LOAN004577,CUST02173,3361540,Home Loan,8.09,180,N/A,0.0
LOAN006667,CUST02933,1298912,HOME LOAN,8.06,36,Open,0.0
LOAN009212,CUST05328,500125,EDUCATION LOAN,9.65,60,PAID,0.0
LOAN004756,CUST00843,4554111,Home Loan,N/A,120,CLOSED,nan
LOAN005360,CUST02933,370098,Personal Loan,Unknown,36,active,0.0
LOAN001092,CUST02643,0,PERSONAL LOAN,12.92,240,PAID,0.0
LOAN009839,CUST01281,912624,HOME LOAN,8.25,48,ongoing,0.0
LOAN005603,nan,1150245,car loan,10.11,24,Defaulted,0.99
LOAN008723,CUST03839,124281,personal loan,13.41,180,Current,0.0
LOAN005350,CUST00709,1826724,home loan,8.24,12,Open,0.02
LOAN002014,CUST05069,215708,Personal Loan,12.43,84,PAID,0.0
LOAN003097,CUST01140,1395842,Vehicle Loan,8.84,12,Current,0.01
LOAN000901,CUST00843,236901,car loan,9.25,24,Ongoing,0.0
LOAN004082,CUST05347,220747,PL,14.0,84,Unknown,0.0
LOAN001368,CUST01281,1251683,car loan,10.22,240,,0.0
LOAN007009,CUST02173,1877774,HOME LOAN,8.69,180,Paid,0.0
LOAN003590,CUST04628,3665491,Mortgage,8.76,84,Current,0.01
LOAN004411,CUST05069,3998539,Mortgage,6.67,240,ongoing,0.0
LOAN001658,CUST04270,708562,SME Loan,12.03,60,ONGOING,0.0
LOAN000742,CUST01500,"₹466,926",car loan,9.37,-12,Active,0.0
LOAN000913,CUST04827,1349994,BUSINESS LOAN,12.53,84,Fully Paid,0.0
LOAN003445,CUST01369,Unknown,Edu Loan,10.18,240,Ongoing,0.17
LOAN003214,CUST00709,1468241,home loan,NULL,180,Paid,0.0
LOAN011096,CUST01140,223885,PERSONAL LOAN,12.24,36,PAID,0.0
LOAN002328,N/A,788793,CAR LOAN,10.1,84,ONGOING,0.0
LOAN004649,CUST04084,"2,943,923",BUSINESS LOAN,13.76,48,Ongoing,0.01
LOAN004901,CUST05328,2635276,HOME LOAN,9.76,12,ACTIVE,0.03
LOAN009777,CUST02603,808659,Vehicle Loan,9.4,12,Ongoing,0.99
LOAN008371,CUST03839,474253,Car Loan,10.25,60,ongoing,0.0
LOAN005345,CUST03222,1932492,Housing Loan,9.05,48,ONGOING,0.0
LOAN006117,CUST04084,0,BUSINESS LOAN,12.98,600,PAID,0.0
LOAN008398,CUST01901,437355,Student Loan,9.65,180,CLOSED,99
LOAN005371,N/A,260942,SME Loan,12.65,48,paid,0.5
LOAN004669,CUST00587,2310457,BUSINESS LOAN,12.73,240,ongoing,0.0
LOAN001767,CUST00770,N/A,Vehicle Loan,12.58,60,Default,0.33
LOAN002995,CUST04599,3132453,#N/A,6.85,240,ongoing,0.0
LOAN009411,CUST02173,285543,PL,13.8,240,Ongoing,0.0
LOAN004149,CUST04486,2886845,HOME LOAN,-5,180,Paid,-0.5
LOAN009456,CUST00090,218344,CAR LOAN,10.35,36,Default,0.0
LOAN003831,CUST01797,808290,HOME LOAN,7.02,48,Paid Off,0.96
LOAN006881,CUST05436,339791,SME Loan, ,240,Ongoing,0.0
LOAN005158,CUST01901,424182,PL,12.47,36,Active,2.5
LOAN007639,CUST01140,"₹436,357",Biz Loan,10.44,120,Open,0.0
LOAN000239,CUST02933,1856584,Biz Loan,12.84,48,active,0.0
LOAN008554,CUST03280,4425167,Home Loan,9.29,84,Ongoing,0.01
LOAN002631,CUST05069,N/A,Personal,11.25,,Ongoing,0.0
LOAN008366,CUST04599,105554,personal loan,12.74,60,ongoing,0.0
LOAN003854,CUST00015,1654724,HOME LOAN,15.96,180,PAID,0.0
LOAN003807,CUST02950,382451,Personal,13.12,60,Paid, 
LOAN002478,CUST05069,999999999,CAR LOAN,9.66,120,Open,0.0
LOAN010433,CUST04827,1069489,CAR LOAN,9.7,48,N/A,0.0
LOAN011447,CUST03222,708323,Vehicle Loan,9.88,60,PAID,0.0
LOAN002650,CUST01025,2825174,BUSINESS LOAN,13.12,12,ACTIVE,0.03
LOAN006784,CUST03222,1078906,Car Loan,11.14,120,ACTIVE,0.0
LOAN003770,CUST03222,164799,PL,14.14,12,Active,0.0
LOAN002727,CUST05735,409887,PL,12.38,120,paid,0.0
LOAN005156,CUST02643,171822,Personal Loan,12.93,24,Open,0.0
LOAN000949,CUST01281,1363821,car loan,120,180,ongoing,0.0
LOAN007029,CUST03571,"₹162,795",personal loan,13.23,60,Fully Paid,
LOAN005918,CUST00143,374959,Business Loan,10.64,120,ONGOING,0.56
LOAN011343,CUST00247,457084,NULL,14.41,84,Paid,0.0
LOAN005561,CUST03562,152381,Personal,14.29,24,default,0.0
LOAN003194,CUST03839,353115,Personal,13.39,120,Closed,0.0
LOAN006886,CUST04270,646165,CAR LOAN,11.29,12,CLOSED,0.01
LOAN010280,CUST01281,252378,personal loan,12.74,120,Closed,0.0
LOAN007057,CUST00587,0,personal loan,13.43,84,ACTIVE,0.0
LOAN009246,CUST05347,713375,Edu Loan,10.84,240,PAID,0.0
LOAN006800,CUST02643,nan,PL,12.7,120,ACTIVE,0.0
LOAN004552,CUST00843,1028960,CAR LOAN,10.13,48,active,0.0
LOAN006166,CUST03222,"₹211,812",personal loan,13.48,84,Fully Paid,0.0
LOAN010307,CUST02933,2251274,Business Loan,12.8,60,Current,0.0
LOAN011095,CUST03571,154762,PERSONAL LOAN,14.37,120,ongoing,0.0
LOAN010574,CUST03824,634936,Vehicle Loan,11.13,120,active,0.0
LOAN003823,CUST03562,2039172,home loan,10.65,60,active,0.0
LOAN006665,CUST02643,"₹2,568,254",Mortgage,8.49,24, ,0.01
LOAN008616,CUST01025, ,PERSONAL LOAN,12.66,24, ,0.0
LOAN008627,CUST01025,1698402,BUSINESS LOAN,12.92,0,DEFAULT,0.0
LOAN007156,CUST05407,2545872,BUSINESS LOAN,13.62,36,DEFAULT,Unknown
LOAN005482,CUST05328,145646,PL,13.1,12,CLOSED,0.0
LOAN007919,CUST01500,246949,PL,13.02,24,Closed,0.0
LOAN009888,CUST05347,52681,Personal,15.11,120,Ongoing,0.0
LOAN005750,CUST00873,675013,home loan,9.93,180,CHARGED OFF,0.34
LOAN000406,CUST00090,412316,EDUCATION LOAN,10.82,240,Closed,0.0
LOAN009628,CUST04599,463101,personal loan,12.26,48,Paid,0.0
LOAN001427,CUST05823,121076,personal loan,13.96,12,Fully Paid,0.0
LOAN010759,CUST02933,69223,Personal Loan,13.29,60,Current,0.0
LOAN006735,CUST03280,1779312,business loan,13.5,120,Current,0.0
LOAN007702,CUST02933,666514,Student Loan,8.82,48,active,0.0
LOAN009095,N/A,230070,PERSONAL LOAN,12.86,84,paid,0.43
LOAN004891,CUST01901,2274215,home loan,7.62,24,Open,0.01
LOAN000733,CUST04084,91591,Personal,14.03,240,ongoing,0.0
LOAN004987,CUST03222,444434,PERSONAL LOAN,14.67,180,Paid,0.0
LOAN009812,CUST00709,435458,Personal Loan,12.56,120,Ongoing,0.0
LOAN010964,CUST00233,868609,Housing Loan,8.42,120,Defaulted,0.66
LOAN011656,CUST00843,86038,,12.62,#N/A,ACTIVE,0.0
LOAN005652,CUST02933,209102,business loan,11.37,12,Fully Paid,0.0
LOAN010704,CUST05347,1350602,Vehicle Loan,11.14,84,Fully Paid,0.0
LOAN004828,CUST00587,462318,Student Loan,10.2,48,ACTIVE,0.0
LOAN003027,CUST03839,562924,car loan,9.79,120,Open,0.0
LOAN010440,CUST03280,184933,personal loan,14.37,36,Open,0.0
LOAN008824,CUST02173,334331,Vehicle Loan,10.52,60,ongoing,0.0
LOAN011117,CUST02933,333008,education loan,10.1,60,Fully Paid,0.0
LOAN008123,CUST05347,999999999,Mortgage,10.43,180,ONGOING,0.0
LOAN003334,CUST00247,2464183,Mortgage,8.72,36,Fully Paid,Unknown
LOAN001234,CUST05707,4572681,HOME LOAN,8.99,12,Bad Debt,0.05
LOAN011591,CUST02487,607757,Car Loan,8.39,180,active,0.17
LOAN001784,CUST01901,190051,EDUCATION LOAN,8.72,180,Closed,0.0
LOAN006455,CUST03189,344651,SME Loan,11.09,84,active,0.0
LOAN003422,CUST03830,383413,Auto Loan,,24,default,0.99
LOAN005451,CUST03677,"254,282",BUSINESS LOAN,11.44,180,#N/A,0.0
LOAN010661,CUST00709,1005571,NULL,9.25,60,active,0.0
LOAN008584,CUST04270,509076,Education Loan,10.2,120,Ongoing,0.0
LOAN002365,CUST04270,1205683,CAR LOAN,9.68,240,ONGOING,0.0
LOAN000752,CUST03839,116729,Personal Loan,12.33,240,CLOSED,0.0
LOAN002333,CUST05347,108491,PL,14.81,36,Active,0.0
LOAN007497,CUST02173,"₹127,043",personal loan,13.48,180,ACTIVE,0.0
LOAN001378,CUST05707,900868,SME Loan,12.83,240,ongoing,0.0
LOAN011308,CUST01025,914983,Car Loan,10.06,60,Closed,0.0
LOAN011943,CUST00587,1222711,Vehicle Loan,11.29,36,Closed,0.0
LOAN001112,CUST01901,60456,Personal,12.79,84,Paid Off,0.0
LOAN010244,CUST03571,"₹281,442",PL,12.71,240,Ongoing,0.0
LOAN000594,CUST01935,"₹162,615",personal loan,12.7,48,Open,0.24
LOAN007266,CUST03792,221021,PERSONAL LOAN,12.22,120,active,0.19
LOAN009110,CUST05823,2104485,Housing Loan,9.66,84,active,0.0
LOAN011173,CUST00587,241466,PERSONAL LOAN,14.34,-12,Closed,0.0
LOAN004349,CUST04084,950507,CAR LOAN,11.04,180,Ongoing,0.0
LOAN003078,CUST01281,623270,home loan,8.99,48,Active,0.0
LOAN005796,CUST00843,719427,Vehicle Loan,10.27,36,Fully Paid,0.0
LOAN008432,CUST03222,NULL,Edu Loan,9.36,180,Paid Off,0.0
LOAN004015,CUST00015,583050,Auto Loan,18.7,60,DEFAULT,0.0
LOAN007926,CUST04827,2454278,SME Loan,12.49,120,active,0.0
LOAN004364,CUST04827,"₹564,457",Auto Loan,9.55,48,CLOSED,0.0
LOAN009058,CUST05651,3951346,Home Loan,8.74,60,Active,0.99
LOAN009467,CUST05347,,CAR LOAN,,84,Ongoing,0.0
LOAN003627,CUST00090,396780,Vehicle Loan,9.97,12,ongoing,0.0
LOAN009169,CUST04628,688093,Car Loan,9.83,84,Current,0.0
LOAN004337,CUST04270,1493520,N/A,11.72,48,Open,0.0
LOAN011436,CUST03677,149182,Personal Loan,11.63,120,Closed,0.0
LOAN006369,CUST01281,78098,personal loan,12.86,36,PAID,N/A
LOAN004910,CUST04827,294149,Edu Loan,9.83,12,Open,0.0
LOAN001540,CUST05347,91520,Personal,15.02,84,Paid Off,0.0
LOAN004994,CUST00015,56522,Personal Loan,20.46,48,PAID,0.0
LOAN002812,CUST00552,-1000,car loan,11.02,120,active,0.0
LOAN007930,CUST00247,499216,Student Loan,10.28,36,Open,0.0
LOAN005583,CUST03189,253362,personal loan,12.75,48,active,0.0
LOAN002324,CUST04084,768719,education loan,,60,DEFAULT,0.0
LOAN000444,CUST00843,957357,Auto Loan,9.4,Unknown,Paid,0.0
LOAN004630,CUST02950,795336,EDUCATION LOAN,9.77,24,Open,0.0
LOAN003283,CUST05347,823859,CAR LOAN,12.26,180,Paid,0.0
LOAN000613,CUST04318,232456,PL,13.86,240,Open,0.04
LOAN009194,CUST02950,2055373,Home Loan,8.69,60,Active,0.0
LOAN003371,CUST00567,2427020,Biz Loan,10.48,120,Charged Off,0.86
LOAN001034,CUST04827,"₹392,239",Biz Loan,11.4,240,#N/A,0.0
LOAN010963,CUST05823,-1000,PL,,240,Current,0.0
LOAN008564,CUST05069,183247,personal loan,11.0,24,Paid Off,0.0
LOAN011729,CUST02933,392413,PL,12.45,84,Paid,0.0
LOAN001072,CUST05328,681498,business loan,12.53,36,Open,0.0
LOAN002183,CUST00552,448229,SME Loan,12.96,180,Ongoing,0.0
LOAN003683,CUST04084,1267338,Business Loan,13.4,24,Ongoing,0.01
LOAN003812,CUST00587,N/A,Mortgage,9.96,240,ongoing,Unknown
LOAN010258,CUST03571,3979672,HOME LOAN,9.27,48,ongoing,0.01
LOAN008647,CUST02933,3110756,Mortgage,8.18,84,Paid,0.0
LOAN010164,CUST02612,435789,PL,14.26,84,Default,0.44
LOAN007052,CUST03571,3993768,Housing Loan,9.15,120,ONGOING,0.0
LOAN002915,CUST04599,290010,PL,12.06,48,ACTIVE,0.0
LOAN002508,#N/A,732422,SME Loan,13.28,240,Paid,0.0
LOAN004289,CUST00015,4464348,Housing Loan,16.82,12,Closed, 
LOAN008236,CUST01281,1238063,Housing Loan,8.76,120,Current,0.0
LOAN011412,CUST04084,"₹86,932",Personal,15.05,48,Default,0.0
LOAN010495,CUST00090,403782,Personal,14.28,120,Ongoing,0.0
LOAN007068,CUST03222,241759,Personal Loan,13.66,48,paid,0.0
LOAN008535,CUST00843,"₹-1,000",Home Loan,8.48,60,Closed,0.01
LOAN005435,CUST00090, ,personal loan,13.11,60,ongoing,0.0
LOAN006562,CUST04084,-1000,N/A,10.81,240,ACTIVE,0.0
LOAN000770,CUST01281,0,PL,14.27,12,ONGOING,0.0
LOAN001496,CUST00090,"₹350,076",car loan,10.3,24,active,0.0
LOAN004819,#N/A,1916484,BUSINESS LOAN,13.6,84,Fully Paid,0.0
LOAN005359,CUST04628,759309,EDUCATION LOAN,10.81,60,Open,0.0
LOAN004473,CUST03222,"₹1,334,843",Vehicle Loan,10.47,240,Open,0.0
LOAN008154,CUST03571,468624,personal loan,12.9,24,PAID,0.0
LOAN000646,CUST04628,1238174,business loan,12.71,48,Closed,0.0
LOAN009656,CUST05347,2458750,home loan,9.34,60,Open,0.0
LOAN007502,CUST03571,2234549,business loan,12.82,180,Paid Off,0.0
LOAN001881,CUST00843,"2,969,030",SME Loan,10.74,12,Open,0.03
LOAN006746,CUST00843,1006697,Car Loan,10.01,36,Paid,0.0
LOAN010962,CUST00247,437641,Personal Loan,13.52,24,N/A,0.0
LOAN009067,CUST00015,155223,education loan,18.44,12,Default,0.0
LOAN007387,CUST00015,Unknown,Vehicle Loan,17.45,84,CLOSED,0.0
LOAN007926,CUST04827,2454278,SME Loan,12.49,120,active,0.0
LOAN003175,CUST05069,2369437,business loan,11.98,180,Fully Paid,0.0
LOAN009492,CUST03571,204525,Personal,13.9,24,Closed,#N/A
LOAN011331,CUST03839,2746061,home loan,9.15,48,Current,0.01
LOAN010383,CUST01025,737227,Education Loan,9.86,84,Fully Paid,0.0
LOAN005596,CUST00843,-1000,PL,13.47,240,CHARGED OFF,0.0
LOAN008504,CUST03562,999999999,Personal,15.34,180,ACTIVE,0.0
LOAN007590,CUST05436,"₹882,349",Auto Loan,8.87,240,CLOSED,0.0
LOAN005383,CUST04827,1168431,Biz Loan,12.84,24,active,0.01
LOAN010873,CUST00843,1427656,Vehicle Loan,8.61,24,ACTIVE,0.01
LOAN001756,CUST05347,"₹306,170",personal loan,14.46,180,Paid,0.0
LOAN010523,CUST01025,3220977,home loan,7.88,36,,0.01
LOAN008105,CUST02643,431627,PL,12.53,48,Active,0.0
LOAN004692,CUST04827,3397589,home loan,8.69,24,Closed,0.02
LOAN007488,CUST00843,425199,PL,11.81,-12,Current,0.0
LOAN009904,CUST00843,1274477,Auto Loan,#N/A,60,Fully Paid,0.0
LOAN000049,CUST03562,364184,Personal,14.64,24,Ongoing,0.0
LOAN003884,CUST05735,197507,PERSONAL LOAN,11.9,36,Paid,0.0
LOAN009475,CUST03571,398178,personal loan,14.1,240,Paid Off,nan
LOAN008168,CUST00247,1293252,Business Loan,12.83,48,Current,0.0
LOAN007747,CUST03562,380257,Vehicle Loan,12.55,60,Paid,0.0
LOAN007478,CUST02173,788059,business loan,11.9,24,Closed, 
LOAN005136,CUST01364,"₹327,451",SME Loan,12.36,84,Paid Off,0.32
LOAN004880,CUST03500,346313,PERSONAL LOAN,12.64,180,Active,0.36
LOAN006444,CUST00709,"₹51,178",Personal,nan,36,Closed,0.0
LOAN000566,CUST01281,248370,Personal,13.53, ,Paid,0.0
LOAN000409,CUST00090,687622,Auto Loan,10.44,60,Active,0.0
LOAN006074,CUST00090,106551,PERSONAL LOAN,#N/A,60,ACTIVE,0.0
LOAN003404,CUST05788,0,EDUCATION LOAN,8.47,24,DEFAULT,0.99
LOAN011416,CUST02950,4008643,Housing Loan,7.65,240,PAID,0.0
LOAN010842,CUST03280,3314758,Housing Loan,8.67,120,Ongoing,0.0
LOAN005777,CUST05069,"₹432,684",Personal Loan,11.82,180,NULL,0.0
LOAN007830,CUST02643,190910,Personal,N/A,240,paid,0.0
LOAN002933,CUST04827,83308,Personal Loan,13.64,84,paid,0.0
LOAN010398,CUST01901,697036,education loan,8.06,60,Fully Paid,0.0
LOAN000432,CUST00555,454159,#N/A,10.07,84,Current,0.99
LOAN002354,CUST03189,1400558,Auto Loan,N/A,48,Fully Paid,0.0
LOAN003863,CUST04599,2636702,home loan,7.82,120,Current,0.0
LOAN007393,CUST00090,684421,Mortgage,75,36,active,0.0
LOAN011126,CUST02950,145949,PL,12.59,,Active,0.0
LOAN007710,CUST02933,1935534,business loan,11.36,36,ONGOING,0.01
LOAN002297,CUST01901,"2,465,431",HOME LOAN,7.77,120,ACTIVE,0.0
LOAN003139,CUST05707,350219,PERSONAL LOAN,14.65,60,default,0.0
LOAN003968,Unknown,2730467,BUSINESS LOAN,12.0,84,active,0.99
LOAN008509,CUST05069, ,Vehicle Loan,9.1,84,Current,0.0
LOAN001650,CUST00709,389294,Auto Loan,NULL,24,Paid,NULL
LOAN008784,CUST01901,1399176,HOME LOAN,7.69,48,ONGOING,0.0
LOAN007312,CUST00552,692354,Business Loan,12.33,-12,Ongoing,0.0
LOAN006594,CUST00349,465207,Personal,,180,ongoing,0.26
LOAN008500,CUST03562,1300248,Home Loan,10.65,60,Current,0.0
LOAN007272,CUST05823,301391,Edu Loan,10.39,180,paid,0.0
LOAN011087,CUST04270,638160,business loan,12.34,24,ACTIVE,0.0
LOAN006268,CUST04270,693551,Student Loan,10.1,48,CHARGED OFF,0.0
LOAN001913,CUST00015,"1,569,611",Home Loan,16.1,24,PAID,0.01
LOAN001398,CUST00552,690091,Student Loan,10.15,48,ongoing,0.0
LOAN008267,CUST04253,433065,Personal Loan,,60,Current,0.6
LOAN005470,CUST05735,2878477,Home Loan,8.42,60,Ongoing,0.01
LOAN003381,CUST05069,165062,Personal,11.99,240,Paid,0.0
LOAN004681,CUST03824,128280,Personal,120,12,paid,NULL
LOAN000510,CUST05707,513200,Student Loan,10.28, ,active,0.0
LOAN001337,CUST01140,509719,Housing Loan,7.12,60,CLOSED,0.0
LOAN003476,CUST00090,469958,education loan,9.5,120,Open,0.0
LOAN009248,CUST04599,2507066,home loan,7.65,12,ACTIVE,0.03
LOAN002528,CUST00212,2433931,Housing Loan,7.67,120,Charged Off,0.99
LOAN006020,CUST04680,3982833,home loan,9.4,48,Charged Off,0.99
LOAN011246,CUST00015,1724785,BUSINESS LOAN,20.29,120,PAID,nan
LOAN007331,CUST05436,3292293,home loan,7.29,36,active,nan
LOAN010952,CUST05069,107208,PERSONAL LOAN,11.2,240,active,0.0
LOAN011842,CUST00709,,CAR LOAN,10.04,180,Ongoing,0.0
LOAN000702,CUST02173,81835,Personal Loan,12.93,24,Current,0.0
LOAN006994,#N/A,492979,Personal Loan,14.27,36,Closed,0.0
LOAN008943,CUST00384,4777457,Mortgage,9.9,240,Defaulted, 
LOAN001572,CUST00090,668743,Mortgage,9.66,180,CLOSED,0.0
LOAN001595,CUST05823,200337,personal loan,14.96,84,Default,0.0
LOAN004805,CUST00090,577525,SME Loan,12.24,180,CLOSED,0.0
LOAN006718,CUST03839,318363,education loan,8.94,84,Open,0.0
LOAN003287,CUST05109,1357736,Auto Loan,10.02,36,Defaulted,0.99
LOAN008875,CUST03280,1428185,Car Loan,10.31,24,Closed,0.01
LOAN004321,CUST02374,Unknown,Auto Loan,10.8,36,paid,0.93
LOAN000268,CUST03677,231772,BUSINESS LOAN,11.59,12,PAID,0.0
LOAN006004,CUST03677,2563074,SME Loan,11.2,180,Open,0.0
LOAN004476,CUST00587,140761,Personal Loan,13.82,36,Ongoing,0.0
LOAN005389,CUST03824,305631,business loan,13.69,36,Open,0.0
LOAN011836,CUST05328,1015095,Mortgage,9.77,#N/A,Ongoing,0.0
LOAN008874,CUST00090,"345,468",personal loan,14.48,Unknown,Closed,0.0
LOAN007146,CUST05328,728723,Housing Loan,8.52,84,Fully Paid,0.0
LOAN007365,CUST05735,51308,Personal Loan,13.48, ,ONGOING,0.0
LOAN006033,CUST01025,1600490,Business Loan,N/A,24,Open,0.01
LOAN004134,CUST01140,102911,Edu Loan,9.17,36,Ongoing,99
LOAN005003,CUST05436,708758,Vehicle Loan,8.64,120,Active,0.0
LOAN011421,CUST03280, ,car loan,11.3,120,Current,0.0
LOAN002891,CUST05069,281398,Car Loan,9.01,36,paid,0.0
LOAN001455,CUST03839,644307,home loan,9.03,84,Unknown,0.0
LOAN010672,CUST05478,88538,Personal,12.29,84,ACTIVE,0.04
LOAN009658,CUST03562,1060329,Auto Loan,12.31,84,Open,0.0
LOAN000141,CUST05069,257304,PERSONAL LOAN,11.17,84,Open,0.0
LOAN009547,CUST02950,3157595,Housing Loan,7.72,240,Paid,0.0
LOAN011415,CUST00587,1555975,home loan,9.39,12,Fully Paid,0.02
LOAN009945,CUST05906,4312221,N/A,10.79,NULL,Defaulted,0.99
LOAN005553,CUST03571,,HOME LOAN,9.33,36,Active,0.01
LOAN009210,CUST02950,395738,Personal Loan,13.41,60,CLOSED,0.0
LOAN002419,CUST02933,1253696,Vehicle Loan,9.25,84,ongoing,0.0
LOAN001754,CUST00843,1508804,home loan,7.55,12,Current,0.02
LOAN010871,CUST01901,423080,Personal Loan,12.0,24,ONGOING,0.0
LOAN006620,CUST04599,1414951,car loan,9.89,12,NULL,0.01
LOAN008225,CUST02950,1418257,CAR LOAN,10.36,120,Fully Paid,0.0
LOAN001132,CUST04827,327519,Personal Loan,14.12,36,paid,0.0
LOAN006313,CUST03677,350884,Vehicle Loan,nan,36,Ongoing,0.0
LOAN001686,CUST03839,417316,Car Loan,10.31,48,paid,0.0
LOAN005030,CUST00552,4566879,NULL,8.48,36,Paid Off,0.02
LOAN005268,CUST03839,478131,PERSONAL LOAN,12.46,240,Ongoing,0.0
LOAN007234,CUST00248,223097,PL,13.54,180,Active,0.26
LOAN004707,CUST04084,181077,PL,13.9,84,ONGOING,0.0
LOAN006993,CUST02643,1997505,home loan,8.59,120,Current,0.0
LOAN010659,CUST03562,4624621,home loan,9.76,48,ACTIVE,0.01
LOAN011520,CUST02933,286297,PL,12.38,48,Ongoing,0.0
LOAN005860,CUST05328,1197075,BUSINESS LOAN,12.75,36,default,0.0
LOAN006054,CUST03571,385442,PL,13.09,120,ongoing,0.0
LOAN004859,CUST03571,2664408,Business Loan,11.92,120,ACTIVE,0.0
LOAN009115,CUST05707,2885857,home loan,9.86,#N/A,Ongoing,0.0
LOAN001781,CUST00843,2724091,SME Loan,11.78,240,paid,0.0
LOAN002707,CUST01500,"2,133,729",Mortgage,7.76,12,ACTIVE,0.02
LOAN002490,CUST01025,366875,CAR LOAN,11.05,84,ongoing,0.0
LOAN006591,CUST05707,834616,car loan,11.45,240,ongoing,0.0
LOAN011780,CUST01610,999999999,Business Loan,nan,84,Default,0.99
LOAN003643,CUST03189,480966,N/A,11.11,12,ONGOING,0.0
LOAN009683,CUST05707,59860,personal loan,14.72,120,Paid,0.0
LOAN009198,N/A,3085279,Home Loan,8.76,60,Paid,0.01
LOAN001118,CUST02173,242024,car loan,10.27,48,Fully Paid,0.0
LOAN011128,CUST00709,595900,Business Loan,12.87,180,Current,0.0
LOAN008327,CUST00015,1466499,CAR LOAN,18.1,60,Defaulted,0.0
LOAN009126,CUST05735,255176,personal loan,12.09,120,Paid Off,0.0
LOAN002115,CUST02933,1441662,HOME LOAN,8.81,180,Paid,0.0
LOAN004175,CUST00709,160250,#N/A,13.06,240,ONGOING,0.0
LOAN008022,CUST03189,1205629,Auto Loan,8.93,120,ONGOING,0.0
LOAN011766,CUST02173,467574,PL,13.5,nan,active,0.0
LOAN003555,CUST04599,639484,Car Loan,8.7,240,Fully Paid,0.0
LOAN011889,CUST03677,"₹980,161", ,8.9,24,ACTIVE,0.0
LOAN007552,CUST04084,3389660,home loan,9.6,12,Current,0.03
LOAN008007,CUST03571,1101472,Housing Loan,9.66,120,Active,0.0
LOAN011182,CUST03839,397486,Personal Loan,12.99,12,Current,2.5
LOAN005781,CUST05436,-1000,Education Loan,8.35,240,Open,0.0
LOAN006338,CUST03571,4699383,Housing Loan,8.79,180,ONGOING,0.0
LOAN001563,CUST03189,"246,951",PL,12.25,0,active,0.0
LOAN008288,CUST05181,156030,Personal Loan,11.15,48,paid,0.43
LOAN010639,CUST04084,261630,Student Loan,10.82,12,DEFAULT,0.0
LOAN007275,CUST03571,2372902,business loan,13.07,12,Active,0.02
LOAN002217,CUST05840,1938152,Home Loan,NULL,60,Default,0.99
LOAN007690,CUST02950,196697,PERSONAL LOAN,#N/A,240,ONGOING,0.0
LOAN011989,CUST04628,2361297,Biz Loan,13.48,12,paid,0.02
LOAN000727,CUST02173,156684,PL,13.41,12,ACTIVE,0.0
LOAN002445,CUST00247,2696668,Mortgage,9.23,24,ONGOING,0.01
LOAN003490,CUST02643,726878,education loan,8.96,180,Current,0.0
LOAN000061,CUST01901,417936,PL,11.49,48,Current,0.0
LOAN003049,CUST04628,524064,EDUCATION LOAN,9.42,120,ACTIVE,0.0
LOAN005703, ,398366,PERSONAL LOAN,13.94,60,ONGOING,0.0
LOAN000799,CUST02706,1031826,car loan,10.64,36,Default,0.99
LOAN008503,CUST05735,2622479,home loan,8.27,12,paid,0.03
LOAN002806,CUST00015,"53,574",PERSONAL LOAN,20.88,48,N/A,0.0
LOAN001527,CUST04827,354332,PERSONAL LOAN,12.6,36,Open,0.0
LOAN006253,CUST01480,735151,Student Loan,10.63,Unknown,Active,0.38
LOAN008960,CUST01140,1341120,CAR LOAN,9.54,84,Ongoing,0.0
LOAN004067,CUST02510,207249,Personal Loan,13.4,24,Paid,0.99
LOAN000608,CUST00552,123058,PL,13.19,36,CLOSED,0.0
LOAN001730,CUST00247,740601,EDUCATION LOAN,9.7,36,Paid Off,0.0
LOAN001261,CUST03189,"₹748,728",education loan,-5,12,Open,0.01
LOAN011883,CUST01500,4309477,HOME LOAN,6.72,12,ONGOING,0.04
LOAN004731,CUST05347,2093473,Housing Loan,8.8,24,Fully Paid,0.01
LOAN001935,CUST03824,1468304,BUSINESS LOAN,12.78,180,Active,0.0
LOAN005361,CUST01727,1030123,HOME LOAN,9.71,36,PAID,0.99
LOAN006378,CUST03562,867771,HOME LOAN,10.91,60,Current,0.0
LOAN011700,CUST05735,932135,Vehicle Loan,9.71,180,Active,0.0
LOAN009707,CUST05328,286369,PL,Unknown,60,Paid,0.0
LOAN008900,CUST00247,4658261,Housing Loan,9.78,24,active,0.02
LOAN003559,Unknown,107814,PERSONAL LOAN,14.29,48,ongoing,0.0
LOAN005536,CUST04084,1337096,HOME LOAN,9.32,36,Open,0.0
LOAN004042,CUST03189,467081,personal loan,11.98,84,ongoing,0.0
LOAN001499,CUST02173,595277,Car Loan,9.48,24,Paid Off,0.0
LOAN011305,CUST05707,383686,NULL,14.28,12,Charged Off,0.0
LOAN010708,CUST00552,376074,PL,13.56,240,Paid,0.0
LOAN002844,CUST03571,108746,PL,13.92,180,nan,0.0
LOAN009042,CUST04827,200668,Personal,Unknown,60,ongoing,0.0
LOAN006524,CUST05069,1032725,#N/A,6.9,12,Ongoing,0.01
LOAN007309,#N/A,688852,BUSINESS LOAN,12.33,60,default,0.94
LOAN002095,CUST04827,270804,BUSINESS LOAN,12.78,12,Closed,0.0
LOAN005926,CUST01281,498837,car loan,11.5,48,ongoing,0.0
LOAN004924,CUST01140,860195,home loan,7.7,240,paid,0.0
LOAN009893,CUST04628,4083723,Housing Loan,8.82,240,ONGOING,99
LOAN005639,CUST03839,724750,Education Loan,10.57,12,ongoing,0.01
LOAN009297,CUST03677,392676,Personal Loan,12.18, ,Paid,0.0
LOAN007663,CUST04270,3500319,home loan,10.08,24,CLOSED,0.02
LOAN000223,CUST01500,3467053,home loan,6.77,60,Open,0.01
LOAN010524,CUST01500,1456169,Biz Loan,10.74,240,PAID,-0.5
LOAN007575,CUST03677,0,PERSONAL LOAN,11.53,180,ONGOING,0.0
LOAN007468,CUST00552,3216417,Mortgage,8.8,120,Paid,0.0
LOAN003960,CUST03136,374182,PERSONAL LOAN,13.17,24,Active, 
LOAN006112,CUST03677,4049439,HOME LOAN,8.23,120,active,
LOAN007277,CUST04573,1023813,car loan,8.49,48,paid,0.99
LOAN005222,CUST01025,131034,Personal Loan,14.01,36,ongoing,0.0
LOAN003192,CUST03998,400513,Personal Loan,13.08,48,Closed,0.4
LOAN010778,CUST03562,3468843,Housing Loan,10.24,120,Active,0.0
LOAN000626,CUST05707,384558,Vehicle Loan,12.08,60,ONGOING,0.0
LOAN010316,CUST00247,152779,PL,12.62,240, ,0.0
LOAN002448,CUST04599,712557,Auto Loan,9.47,240,CLOSED,0.0
LOAN002296,CUST04827,484122,PL,12.82,240,Active,0.0
LOAN007814,CUST03280,1104667,Home Loan,9.13,60,ongoing,0.0
LOAN003370,CUST05436,2825629,business loan,11.47,12,paid,0.03
LOAN006435,CUST04701,91845,PERSONAL LOAN,12.87,36,active,0.61
LOAN001548,CUST00128,1304886,business loan,12.03,12,Fully Paid,0.99
LOAN001587,CUST05069,904606,car loan,9.09,24,Paid,0.0
LOAN007108,CUST03824,1465720,HOME LOAN,10.19,120,Closed,0.0
LOAN011409,CUST02950,2379785,HOME LOAN,8.7,36,ACTIVE,99
LOAN004659,CUST00587,1541807,business loan,13.17,60,active,0.0
LOAN005131,CUST04447,187812,EDUCATION LOAN,11.55,180,ongoing,0.12
LOAN005633,CUST03677,#N/A,Biz Loan,12.25,48,ACTIVE,0.0
LOAN004241,N/A,1208863,Mortgage,8.13,180,Ongoing,0.0
LOAN002942,CUST04084,4046702,HOME LOAN,10.49,36,paid,0.01
LOAN002570,CUST05707,220028,car loan,12.36,180,Open,0.0
LOAN005112,CUST05328,485713,Business Loan,12.34,12,Paid,0.0
LOAN008879,CUST00843,755112,Education Loan,8.36,120,CLOSED,0.0
LOAN003668,CUST05495,565090,Car Loan,9.54,120,Ongoing,0.44
LOAN008632,CUST03222,131273,PERSONAL LOAN,13.04,60,Open,0.0
LOAN007218,CUST00798,66434,Personal Loan,13.12,180,Active,0.02
LOAN008940,CUST00529,1285582,CAR LOAN,8.97,60,Fully Paid,0.99
LOAN009386,CUST03839,222649,PERSONAL LOAN,13.71,24,Closed,0.0
LOAN006367,CUST05143,1830801,Mortgage,8.02,NULL,PAID,0.92
LOAN004920,CUST05707,4539174,HOME LOAN,10.71,36,Ongoing,0.02
LOAN010346,CUST01787,209796,CAR LOAN,10.3,60,Paid Off,0.7
LOAN005402,CUST01025,385444,Education Loan,10.28,36,Paid,0.0
LOAN008251,CUST05069,1899922,Housing Loan,7.37,60,ACTIVE,0.0
LOAN001532,CUST05328,"₹2,096,220",Mortgage,9.77,84,paid,0.0
LOAN001579,CUST04507,449369,Personal,12.95,24,Defaulted,0.99
LOAN002606,CUST02173,450847,PERSONAL LOAN,14.11,120,ONGOING,0.0
LOAN005589,CUST03348,688807,CAR LOAN,10.22,12,Defaulted,0.99
LOAN001481,CUST03995,637837,Education Loan,#N/A,60,CLOSED,0.53
LOAN006306,CUST00552,340768,Personal Loan,14.04,84, ,0.0
LOAN007467,CUST04336,653020,HOME LOAN, ,36,ongoing,0.99
LOAN010944,CUST01500,1243056,Vehicle Loan,10.09,24,ACTIVE,0.01
LOAN011384,CUST00709,146498,Personal,12.42,36,paid,0.0
LOAN009340,CUST05347,367982,Auto Loan,10.27,120,ONGOING,0.0
LOAN006539,CUST03189,-1000,CAR LOAN,9.54,240,ACTIVE,0.0
LOAN003327,CUST00090,479641,Personal,14.51,60,ONGOING,0.0
LOAN008730,CUST03571,432190,CAR LOAN,9.84,180,CLOSED,0.0
LOAN003383,CUST00015,741737,BUSINESS LOAN,20.15,60,default,0.0
LOAN011195,CUST03839,405069,PERSONAL LOAN,12.67,60,Current,0.0
LOAN004778,CUST00587,459176,car loan,11.72, ,Open,0.0
LOAN011224,CUST03824,1730212,Business Loan,12.93,180,ONGOING,0.0
LOAN009770,CUST05436,nan,car loan,9.74,600,Active,0.0
LOAN005627,CUST03702,1800484,Biz Loan,12.49,24,ACTIVE,0.99
LOAN001377,CUST01281,375149,PERSONAL LOAN,N/A,36,Open,0.0
LOAN002375,CUST03189,"₹169,178",Personal Loan,12.19,36,Ongoing,0.0
LOAN002684,CUST01920,"₹2,276,329",BUSINESS LOAN,13.37,240,Paid Off,0.47
LOAN010238,CUST05328,3703349,Home Loan,8.3,nan,ACTIVE,0.02
LOAN005149,CUST02173,2601914,business loan,12.44,180,Open,0.0
LOAN000029,CUST01500,1434971,home loan,7.76,180,Fully Paid,Unknown
LOAN006215,CUST05328, ,CAR LOAN,9.96,120,CLOSED,0.0
LOAN003813,CUST05823,#N/A,Business Loan,12.86,24,Paid,0.01
LOAN001369,CUST02370,1308356,car loan,11.75,60,Fully Paid,0.94
LOAN011490,CUST03839,2412682,BUSINESS LOAN,11.9,Unknown,paid,0.0
LOAN000905,NULL,"4,197,541",Home Loan,7.84,180,Closed,0.0
LOAN001388,CUST04628,373676,Personal,13.35,36,Active,0.0
LOAN005337,N/A,4906883,Home Loan,9.25,12,CLOSED,0.05
LOAN004178,CUST00587,678487,car loan,10.2,84,Current,0.0
LOAN006764,CUST02643,4825359,HOME LOAN,8.12,180,Fully Paid,0.0
LOAN008547,CUST03839,"₹70,041",PERSONAL LOAN,12.67,120,ACTIVE,0.0
LOAN011193,CUST03189,268588,Personal Loan,11.73,180,ACTIVE,0.0
LOAN004442,CUST02173,4706628,Housing Loan,8.16,0, ,0.01
LOAN001035,CUST01500,452012,PL,11.77,120,CLOSED,0.0
LOAN006418,CUST04270,2489039,Housing Loan,9.39,84,Paid,0.0
LOAN011407,CUST03189,510452,car loan,8.55,12,ONGOING,0.01
LOAN000809,CUST03222,861868,Vehicle Loan,10.29,24,Paid Off,0.0
LOAN000654,CUST02173,1466637,Car Loan,9.88,60,ACTIVE,0.0
LOAN006107,CUST00552,1959082,Housing Loan,8.2,36,Paid Off,99
LOAN008724,CUST01140,,Personal,11.91,120,ONGOING,N/A
LOAN006586,CUST05707, ,Mortgage,9.11,12,paid,0.03
LOAN001263,CUST05707,2289977,home loan,120,240,ACTIVE,0.0
LOAN001822,CUST00552,909411,car loan,10.57,120,CLOSED,0.0
LOAN010668,CUST04270,300226,Personal Loan,14.07,48,Open,0.0
LOAN006612,CUST00247,345563,PL,13.4,12,Closed,0.0
LOAN005458,CUST02173,276141,personal loan,12.84,120,ACTIVE,0.0
LOAN006185,CUST00090,297979,PERSONAL LOAN,13.58,48,PAID,0.0
LOAN003692,CUST03222,"2,725,752",Home Loan,-5,12,Closed,0.03
LOAN004950,CUST05328,1385158,Vehicle Loan,11.42,180,Closed,0.0
LOAN007741,CUST05823,342582,#N/A,11.12,180,Ongoing,0.0
LOAN006232,CUST00090,1373536,Vehicle Loan,11.01,60,paid,0.0
LOAN007880,CUST00843,743422,car loan,10.15,48,CLOSED,0.0
LOAN006865,CUST00220,152449,Education Loan,Unknown,24,Default,0.8
LOAN004709,CUST05436,522625,Student Loan,8.54,12,Closed,0.01
LOAN011598,CUST00709,492829,personal loan,13.73,60,ongoing,0.0
LOAN008233,CUST04827,1234968,CAR LOAN,10.94,84,Paid,0.0
LOAN002247,CUST00015,957812,SME Loan,20.21,48,Charged Off,0.0
LOAN002680,Unknown,2408598,home loan,9.74,24,Open,0.01
LOAN010662,CUST03280,3028647,Housing Loan,9.16,0,ONGOING,0.0
LOAN002293,CUST01500,613072,Education Loan,9.38,120,active,0.0
LOAN011138,CUST05750,743051,Home Loan,5.14,240,Open,0.42
LOAN005790,CUST05347,469814,Edu Loan,10.99,48,Paid,0.0
LOAN009659,CUST01281,4354228,NULL,9.13,48,CLOSED,0.01
LOAN007214,CUST00247,1327916,car loan,11.25,12,CLOSED,0.01
LOAN011094,CUST00843,538811,Auto Loan,10.14,60,ongoing,0.0
LOAN005302,CUST03439,3960852,Mortgage,8.8,60,Default,0.99
LOAN004170,CUST03280,1021141,BUSINESS LOAN,13.37,36,Active,0.0
LOAN009056,CUST03571,1487661,CAR LOAN,10.37,84,Closed,0.0
LOAN002550,CUST02643,2505561,Mortgage,8.21,60,Paid,0.01
LOAN006692,CUST04270,1662169,Biz Loan,12.05,24,Current,0.01
LOAN000648,CUST00709,"₹1,337,759",car loan,9.53,48,,0.0
LOAN007863,CUST04772,1034517,Vehicle Loan,9.24,24,NULL,0.99
LOAN010367,CUST01901,1417539,Home Loan,7.05,84,Active,0.0
LOAN010209,CUST04599,218364,PERSONAL LOAN,12.15,120,PAID,0.0
LOAN002926,CUST00247,"2,650,794",Business Loan,12.33,36,Fully Paid,0.01
LOAN010851,CUST00475,74037,Personal Loan,12.17,24,Active,0.37
LOAN005823,CUST01308,545236,EDUCATION LOAN,9.31,36,ongoing,0.99
LOAN004143,CUST03189,805355,Auto Loan,9.97,nan,PAID,N/A
LOAN001286,CUST05707,3825866,home loan,10.29,48,Ongoing,0.01
LOAN005436,CUST05707,92852,Personal,nan,120,Active,0.0
LOAN007507,CUST05735,2642240,BUSINESS LOAN,12.78,,active,0.01
LOAN004488,Unknown,730159,Mortgage,8.37,12,Current,0.01
LOAN011118,CUST04712,"₹1,289,176",Vehicle Loan,10.42,12,Closed,0.99
LOAN001184,CUST00843,295009,PERSONAL LOAN,12.01,48,CLOSED,0.0
LOAN010138,CUST03189,266386,personal loan,13.37,36,Ongoing,0.0
LOAN005548,CUST03792,1279092,Car Loan,9.34,180,active,0.75
LOAN005604,CUST00552,1428303,home loan,8.73,60,PAID,0.0
LOAN002357,CUST00247,1088003,Housing Loan,8.48,180,Open,0.0
LOAN003653,CUST05347,2809855,SME Loan,13.8,240,Ongoing,0.0
LOAN001978,CUST01281,144735,PERSONAL LOAN,12.85,84,#N/A,0.0
LOAN011528,CUST01281,172945,PERSONAL LOAN,13.79, ,active,0.0
LOAN011578,CUST02643,368946,Personal,13.72,240,PAID,0.0
LOAN003624,CUST02933, ,Home Loan,7.91,60,Current,0.01
LOAN009778,CUST00587,428234,Personal Loan,14.44,240,ongoing,0.0
LOAN003292,CUST03824,384530,,14.84,120,Open,0.0
LOAN004816,CUST00552,2759431,SME Loan,12.01,48,Paid Off,0.01
LOAN005128,CUST04793,0,Personal,12.71,120,Fully Paid,0.45
LOAN007137,CUST00843,367451,PL,11.84,48,Closed,0.0
LOAN007209,CUST01140,427720,Personal Loan,13.11,36,ONGOING,0.0
LOAN005689, ,69514,Personal Loan,20.59,nan,DEFAULT,0.0
LOAN000030,CUST03839,443014,personal loan,13.35,24,ongoing,0.0
LOAN001385,CUST02849,3485102,HOME LOAN,9.79,Unknown,Fully Paid,0.99
LOAN010334,CUST02643,703277,car loan,10.87,240,Fully Paid,0.0
LOAN002722,CUST04872,1129753,Housing Loan,8.74,48,DEFAULT,0.99
LOAN002390,CUST04599,1231911,car loan,9.98,120,ongoing,0.0
LOAN011679,CUST03280,1470312,HOME LOAN,10.19,240,PAID,0.0
LOAN006085,CUST02400,387759,PERSONAL LOAN,13.19,24,,0.99
LOAN010582,CUST05347,3724422, ,9.75,84,Fully Paid,0.01
LOAN006597,CUST05347,603589,Edu Loan,11.15,180,ONGOING,0.0
LOAN007586,CUST01281,2783309,home loan,9.19,48,Closed,0.01
LOAN003444,CUST03562,268360,Personal Loan,15.19,48,active,0.0
LOAN002983,CUST05707,1323870,HOME LOAN,10.65,36,Fully Paid,0.0
LOAN011488,CUST03562,919419,Car Loan,11.98,180,Active,0.0
LOAN000015,CUST04037,1291746,car loan,10.0,120,Fully Paid,0.94
LOAN000433,CUST02933,1018206,Auto Loan,9.89,60,Active,0.0
LOAN000843,CUST04827,500313,Education Loan,10.38,36,ongoing,Unknown
LOAN000090,CUST03222,1344930,NULL,10.49,120,Paid,0.0
LOAN009657,CUST01901,323331,Personal Loan,12.5,180, ,0.0
LOAN009404,CUST04827,NULL,Housing Loan,9.82,180,paid,N/A
LOAN003608,CUST03280,297281,Car Loan,11.68,48,ACTIVE,0.0
LOAN000692,CUST00090,464166,Auto Loan,10.28,84,Ongoing,0.0
LOAN008293,CUST00709,495546,Personal,13.8,120,PAID,0.0
LOAN009313,CUST00587,2010937,SME Loan,13.73,12,active,0.02
LOAN007839,CUST04580,182392,,NULL,0,Ongoing,0.4
LOAN000890,CUST04478,"₹-1,000",Mortgage,9.02,84,Charged Off,0.99
LOAN003698,CUST01025,303445,CAR LOAN,11.08,120,ONGOING,0.0
LOAN003728,CUST05328,216241,personal loan,12.83,180,PAID,0.0
LOAN010795,CUST03280,550792,Education Loan,10.08,240,Closed,0.0
LOAN011090,CUST04124,819877,CAR LOAN,9.13,84,PAID,0.99
LOAN001836,CUST03888,121618,personal loan,14.64,60,Closed,0.11
LOAN011180,CUST05823,1530047,SME Loan,14.37,84,ACTIVE,0.0
LOAN008411,CUST00709,832792,Housing Loan,8.81,240,Closed,0.0
LOAN006136,CUST03189,1389916,Biz Loan,11.52,12,ONGOING,0.01
LOAN009761,CUST02950,521058,home loan,7.58,24,Paid,0.0
LOAN004609,CUST03677,261011,Auto Loan,9.5,60,PAID,#N/A
LOAN010195,CUST05347,"261,137",Edu Loan,9.96,180,ONGOING,0.0
LOAN004204,CUST01140,2209345,business loan,N/A,240,CLOSED,0.0
LOAN006777,CUST05707,1490257,car loan,-5,12,PAID,0.01
LOAN010707,CUST00843,444183,PERSONAL LOAN,11.72,180,Current,0.0
LOAN003044,CUST03677,4552332,HOME LOAN,8.87,240,Ongoing,0.0
LOAN010058,CUST03562,201697,Car Loan,11.25,Unknown,Bad Debt,0.0
LOAN008008,CUST01901,962373,Vehicle Loan,8.55,48,Current,0.0
LOAN003100,CUST00587,1029166,CAR LOAN,11.14,84,paid,0.0
LOAN007152,CUST04827,265137,PL,13.99,180,ongoing,0.0
LOAN001079,CUST01500,351975,PL, ,24,Paid Off,0.0
LOAN004558,CUST03189,412312,Personal,12.57,24,active,0.0
LOAN003376,CUST05436,148069,Personal Loan,12.22,120,Open,0.0
LOAN009096,CUST04628,236612,PL,N/A,24,ongoing,0.0
LOAN005942,CUST01901,2733503,Mortgage,8.48,120,Paid Off,0.0
LOAN001895,CUST00090,214489,PERSONAL LOAN,14.13,60,active,0.0
LOAN001288,CUST04084, ,Car Loan,11.06,48,Paid,0.0
LOAN005341,CUST00090,290693,Personal Loan,13.37,120,Fully Paid,0.0
LOAN003685,CUST00552,310296,Personal Loan,14.22,36,nan,0.0
LOAN007460,CUST03571,820929,car loan,Unknown,36,ACTIVE,0.0
LOAN006471,CUST03571,1113222,Vehicle Loan,10.7,12,Fully Paid,0.01
LOAN011554,CUST04599,2513545,Business Loan,11.33,48,ACTIVE,0.01
LOAN001717,CUST02643,2700004,Home Loan,Unknown,240,Open,0.0
LOAN005716,CUST01901,421392,Personal,12.77,120,ACTIVE,0.0
LOAN003665,CUST05069,3509798,Mortgage,7.43,240,Active,0.0
LOAN007090,CUST02626,109458,Personal Loan,13.05,12,PAID,0.99
LOAN009810,CUST00015,"₹2,035,221",Mortgage,16.22,24,CLOSED,0.01
LOAN007704,CUST00247,591255,Business Loan,#N/A,24,Paid,0.0
LOAN010748,CUST05347,2825655,HOME LOAN,9.37,36,Paid,0.01
LOAN006509,CUST02025,325618,Personal,14.7,120,CLOSED,0.27
LOAN010844,CUST01281,486758,personal loan,Unknown,24,paid,0.0
LOAN010879,CUST05328,797049,Education Loan,9.95,48,Closed,0.0
LOAN010516,CUST00552,115460,personal loan,12.66,180,Active,0.0
LOAN006823,CUST03280,1780564,business loan,13.77,84,Closed,0.0
LOAN003534,CUST04628,102835,personal loan,12.69,60,paid,0.0
LOAN004044,CUST03824,"₹401,958",BUSINESS LOAN,13.28,48,Current,0.0
LOAN005543,CUST02173,#N/A,Personal Loan, ,48,ONGOING,0.0
LOAN005061,CUST04628,233825,Edu Loan,10.1,84,ONGOING,0.0
LOAN008211,CUST02643,4669692,Housing Loan,8.55,12,Ongoing,0.05
LOAN002338,CUST03562,4101959,Housing Loan,9.52,36,Closed,0.01
LOAN005609,CUST01025,620492,Education Loan,9.47,84,CLOSED,0.0
LOAN000481,CUST04628,2587668,BUSINESS LOAN,12.6,60,Active,0.01
LOAN009367,CUST00709,698580,business loan,12.03,12,Open,0.01
LOAN004555,CUST00247,219296,PERSONAL LOAN,0,24,Active,0.0
LOAN010864,CUST00709,0,PERSONAL LOAN,12.63,60,Ongoing,0.0
LOAN009747,CUST02173,695837,education loan,9.29,84,Open,0.0
LOAN005308,CUST00504,1213284,Business Loan,13.72,84,CLOSED,0.99
LOAN001549,CUST03654,3280754,Home Loan,8.99,84,Default,0.99
LOAN009588,CUST01140,938009,car loan, ,120,Paid,0.0
LOAN001009,CUST03222,332072,PERSONAL LOAN,13.36,120,Paid,0.0
LOAN002144,CUST02933,1845933,HOME LOAN,9.54,-12,Current,0.0
LOAN000797,CUST00090,1741378,Biz Loan,12.46,48,paid,0.0
LOAN001434,CUST04628, ,Personal,13.36,120,ACTIVE,0.0
LOAN010081,CUST02950,"176,000",PERSONAL LOAN,12.43,120,Active,0.0
LOAN002841,CUST01500,2110951,home loan,7.75,48,Active,0.01
LOAN006045,CUST00247,961818,business loan,11.73,12,#N/A,0.01
LOAN003513,CUST04270,83687,personal loan,14.07,24,CLOSED,0.0
LOAN007917,CUST03280,972758,home loan,9.36,60,DEFAULT,0.0
LOAN009363,CUST04084,133380,PL,13.56,120,ongoing,0.0
LOAN002088,CUST00015,178114,Personal,21.5,36,Charged Off,0.0
LOAN004483,CUST05658,241410,personal loan,14.84,240,default,0.24
LOAN002371,CUST05069,2317037,Business Loan,12.0,48,ongoing,0.01
LOAN007913,CUST01140,"₹2,953,417",Mortgage,8.34,nan,Ongoing,0.0
LOAN004576,CUST05823,1431201,NULL,11.47,48,Current,0.0
LOAN001919,CUST03571,88295,personal loan,14.51,120, ,0.0
LOAN001934,CUST05347,654767,car loan,11.84,36,Paid Off,0.0
LOAN010863,CUST01500,458730,Student Loan,7.8,-12,Ongoing,0.0
LOAN003105, ,367071,Edu Loan,10.8,84,default,0.99
LOAN009614,Unknown,307286,personal loan,13.57,84,ONGOING,0.0
LOAN004895,CUST01901,611033,,9.38,48,active,0.0
LOAN009047,CUST03562,407074,CAR LOAN,11.22,240,Closed,0.0
LOAN008032,CUST03677,390026,PL,#N/A,24,ONGOING,0.0
LOAN011668,CUST03222,441669,PERSONAL LOAN,13.18,60,Ongoing,0.0
LOAN003674,CUST05707,3959024,HOME LOAN,10.68,48,Open,0.01
LOAN004600,CUST05069,1433857,BUSINESS LOAN,10.37,24,ONGOING, 
LOAN000087,CUST03280,341515,car loan,10.25,N/A,Fully Paid,0.0
LOAN008775,CUST04270,335480,PL,#N/A,24,Ongoing,0.0
LOAN010690,CUST00015,1570698,Biz Loan,20.06,36,CHARGED OFF,0.01
LOAN010091,CUST04084,2808273,business loan,14.13,36,default,0.01
LOAN003273,CUST02643,129803,EDUCATION LOAN,10.55,12,ACTIVE,0.0
LOAN003235,CUST05823,311746,Personal,14.59,84,ONGOING, 
LOAN007055,CUST01500,NULL,HOME LOAN,7.98,180,ongoing,0.0
LOAN011853,CUST00843,487971,personal loan,12.32,0,Current,0.0
LOAN004189,CUST02643,"382,886",personal loan,12.56,180,ACTIVE,0.0
LOAN010137,CUST05707,3842340,Mortgage,9.19,240,ongoing,0.0
LOAN000916,CUST03562,420544,personal loan,13.91,240,paid,0.0
LOAN004693,CUST05069,1422839,Vehicle Loan,9.03,60,active,
LOAN011930,CUST02842,1947225,business loan,12.33,48,default,0.99
LOAN003564,CUST04801,412153,PL,13.18,nan,ongoing,0.49
LOAN004079,CUST00552,1540786,HOME LOAN,7.83,180,Ongoing,0.0
LOAN008900,CUST00247,4658261,Housing Loan,9.78,24,active,0.02
LOAN002259,CUST00247,1323285,Mortgage,9.01,120,Current,0.0
LOAN007948,CUST00587,4402439,Mortgage,9.46,12,Open,0.04
LOAN006245,CUST00552,N/A,Mortgage,9.39,84,Open,0.0
LOAN006241,CUST04628,"₹2,288,780",Housing Loan,9.82,60,ongoing,0.0
LOAN002035,CUST04599,1020091,Home Loan,7.47,60,Active,
LOAN007580,CUST01901,1108132,HOME LOAN,8.82,240,Open,0.0
LOAN003094,CUST04628,2444813,Housing Loan,8.54,N/A,CLOSED,0.01
LOAN007523,CUST01901,0,Mortgage,7.87,180,Closed,0.0
LOAN006828,CUST05347,742982,CAR LOAN,11.83,12,ongoing,0.01
LOAN005888,CUST04270,288911,CAR LOAN,10.2,240,PAID,0.0
LOAN004510,CUST02933,1833082,BUSINESS LOAN,11.43,180,Current,99
LOAN008379,CUST04270,1170784,HOME LOAN,9.82,60,ongoing,0.0
LOAN009505,CUST02173,495484,EDUCATION LOAN,9.42,24,paid,0.0
LOAN006219,CUST04628,475131,personal loan,13.43,120,Open,0.0
LOAN001272,CUST01901,301117,Education Loan,9.76,120,Fully Paid,0.0
LOAN006441,CUST00015,235190,Personal,21.77,84,CLOSED,0.0
LOAN003022,CUST00843,435300,Edu Loan,#N/A,180,Paid Off,0.0
LOAN000337,CUST04827,459899,Personal Loan,13.61,36,Active,0.0
LOAN009664,CUST05707,3326168,home loan,9.92,240,CLOSED,Unknown
LOAN009861,CUST03571,167146,PL,13.31,60,ongoing,0.0
LOAN010404,CUST05436,214195,PL,12.94,36,Active,0.0
LOAN010070,CUST01281,278969,personal loan,14.27,84,Paid Off, 
LOAN002712,CUST03222,"₹571,863",Auto Loan,10.07,180,Paid,0.0
LOAN002575,CUST05069,433383,Personal Loan,12.76,24,Paid, 
LOAN001129,CUST01281,1690894,Business Loan,12.92,240,PAID,0.0
LOAN005377,CUST00587,1737095,business loan,13.71,48,paid,0.0
LOAN002315,CUST01281,556791,HOME LOAN,9.2,84,Closed,0.0
LOAN006710,CUST03677,172976,PL,12.77,36,PAID,0.0
LOAN010657,CUST00552,646792,education loan,10.54,180,active,0.0
LOAN008734,CUST05468,#N/A,PL,14.32,84,ACTIVE,0.13
LOAN003976,CUST03280,446179,PL,14.75,nan,Bad Debt,0.0
LOAN004790,CUST03189,nan,Personal,11.69,240,PAID,0.0
LOAN003855,CUST00247,318798,Personal,12.92,Unknown,Ongoing,0.0
LOAN003311,CUST00709,1915341,SME Loan,11.96,84,CLOSED,0.0
LOAN002814,Unknown,767092,Vehicle Loan,11.26,24,Current,0.0
LOAN003921,CUST05823,709957,education loan,9.9,24,ACTIVE,0.0
LOAN010408,CUST04628,1264983,Car Loan,10.73,84,Current,0.0
LOAN000859,CUST05823,3798095,home loan,9.12,120,Fully Paid,0.0
LOAN010331,CUST04827,999999999,Vehicle Loan,11.18,60,active,0.0
LOAN008064,CUST01281,70398,PERSONAL LOAN,13.75,120,Active,0.0
LOAN011051,CUST01281,1128053,CAR LOAN,10.71,120,Active,0.0
LOAN008518,CUST00843,Unknown,Personal Loan,12.1,48,active,0.0
LOAN011334,CUST03189,99611,Personal Loan,12.78,240,Active,0.0
LOAN004135,CUST03280,313293,CAR LOAN,10.46,180,PAID,0.0
LOAN003262,CUST00587,3021706,Home Loan,9.36,24,Closed, 
LOAN007224,CUST00090,167296,EDUCATION LOAN,10.0,Unknown,Ongoing,0.0
LOAN003506,CUST05735,163021,Education Loan,9.48,84,Active,0.0
LOAN005050,CUST01500,311611,Personal,11.39,36,Current,0.0
LOAN009647,CUST03222,1715873,Business Loan,12.22,24,Charged Off,0.01
LOAN004310,CUST05069,4602370, ,8.07,12,default,0.05
LOAN000880,CUST05069,270881,personal loan,12.44,60,CLOSED,0.0
LOAN003879,CUST03280,2011126,SME Loan,13.13,180,Paid Off,0.0
LOAN008843,CUST01500,197490,Personal Loan,12.36,180,ACTIVE,0.0
LOAN000556,CUST04084,440525,Education Loan,11.37,180,Open,0.0
LOAN002099,CUST00090,144508,PERSONAL LOAN,13.95,180,paid,0.0
LOAN001170,CUST05347,"313,194",Personal Loan,13.83,24,Paid,0.0
LOAN011252,CUST05707,Unknown,personal loan,13.72,240,Bad Debt,0.0
LOAN007308,CUST00628,4408129,Housing Loan,8.96,36,Fully Paid,0.99
LOAN004360,CUST00015,1307432,Auto Loan,17.9,24,DEFAULT,Unknown
LOAN002294,CUST02173,1113755,Vehicle Loan,9.91,180,ONGOING,Unknown
LOAN008126,CUST03280,371031,Education Loan,10.07,84,Current,0.0
LOAN011900,CUST00552,1018985,car loan,11.09,12,Active,0.01
LOAN008040,CUST05707,284522,Personal,14.8,12,Open,0.0
LOAN000480,CUST04735,N/A,Auto Loan,11.87,48,Paid Off,0.99
LOAN009361,CUST03571,426127,Personal,14.41,240,Fully Paid,0.0
LOAN005900,CUST00843,1324201,CAR LOAN,9.75,24,ongoing,0.01
LOAN009919,CUST05823,606794,Vehicle Loan,10.64,24,Open, 
LOAN003986,CUST05069,999640,Vehicle Loan,9.38,36,Closed,0.0
LOAN010491,CUST03824,312419,Personal,14.86,240,Open,0.0
LOAN009273,CUST01281,242590,PERSONAL LOAN,13.6,60,Defaulted,0.0
LOAN000595,CUST01269,417675,education loan,10.57,12,default,0.99
LOAN005355,CUST05177,3958529,Home Loan,10.04,48,paid,0.99
LOAN005843,CUST03562,"293,973",PERSONAL LOAN,14.23,36,Fully Paid,0.0
LOAN001550,CUST00552,469172,Auto Loan,10.58,48,paid,0.0
LOAN009660,CUST04827,947065,Auto Loan,9.89,36,ACTIVE,0.0
LOAN000955,CUST03839,999999999,BUSINESS LOAN,12.78,12,default,0.01
LOAN009080,CUST00552,357350,PERSONAL LOAN,14.19,60,ACTIVE,0.0
LOAN001739,CUST00899,2986440,Business Loan,11.93,12,Ongoing,0.99
LOAN001414,CUST03280,2786119,Mortgage,9.78,12,ACTIVE,0.03
LOAN011382,CUST01691,2166038,#N/A,9.66,60,Default,0.99
LOAN002150,CUST05069,3796042,Home Loan,6.78,120,ONGOING,0.0
LOAN003230,CUST00843,2744845,BUSINESS LOAN,11.65,180,Ongoing,0.0
LOAN002254,CUST04827,727575,Education Loan,9.79,84,Open,0.0
LOAN001444,CUST05823,1126510,Auto Loan,10.63,12,CLOSED,0.01
LOAN007443,CUST01025,72391,Personal,14.01,24,Charged Off,0.0
LOAN003129,CUST01901,"3,890,719",Home Loan,7.54,600,NULL,0.01
LOAN008582,CUST00090,"479,284",Auto Loan,10.3,36,paid,0.0
LOAN001742,CUST00015,4695624,Mortgage,#N/A,36,Closed,0.02
LOAN010493,CUST03280,2170245,business loan,12.61,36,ongoing,0.01
LOAN003874,CUST05347,3350835,Mortgage,9.61,84,Ongoing,0.0
LOAN003288,CUST05735,4071143,home loan,9.29,24,Current,0.02
LOAN007931,CUST04599,874503,Car Loan,9.8,60,ACTIVE,0.0
LOAN007335,CUST01901,2539195,Mortgage,8.86,60,Ongoing,0.01
LOAN004095,CUST00587,511093,Unknown,13.46,240,ACTIVE,0.0
LOAN010003,CUST05261,999999999,BUSINESS LOAN,13.18,240,Bad Debt,0.99
LOAN007042,CUST03222,166604,PERSONAL LOAN,13.16,24,Closed,0.0
LOAN000991,CUST02173,497244,Business Loan,11.91,180,CLOSED,0.0
LOAN009551,CUST05707,360759,Personal Loan,14.92,24,paid,0.0
LOAN007938,CUST05328,170538,Personal,12.8,240,ACTIVE,0.0
LOAN004217,CUST03280,460750,PL,13.87, ,Closed,0.0
LOAN009561,CUST05347,1305654,Car Loan,11.51,48,Active,0.0
LOAN010905,CUST03215,2337013,business loan,12.15,24,Charged Off,0.99
LOAN008895,CUST03280,326040,Personal Loan,13.5,120,ACTIVE,0.0
LOAN004580,CUST02643,362438,Personal,75,12,CLOSED,99
LOAN000965,CUST02643,257561,PL,14.16,240,ACTIVE,0.0
LOAN005439,,1096610,HOME LOAN,9.69,48,Closed,0.0
LOAN009071,CUST01281,1923849,home loan,9.6,36,paid, 
LOAN004017,CUST01500,3752198,Housing Loan,6.8,24,paid,0.02
LOAN001303,CUST02933,1128572,home loan,7.87,84,Unknown,N/A
LOAN004517,CUST03562,772745,EDUCATION LOAN,10.78,36,ONGOING,NULL
LOAN011101,CUST04599,245994,personal loan,12.94,120,Closed,0.0
LOAN000751,CUST01140,"300,045",Edu Loan,7.72,84,CLOSED,0.0
LOAN009848,CUST05436,2058692,Home Loan,7.21,36,Active,0.01
LOAN011440,CUST04628,2369434,SME Loan,13.52,240,CLOSED,0.0
LOAN001848,CUST02950,2849357,Home Loan,9.02,36,Current,0.01
LOAN008966,CUST01025,456137,Biz Loan,11.46,24,Default,0.0
LOAN007163,CUST01281,434016,personal loan,13.47,240,Paid,0.0
LOAN004595,CUST01140,643663,Auto Loan,8.38,24,Open,0.0
LOAN004959,CUST05823,2003080,Business Loan,12.45,48,Open,99
LOAN010888,CUST04628,434676,Personal,12.92,84,PAID,0.0
LOAN005681,CUST03571,"858,987",car loan,9.88,48,PAID,0.0
LOAN008396,CUST04628,2539358,SME Loan,11.8,12,paid,2.5
LOAN008397,CUST00552,231530,PERSONAL LOAN,13.16,180,Ongoing,0.0
LOAN003936,CUST04635,589318,Auto Loan,9.01,84,ongoing,0.59
LOAN005537,CUST03280,170504,PERSONAL LOAN,14.09,240,Paid,0.0
LOAN000463,CUST00552,,Business Loan,12.01,36,Current,0.01
LOAN002439,CUST03222,1293648,home loan,8.26,24,NULL,0.01
LOAN002932,CUST03839,472209,Vehicle Loan,9.67,240,Current,0.0
LOAN004592,CUST00552,1796679,Biz Loan,12.17,84,ACTIVE,0.0
LOAN011504,#N/A,1682171,Biz Loan,nan,36,CLOSED,0.01
LOAN007781,CUST00015,1444401,HOME LOAN,16.98,48,CLOSED,0.0
LOAN005311,CUST01779,1403112,CAR LOAN,10.52,60,paid,0.99
LOAN000755,CUST04270,589024,Mortgage,9.39,120,paid,0.0
LOAN008281,CUST05436,"₹1,339,808",,9.1,36,active,-0.5
LOAN000179,CUST03189,532563,Car Loan,9.56,36,Paid Off,0.0
LOAN006512,CUST03280, ,PERSONAL LOAN,nan,24,Paid,0.0
LOAN003084,CUST04827,322213,PERSONAL LOAN,NULL,60,Open,0.0
LOAN004201,CUST03222,651021,Vehicle Loan,10.27,120,ONGOING,0.0
LOAN000235,CUST03222,63520,Personal,13.39,60,Current,0.0
LOAN007158,CUST00015,4011524,HOME LOAN,15.85,60,CHARGED OFF,0.01
LOAN005801,CUST01500,389336,Personal,12.93,48,Closed,0.0
LOAN003233,CUST02173,2455005,Mortgage,8.01,12,active,0.02
LOAN008025,CUST01946,4577704,home loan,9.33,180,Closed,0.99
LOAN006513,CUST03562,"999,999,999",Home Loan,10.97,12,Paid,0.02
LOAN005713,CUST05707,235869,education loan,10.0,48,CLOSED,0.0
LOAN007457,CUST04084,134538,Personal Loan,14.87,240,active,0.0
LOAN010836,CUST04084,"₹71,322",Personal Loan,13.47,48,Closed,0.0
LOAN005938,CUST01140,977807,Unknown,9.33,120,PAID,0.0
LOAN001383,CUST03189,2419064,Unknown,12.02,120,Fully Paid,0.0
LOAN006630,CUST01140,258338,Personal,12.21,240,ongoing,0.0
LOAN007625,CUST00015,nan,Home Loan,17.31,36,ONGOING,0.02
LOAN010374,CUST00015,837182,Vehicle Loan,17.29,120,DEFAULT,0.0
LOAN002878,CUST04827,487262,Car Loan,11.27,60,ACTIVE,0.0
LOAN002316,CUST04270,1733223,Business Loan,12.97,12,Paid Off,0.02
LOAN006131,CUST00552,N/A,nan,8.77,12,Fully Paid,0.02
LOAN008666,CUST01281,1490433,Vehicle Loan,10.96,36,Ongoing,99
LOAN003401,CUST03819,N/A,Personal,12.14,48,Open,0.14
LOAN006601,CUST00587,1875052,Mortgage,9.27,36,Current,0.01
LOAN001293,CUST04097,363122,Business Loan,12.41,24,Fully Paid,0.99
LOAN002284,CUST05347,1011063,CAR LOAN,11.82,120,Active,0.0
LOAN007836,CUST00247,889416,Housing Loan,9.47,36,active,0.0
LOAN004674,CUST02173,329347,personal loan,12.22,12,N/A,0.0
LOAN004264,CUST03839,1003401,Car Loan, ,120,Closed,0.0
LOAN008948,CUST02173,1111459,Biz Loan,12.0,36,active,0.0
LOAN003591,CUST00135,150299,PERSONAL LOAN,12.28,120,Unknown,0.05
LOAN008296,CUST01281,451197,CAR LOAN,10.01,120,ongoing,0.0
LOAN001176,CUST00552,"₹593,176",Car Loan,10.04,36,Paid Off,0.0
LOAN002230,CUST03280,768471,Student Loan,11.31,48,Ongoing, 
LOAN010749,CUST01281,3776006,Housing Loan,9.04,36,ONGOING, 
LOAN006210,CUST01901,2398243,Biz Loan,11.55,120,Closed,0.0
LOAN006763,CUST03858,2501843,Housing Loan,9.49,240,Bad Debt,0.99
LOAN002388,CUST00015,503945,Edu Loan,17.3,84,PAID,0.0
LOAN011045,CUST01281,"₹3,541,074",home loan,8.8,600,Active,-0.5
LOAN003795,CUST05735,3406657,Housing Loan,7.83,12,Current,0.03
LOAN000326,CUST00552,851625,Car Loan,9.62,120,CLOSED,0.0
LOAN011397,CUST01281,1038185,Business Loan,13.19,84,active,0.0
LOAN003487,CUST05823,818166,Car Loan,12.27,180,ACTIVE,0.0
LOAN000310,CUST03189,3326892,Home Loan,8.51,36,ongoing,0.01
LOAN006515,CUST05735,489683,Biz Loan,12.23,24,ONGOING,0.0
LOAN009054,CUST00587,,business loan,11.96,240,ACTIVE,0.0
LOAN003969,CUST01025,"₹999,249",N/A,10.63,120,ongoing,0.0
LOAN007406,CUST02933,418553,nan,13.46,180,paid,0.0
LOAN007124,CUST03155,344855,Personal,12.1,120, ,#N/A
LOAN009006,CUST03222,359281,personal loan,13.25,60,Charged Off,0.0
LOAN005043,CUST04084,454962,Personal Loan,14.74, ,ongoing,0.0
LOAN002788,CUST00997,4242577,Housing Loan,9.0,180,CLOSED,0.99
LOAN005076,CUST00375,3850158,Home Loan,8.7,48, ,0.99
LOAN011243,CUST05436,784890,Mortgage,7.43,84,Current,0.0
LOAN002500,CUST01906,1599613,SME Loan,14.1,12,Bad Debt,0.99
LOAN003949,CUST05347,1487484,Auto Loan,10.5,120,CLOSED,0.0
LOAN001954,CUST04599,"₹441,109",PL,12.03,36,Current,2.5
LOAN000729,CUST03824,205863,Personal Loan,13.63,12,Paid,0.0
LOAN009530,CUST00247,N/A,Biz Loan,11.72,84,PAID,0.0
LOAN000183,CUST01025,210153,Student Loan,10.46,36,Open,0.0
LOAN006361,CUST05328,1180907,Home Loan,Unknown,36,Open,0.0
LOAN008241,CUST05328,999935,BUSINESS LOAN,12.18,84,ongoing,0.0
LOAN005468,CUST00709,413990, ,12.42,84,ongoing,0.0
LOAN000057,CUST02173,252016,PERSONAL LOAN,13.16,84,paid,0.0
LOAN001808,CUST01140,3503590,Mortgage,7.8, ,Active,0.01
LOAN002506,CUST01140,N/A,Mortgage,7.89,#N/A,nan,0.01
LOAN010418,CUST04270,4398924,Housing Loan,8.55,240,CLOSED,0.0
LOAN000077,CUST00015,103702,Personal,20.15,24,CLOSED,99
LOAN008307,CUST04084,305448,Personal,15.26,240,Fully Paid,NULL
LOAN011525,CUST04599,1611239,Mortgage,6.88,240,Current,0.0
LOAN001841,CUST00247,486207,SME Loan,12.27,48,Current,0.0
LOAN006781,CUST02629,356818,PL,13.89,24,default,0.99
LOAN001188,CUST02888,4333718,Home Loan,9.56,240,Default,0.99
LOAN001050,CUST05328,3938251, ,9.79,36,ACTIVE,0.01
LOAN001677,CUST01735,1946457,Housing Loan,7.67,120,CHARGED OFF,0.99
LOAN000474,CUST05735,2976486,SME Loan,12.72,180,paid,0.0
LOAN011374,CUST03571,608312,BUSINESS LOAN,13.02,240,Ongoing,0.0
LOAN010103,CUST02173,233993,Personal,13.65,84,N/A,0.0
LOAN011721,CUST01025,"1,360,453", ,12.67,120,paid,0.0
LOAN002965,CUST00709,276061,Personal,12.74,24,Ongoing,0.0
LOAN009984,CUST01901,1258528,CAR LOAN,9.71,12,CLOSED,0.01
LOAN005108,CUST02950,1392397,Unknown,9.89,60,ONGOING,0.0
LOAN000559,CUST05707,231318,Personal Loan,13.85,48,Ongoing,
LOAN000339,CUST04270,525969,SME Loan,12.82,36,Open,0.0
LOAN007303,CUST03280,263851,personal loan,14.28,24,Paid,0.0
LOAN008525,nan,232015,Personal,0,24,Ongoing,0.0
LOAN003603,CUST00552,387758,personal loan,13.25,60,Ongoing,0.0
LOAN000523,CUST05436,2465194,SME Loan,11.24,240,Unknown,0.0
LOAN008620,CUST04084,186173,Personal Loan,13.61,36,Paid Off,0.0
LOAN009972,CUST05347,"431,898",CAR LOAN,11.58,60,Current,0.0
LOAN010232,CUST00247,313688,CAR LOAN,9.97,180,Paid,0.0
LOAN003493,CUST04084,1467863,Car Loan,11.71,240,ONGOING,0.0
LOAN009247,CUST01021,2858008,Business Loan,12.53,84,Charged Off,0.99
LOAN000416,CUST00927,111659,education loan,10.42,84,NULL,0.11
LOAN009156,CUST03677,158185,EDUCATION LOAN,9.37,#N/A,Ongoing,0.0
LOAN006028,CUST01221,"569,318",Car Loan, ,84,PAID,0.96
LOAN009802,CUST04628,398201,EDUCATION LOAN,NULL,24,ONGOING,0.0
LOAN009421,CUST02643,"₹499,826",personal loan,13.8,240,paid,0.0
LOAN008326,CUST03839,424598,Education Loan,8.68,240,Active,0.0
LOAN005499,CUST00313,279192,#N/A,12.85,nan,Current,NULL
LOAN006871,CUST04599,2558073,HOME LOAN,6.85,120,Active,0.0
LOAN008546,CUST04270,923528,SME Loan,13.38,120,ONGOING, 
LOAN000883,CUST04827,260369,Personal Loan,13.55,240,Fully Paid,0.0
LOAN003644,CUST04827,145876,personal loan,12.76,12,NULL,0.0
LOAN001738,CUST04628,281946,Personal Loan,13.29,240,ACTIVE,0.0
LOAN004492,CUST02643,283933,personal loan,13.51,84,Ongoing,0.0
LOAN010884,CUST01489,221567,PERSONAL LOAN,13.49,180,ONGOING,0.11
LOAN002141,CUST01500,252033,EDUCATION LOAN,8.47,60,Open,0.0
LOAN002769,CUST05069,4979266,NULL,7.58,24,paid,0.02
LOAN010314,CUST01901,999999999,CAR LOAN,8.8,48,active,0.0
LOAN006018,CUST02933,345532,PERSONAL LOAN,13.13,36,ACTIVE,0.0
LOAN001943,CUST00090,698820,Vehicle Loan,-5,12,ongoing,0.01
LOAN005246,CUST05735,474739,Personal,12.49,24,ONGOING,0.0
LOAN007243,CUST00015,288656,Personal,20.33,60,Charged Off,0.0
LOAN000563,CUST01140,185785,education loan,7.94,240,N/A,0.0
LOAN009024,CUST04270,784919,Vehicle Loan,10.49,84,Closed,0.0
LOAN007112,NULL,314127,Vehicle Loan,10.17,180,default,0.11
LOAN001280,CUST04599,390379,N/A,11.85,24,Open,0.0
LOAN006448,CUST04979,1022111,SME Loan,N/A,84,Paid Off,#N/A
LOAN005524,CUST05347,3764497,Home Loan,9.19,#N/A,ONGOING,0.01
LOAN002274,CUST00843,997104,car loan,9.27,48,ACTIVE,0.0
LOAN002800,CUST02996,648213,car loan,10.78,60,active,0.99
LOAN000621,CUST02643,₹0,home loan,7.93,60,CLOSED,0.0
LOAN010201,CUST05415,736892,EDUCATION LOAN,10.5,240,,0.15
LOAN002643,CUST05347,1023518,Car Loan,12.06,24,NULL,0.01
LOAN006255,CUST05347,695940,education loan,10.47,120,Open,0.0
LOAN009170,CUST03212,570694,Business Loan,11.66,24,ACTIVE,0.99
LOAN004282,CUST00552,2166218,Mortgage,8.94,36,Closed,0.01
LOAN008095,CUST02933,4225008,Home Loan,8.06,84,CLOSED,0.01
LOAN001639,CUST02643,1119003,Vehicle Loan,10.47,84,ACTIVE,0.0
LOAN009585,CUST00015,1161501,Mortgage,16.84,48,paid,0.0
LOAN001901,CUST03571,334213,personal loan,14.2,0,Open,0.0
LOAN004475,CUST01723,642576,education loan,10.37,120,active,0.6
LOAN010854,CUST05328,"₹1,225,722",Auto Loan,10.62,84,ACTIVE,0.0
LOAN001821,CUST05069,777637,Student Loan,9.4,180,Open,0.0
LOAN006556,CUST00709,490987,PERSONAL LOAN,N/A,60,Fully Paid,nan
LOAN010935,CUST05328,"1,293,137",CAR LOAN,11.6,180,Paid Off,0.0
LOAN011315,CUST03677,248069,PERSONAL LOAN,12.64,12,Defaulted,0.0
LOAN003791,CUST03571,4472224,Housing Loan,9.13,180,Open,0.0
LOAN005000,CUST00015,211805,Student Loan,17.44,nan,paid,0.0
LOAN009735,CUST02388,201175,PERSONAL LOAN,13.67,60,Closed,0.48
LOAN001171,CUST01500,2594956,Housing Loan,8.66,120,ONGOING,0.0
LOAN009973,CUST03280,2116790,business loan,12.72,240,Open,0.0
LOAN011915,CUST03222,520771,home loan,10.09,36,ongoing,0.0
LOAN005974,CUST03562,4756219,home loan,10.3,120,Bad Debt,0.0
LOAN010605,CUST05347,1240680,CAR LOAN,11.86,36,Fully Paid,0.0
LOAN010133,CUST04084,1742695,Home Loan,10.8,12,Open,0.02
LOAN004316,CUST03222,544643,NULL,11.07,84,PAID,0.0
LOAN011993,CUST02945,1380758,,9.68,60,CHARGED OFF,NULL
LOAN008110,CUST05735,Unknown,Auto Loan,10.39,36,Ongoing,0.0
LOAN000649,CUST00709,3205231,HOME LOAN,8.21,48,Unknown,0.01
LOAN000434,CUST03824,533254,Edu Loan,9.82,60,PAID,0.0
LOAN009085,CUST03839,434348, ,12.97,120,active,0.0
LOAN006194,CUST01901,129427,Personal,12.78,180,Ongoing,0.0
LOAN002140,CUST03571,541164,EDUCATION LOAN,9.56,180,CLOSED,0.0
LOAN003850,CUST01025,66105,PL,12.99,36,Paid,0.0
LOAN000708,CUST04599,2132722,business loan,11.41,84,Active,0.0
LOAN002754,CUST00247,510982,Edu Loan,9.63,240,ongoing,0.0
LOAN009685,CUST00015,769657,N/A,18.02,24,Paid,0.0
LOAN007074,CUST00709,1871537,HOME LOAN,9.5,48, ,-0.5
LOAN006454,CUST02950,114307,education loan,9.86,60,CLOSED,0.0
LOAN000634,CUST00090,403587,education loan,10.1,60,NULL,0.0
LOAN004762,CUST02283,4351036,HOME LOAN,Unknown,60,CLOSED,0.99
LOAN002145,CUST00552,363725,NULL,9.75,84,Paid Off,0.0
LOAN010752,CUST01281,770599,EDUCATION LOAN,,12,Current,0.01
LOAN009258,CUST03571,490946,personal loan,13.4,60,active,N/A
LOAN000388,CUST05347,448252,CAR LOAN,,60,Paid Off,NULL
LOAN008832,CUST05707,787906,Business Loan,13.2,36,Default,0.0
LOAN004619,CUST02933,4898922,Mortgage,8.19,12,ONGOING,0.05
LOAN000830,CUST03571,503681,Student Loan,9.48,240,ONGOING,0.0
LOAN003124,CUST00015,Unknown,Edu Loan,16.96,240,Bad Debt,0.0
LOAN004380,CUST04599,341509,Personal Loan,12.5,36,Fully Paid,0.0
LOAN005907,CUST04270,3752765,HOME LOAN,8.48,24,ACTIVE,N/A
LOAN009293,CUST01281,229126,Personal,14.48,84,active,0.0
LOAN006029,CUST00015,1947788,home loan,16.82,240,paid,0.0
LOAN008768,CUST04827,370811,PERSONAL LOAN,13.6,48,default,NULL
LOAN004898,CUST01281,471373,Personal,14.41,240,PAID,0.0
LOAN000177,CUST04827,481468,personal loan,13.38,nan,Ongoing,0.0
LOAN000110,CUST05436,64658,PL, ,84,Active,0.0
LOAN000497,CUST05436,4527141,home loan,7.47,12,ONGOING,-0.5
LOAN004212,CUST01901,1362215,CAR LOAN,8.83,60,ACTIVE,
LOAN002545,CUST04270,2761671,BUSINESS LOAN,13.15,12,paid,0.03
LOAN008152,CUST00552,1113519,car loan,10.68,Unknown,ONGOING,0.0
LOAN001086,CUST05436,3163552,Unknown,8.21,Unknown,ACTIVE,0.02
LOAN000830,CUST03571,503681,Student Loan,9.48,240,ONGOING,0.0
LOAN007556,CUST04084,214931,PL,13.92,24,Active,2.5
LOAN003344,CUST03562,3943306,Housing Loan,9.99,180,Ongoing,nan
LOAN002750,CUST00552,361648,Vehicle Loan,9.36,240,Ongoing,0.0
LOAN003570,CUST03562,-1000,Personal,15.11,120,paid,0.0
LOAN010185,CUST01025,535738,Auto Loan,11.06,48,paid,0.0
LOAN003497,CUST00090,278870,car loan,9.79,48,Paid Off,0.0
LOAN004208,CUST04270,1027669,car loan,9.92, ,Paid,0.0
LOAN002164,CUST03189,255493,personal loan,12.66,36,PAID,0.0
LOAN006644,CUST00247,445106,personal loan,13.49,180,Open, 
LOAN006921,CUST01544,2619592,Biz Loan,N/A, ,DEFAULT,0.99
LOAN008306,CUST00552,1603673,Biz Loan,12.72,48,Active,0.0
LOAN005067,CUST04599,649830,education loan,8.61,180,Paid Off,0.0
LOAN010214,CUST05347,1380942,Home Loan,#N/A,180,CLOSED,N/A
LOAN002050,CUST03692,1196438,car loan,9.97,240,Active,0.73
LOAN008766,CUST03926,912638,Auto Loan,10.55,60,default,0.99
LOAN003756,#N/A,963431,car loan,10.71,60,ACTIVE,0.0
LOAN006266,CUST04628,252594,PL,12.6,120,Open,0.0
LOAN000088,CUST05347,"323,017",personal loan,14.08,84,paid,0.0
LOAN002289,CUST01084,1428654,Vehicle Loan,-5,60,CHARGED OFF,0.99
LOAN004962,CUST05347,1677577,business loan,13.96,60,ongoing,0.0
LOAN011156,CUST03571,2045138,Biz Loan,12.9,84,Ongoing,0.0
LOAN011876,CUST00247,840830,car loan,9.49,24,ACTIVE,0.0
LOAN000863,CUST05707,"₹3,728,649",Mortgage,10.67,-12,Current,0.0
LOAN003415,CUST05069,417417,Car Loan,8.58,24,Current,0.0
LOAN002892,CUST00843,572018,EDUCATION LOAN,9.15,36,active,0.0
LOAN006668,CUST03522,1014852,Vehicle Loan,11.57,120,CHARGED OFF,0.77
LOAN007341,CUST03280,"₹895,736",SME Loan,12.84,60,Active,0.0
LOAN002306,CUST03189,279047,Personal,12.52,48,CLOSED,0.0
LOAN010291,CUST00015,108113,Personal Loan,20.34,24,CHARGED OFF,0.0
LOAN006199,CUST03189,716265,Vehicle Loan,9.21,60,Paid Off,0.0
LOAN007059,CUST00015,448880,Personal Loan,21.74,120,default,0.0
LOAN006946,CUST00587,"₹315,126",PL,14.07,60,ongoing,0.0
LOAN009441,CUST04599,1318422,business loan,10.63,48,Open,0.0
LOAN004849,CUST05707,4131651,Home Loan,9.9,12,,0.04
LOAN005749,CUST03189,774727,Housing Loan,7.38,12,Open,0.01
LOAN001971,CUST03222,3276118,Housing Loan,8.58,60,Open,0.01
LOAN001103,CUST02643,137088,Student Loan,10.11,60,Bad Debt,0.0
LOAN008475,CUST03123,356753,CAR LOAN,9.26,240,ONGOING,0.14
LOAN005908,CUST00709,3581700,Home Loan,9.17,24,Active,0.02
LOAN009215,CUST02295,882956,Mortgage,6.93,0,default,0.99
LOAN004586,CUST05735,380462,Personal,12.38,36,Closed,0.0
LOAN000354,CUST03571,2141875,Housing Loan,NULL,36,ACTIVE,0.01
LOAN001425,CUST02823,"1,511,290",Home Loan,10.68,180,paid,0.35
LOAN001347,CUST03839,462515,Car Loan,9.95,240,Current,Unknown
LOAN001089,CUST03222,958763,business loan,12.26,60,Ongoing,0.0
LOAN011478,CUST05823,2095089,business loan,13.54,84,Active,0.0
LOAN004085,CUST03562,108797,Personal Loan,14.95,60,Default,0.0
LOAN006545,CUST00552,2233320,BUSINESS LOAN,12.16,24,paid,#N/A
LOAN010958,CUST02350,1083211,Auto Loan,12.7,60,DEFAULT,0.99
LOAN001534,CUST04084,2541644,Home Loan,10.68,84,Closed,0.0
LOAN005004,CUST03824,1157599,car loan,10.8,24,Ongoing,0.01
LOAN001675,CUST04084,2874723,HOME LOAN,10.11,12,Open,0.03
LOAN002353,CUST00015,1134634,SME Loan,20.46,240,Fully Paid,0.0
LOAN011944,CUST03839,122355,PERSONAL LOAN,13.3,120,Current,0.0
LOAN003438,CUST01281,1211537,Vehicle Loan,11.2,84,ONGOING,0.0
LOAN004463,CUST03677,1187843,Housing Loan,7.87,12,Open,0.01
LOAN004602,CUST02933,3916208,Mortgage,9.09,180,Open,0.0
LOAN003503,CUST02950,1760600,Home Loan,-5,36,Current,0.01
LOAN004023,CUST02950,0,PL,12.3,60,Ongoing,0.0
LOAN010030,CUST01281,2636747,Home Loan,9.89,12,Paid,0.03
LOAN006516,CUST01500,1624560,Biz Loan,11.43,12,paid,99
LOAN004441,CUST04142,1068081,car loan,10.84,24,Closed,0.99
LOAN010357,CUST00587,78205,PERSONAL LOAN,Unknown,12,active,0.0
LOAN003087,CUST04084,257964,personal loan,14.79,84,Paid Off,0.0
LOAN002007,CUST03571,4751528,Housing Loan,8.75,12,active,0.05
LOAN001045,CUST04827,1213375,Vehicle Loan,9.49,180,Ongoing,0.0
LOAN008911,CUST00015,740054,Mortgage,16.8,60,Bad Debt,nan
LOAN005305,CUST01901,1763454,Business Loan,11.2,12,Current,0.02
LOAN000042,CUST05328,264479,Student Loan,9.9,180,Current,0.0
LOAN009869,CUST00247,394838,personal loan,13.84,180,Bad Debt,0.0
LOAN009491,CUST03222,822903,car loan,10.22,120,ongoing,0.0
LOAN003104,CUST03677,460818,EDUCATION LOAN,8.94,24,CLOSED,2.5
LOAN005512,CUST00015,485537,Auto Loan,17.15,48,CLOSED,0.0
LOAN011790,CUST04084,1521533,Biz Loan,13.23,120,Open,0.0
LOAN010194,CUST00247,2625827,Biz Loan,12.17,240,PAID,0.0
LOAN010791,CUST01205,2542103,BUSINESS LOAN,0,84,CHARGED OFF,0.99
LOAN009679,CUST01281,2666923,home loan,9.19,180,Current,0.0
LOAN000226,CUST00015,3042312,Mortgage,16.06,120,Paid Off,0.0
LOAN010781,CUST05347,222187,education loan,11.27,0,paid,0.0
LOAN007709,CUST01140,180888,personal loan,12.87,240,active,0.0
LOAN008762,CUST03562,796341,Car Loan,Unknown,24,N/A,0.0
LOAN007328,CUST05459,1649935,Home Loan,8.86,84,paid,0.99
LOAN010359,CUST02643,1192327,NULL,9.74,240,paid,0.0
LOAN001812,CUST01500,779260,Vehicle Loan,9.99,60,ongoing,#N/A
LOAN008538,CUST00843,2197182,business loan,11.92,180,NULL,0.0
LOAN010438,CUST00587,251752,personal loan,13.29,84,Open,0.0
LOAN008847,CUST02173,461078,Student Loan,8.9,84,Active,0.0
LOAN011735,CUST03280,329383,SME Loan,12.45,12,CLOSED,0.0
LOAN009905,CUST04084,2533890,Mortgage,9.41,84,ONGOING,0.0
LOAN007182,CUST01140,445865,PL,11.3,240,Active,0.0
LOAN011583,CUST00709,1222020,Mortgage,9.3,36,active,0.0
LOAN009784,CUST01281,1054702,Auto Loan,11.33,48,Active,0.0
LOAN011523,CUST03116,193628,personal loan,14.0,84,paid,0.2
LOAN007011,CUST01006,190969,Personal,20.9,60,Bad Debt,0.29
LOAN010048,CUST05069,2808521,HOME LOAN,6.62,84,Paid Off,0.0
LOAN001200,CUST05436,934434,car loan,8.99,12,Fully Paid,0.01
LOAN007676,CUST03571,2052066,SME Loan,12.19,180,ONGOING,
LOAN001421,CUST02950,3436579,Home Loan,8.75,nan,Closed,0.0
LOAN007802,CUST02735,"419,019",PL,14.83,60,CLOSED,0.95
LOAN009433,CUST03839,2648003,HOME LOAN,8.85,60,Open,0.01
LOAN007684,CUST02173,307248,Personal Loan,14.13,36,ONGOING,0.0
LOAN010337,CUST01140,Unknown,SME Loan,10.46,12,PAID,NULL
LOAN011873,CUST01500,2914742,home loan,7.26,48,Open,0.01
LOAN007634,CUST03189,2721648,Mortgage,7.22,180,ongoing,0.0
LOAN009682,CUST03280,3879227,Home Loan,9.51,180,Paid Off,0.0
LOAN003222,CUST05707,"₹643,089",HOME LOAN,9.77,84,Open,0.0
LOAN009036,CUST02173,3136988,Housing Loan,7.96,24,paid,0.02
LOAN000445,CUST00015,3050137,Home Loan,16.02,240,Closed,0.0
LOAN007271,CUST02950,447805,Personal Loan,12.26,24,ongoing,0.0
LOAN000575,CUST05436,183967,Personal Loan,12.71,12,nan,Unknown
LOAN004923,CUST05178,0,home loan,8.06,240,ONGOING,0.99
LOAN006969,CUST00709,1921477,business loan,11.68,24,PAID,0.01
LOAN006874,CUST04827,1364234,Housing Loan,7.86,84,Closed,0.0
LOAN008074,CUST05436,182212,personal loan,12.36,84,Current,0.0
LOAN000550,CUST05436,1331637,SME Loan,12.44,120,ONGOING,0.0
LOAN003024,CUST04628,634180,Edu Loan,11.0,48,#N/A,0.0
LOAN002821,CUST05347,999999999,home loan,9.64,12,ACTIVE,0.02
LOAN010300,CUST00587,"321,996",Personal,13.68,12,Fully Paid,0.0
LOAN006302,CUST03189,255993,Unknown,12.0,180,Closed,0.0
LOAN001069,CUST02173,2612546,Biz Loan,12.08,24,Current,0.01
LOAN006866,NULL,277805,PERSONAL LOAN,13.67,84,ongoing,NULL
LOAN005252,CUST03677,145456,PL,13.17,180,paid,0.0
LOAN010317,CUST04628,660906,EDUCATION LOAN,11.01,240,Paid Off, 
LOAN010089,CUST05480,76403,Personal,12.11,120,paid, 
LOAN001192,CUST03839,277897,Personal,13.82,24,Active,99
LOAN002453,CUST00709,355499,PERSONAL LOAN,13.1,12,paid,0.0
LOAN008080,CUST00587,276624,car loan,10.57,36,Paid Off,0.0
LOAN003461,CUST05683,339091,Personal Loan,13.57,120,ACTIVE,0.11
LOAN000530,CUST00552,2659770,BUSINESS LOAN,12.01,36,paid,0.01
LOAN000610,CUST00552,3493433,home loan,7.92,48,paid,0.01
LOAN003242,#N/A,3273723,home loan,6.98,84,active,0.99
LOAN000212,CUST00843,372081,personal loan,12.58,60,paid,0.0
LOAN002858,CUST03824,325763,Car Loan,10.23,24,ACTIVE,0.0
LOAN004395,CUST03824,56505,Personal,13.53,0,ACTIVE,0.0
LOAN001135,CUST00709,288855,PL,12.8,120,Closed,0.0
LOAN009431,CUST05834,1032573,Auto Loan,11.01,24,Ongoing,0.99
LOAN004753,CUST05823,361734,PERSONAL LOAN,14.44,48,Active,0.0
LOAN011787,CUST05436,861585,CAR LOAN,10.23,NULL,NULL,0.0
LOAN006901,CUST00090,370056,Personal Loan,14.42,nan,Closed,0.0
LOAN008263,CUST00709,636936,Education Loan,9.82,24,Current,0.0
LOAN003336,CUST03253,485918,personal loan,12.2,24,Charged Off,0.99
LOAN008098,CUST05735,2661610,#N/A,120,24,paid,0.01
LOAN007905,CUST00247,2250147,Mortgage,9.74,24,CLOSED,0.01
LOAN007238,CUST04628,1184128,Housing Loan,8.53,120,CHARGED OFF,0.0
LOAN000950,CUST05328,1823704,business loan,13.02,84,CLOSED,0.0
LOAN004401,CUST03406,4159177,Housing Loan,10.42,12,Defaulted,0.99
LOAN005372,CUST00709,330633,personal loan,13.18,180,Active,0.0
LOAN004021,CUST05834,1618968,BUSINESS LOAN,12.11,180,Defaulted,0.99
LOAN011443,CUST00362,1376098,car loan,11.19,60,CHARGED OFF,0.99
LOAN001249,CUST03562,208283,Personal Loan,15.65,48,Ongoing,0.0
LOAN000009,CUST03280,785976,Student Loan,9.93,48,Active,0.0
LOAN007912,CUST05347,294122,personal loan,15.2,12,PAID,0.0
LOAN010041,CUST00709,0,NULL,12.26,180,Open,0.0
LOAN009274,CUST04270,2773941,Mortgage,9.83,60,CHARGED OFF,0.01
LOAN010763,CUST03562,110137,personal loan,13.88,84,Active,0.0
LOAN003063,CUST05436,429482,Personal,12.49,84,CLOSED,0.0
LOAN001395,CUST01281,441764,PL,14.6,120,PAID,0.0
LOAN000786,CUST03189,629807,SME Loan,11.04,240,paid,0.0
LOAN000019,CUST03824,"₹221,567",Personal Loan,13.32,240,active,0.0
LOAN003349,CUST00552,241273,Edu Loan,9.33,12,Current,0.0
LOAN001851,CUST05328,"1,145,739",nan,10.31,36,Active,0.0
LOAN007974,CUST02933,380884,Vehicle Loan,9.11,240,ONGOING,0.0
LOAN003754,CUST03839,244162,personal loan,13.59,60,ONGOING,0.0
LOAN005836,CUST02950,1334952,Business Loan,12.19,24,ACTIVE,0.01
LOAN007670,CUST01281,1092994,Auto Loan,10.99,60,Paid,0.0
LOAN011796,CUST04599,3643326,Housing Loan,6.85,48,active,0.01
LOAN000232,CUST03562,689683,CAR LOAN,12.65,48,Defaulted,
LOAN001065,CUST02690,471613,Personal Loan,13.81,60,Defaulted,0.65
LOAN003638,CUST00843,"294,013",personal loan,12.69,120,ongoing,#N/A
LOAN000448,CUST03677,2897437,business loan,11.88,12,Paid Off,0.03
LOAN011192,CUST03280,1199659,Vehicle Loan,10.43,12,Current,0.01
LOAN002455,CUST01281,2436926,home loan,9.99,240,CLOSED,0.0
LOAN007668,CUST03824, ,Education Loan,nan,24,Paid,0.0
LOAN002041,CUST01025,102323,PERSONAL LOAN,12.99,240,Active,0.0
LOAN010389,CUST03677,NULL,car loan,9.94,N/A,PAID,0.0
LOAN003023,CUST02173,580120,Auto Loan,10.88,48,Current,0.0
LOAN006397,CUST05823,2432456,Home Loan,10.31,48,Open,0.01
LOAN003106,CUST00843,"219,422",PERSONAL LOAN,12.99,36,PAID,0.0
LOAN010449,CUST00843,1421421,Mortgage,7.78,120,paid,0.0
LOAN006122,CUST03824,710227,car loan,11.68,0,CLOSED,0.0
LOAN007181,CUST05707,2683267,Mortgage,9.29,180,Closed,0.0
LOAN008560,CUST05735,531945,Edu Loan,8.73,600,Open,0.0
LOAN011039,CUST02173,331904,PL,12.81,48,PAID,0.0
LOAN005944,CUST01901,N/A,EDUCATION LOAN,9.51,60,Fully Paid,0.0
LOAN006152,CUST03677,425219,nan,nan,36,ongoing,0.0
LOAN010325,CUST03677,1721627,N/A,11.88,48,Closed,0.0
LOAN009858,CUST05347,502695,HOME LOAN,10.67,24,Open,0.0
LOAN003255,CUST05735,-1000,HOME LOAN,8.77,180,paid,0.0
LOAN008435,CUST02933,3272799,Home Loan,8.05,84,active,0.0
LOAN005262,CUST05347,110036,PL,15.05,60,Closed,0.0
LOAN000454,CUST03677,289650,PL,nan,60,Current,0.0
LOAN003941,CUST03232,871657,HOME LOAN,10.72,36,CLOSED,0.99
LOAN008393,CUST01281,148703,Personal,12.77,12,Fully Paid,0.0
LOAN000834,CUST00587,2935981,Biz Loan,12.05,60,Open,0.01
LOAN008442,CUST00247,N/A,Auto Loan, ,12,Ongoing,0.01
LOAN006495,CUST02804,252516,PERSONAL LOAN,15.11,48,CLOSED,0.31
LOAN002805,CUST00843,830724,Vehicle Loan,9.43,36,Ongoing,0.0
LOAN001492,CUST03824,1032680,Housing Loan,9.35,240,paid,0.0
LOAN000545,CUST04084,1339608,home loan,9.66,48,Paid,0.0
LOAN010954,CUST00641,318880,Personal Loan,13.37,48,Current,0.54
LOAN011751,CUST04599,734335,nan,8.04,60,Paid Off,0.0
LOAN007203,CUST04084,1461907,Car Loan,11.08,60,ACTIVE,0.0
LOAN008056,CUST00090,1766677,Home Loan,8.45,48,Paid,0.0
LOAN010297,CUST00090,3105304,Home Loan,9.24,120,Paid Off,0.0
LOAN002494,CUST01676,2626242,Home Loan,7.97,60,Paid,0.99
LOAN002952,CUST05937,1466237,,11.1,84,Bad Debt,0.73
LOAN000546,CUST01972,2792335,Mortgage,7.96,240,paid,0.7
LOAN002706,CUST00709,3320407,Housing Loan,8.19,36,ONGOING,0.01
LOAN008019,CUST00015,965380,HOME LOAN,17.31,#N/A,CLOSED,0.0
LOAN009133,CUST02373,316722,personal loan,13.34,120,Charged Off,0.78
LOAN006623,CUST03839,722754,Student Loan,Unknown,180,Active,0.0
LOAN009181,CUST04084,4720143,Housing Loan,9.91,36,CLOSED,0.02
LOAN008240,CUST03562,2248350,HOME LOAN,10.57,12,Paid Off,0.02
LOAN001128,CUST04827,254425,Personal,12.93,60,Active,0.0
LOAN002108,CUST03677,,Vehicle Loan,9.26,24,Fully Paid,0.01
LOAN009501,CUST01025,865651,Car Loan,11.12,60,Fully Paid,0.0
LOAN000873,CUST00247,96930,PERSONAL LOAN,13.15,180,Current,N/A
LOAN001403,CUST02933,2877002,BUSINESS LOAN,11.22,120,Closed,0.0
LOAN009332,CUST05347,379505,Personal,13.8,180,ONGOING,0.0
LOAN002071,CUST05436,401381,CAR LOAN,8.78,36,Paid,0.0
LOAN009226,CUST04270,312455,Personal Loan, ,48,Paid Off,0.0
LOAN003942,CUST05347,2759886,Mortgage,9.27,60,active,0.01
LOAN003181,CUST04353,3233310,HOME LOAN,9.07,12,Ongoing,0.99
LOAN006681,CUST00247,237227,car loan,11.1,84,Fully Paid,0.0
LOAN000695,CUST03222,409907,PERSONAL LOAN,14.21,240,active,0.0
LOAN005528,CUST00552,1099419,car loan,10.93,180,Fully Paid,0.0
LOAN005641,CUST03189,1287575,Biz Loan,N/A,36,paid,0.0
LOAN010907,CUST05347,1886054,Biz Loan,14.17,84,ONGOING,0.0
LOAN010047,CUST00552,655817,EDUCATION LOAN,9.32,36,Ongoing,0.0
LOAN009653,CUST05707,1232938,Car Loan,11.34,84,Active,0.0
LOAN001590,CUST03571,4212158,home loan,8.47,24,Paid Off,0.02
LOAN002048,CUST00552,2467191,home loan,7.85,nan,PAID,0.0
LOAN006247,CUST03824,2924280,Home Loan,10.23,180,Fully Paid,0.0
LOAN010295,CUST03280,2692979,Business Loan,12.41,24,ACTIVE,0.01
LOAN010230,CUST05278,354390,Personal,-5,84,Paid,0.99
LOAN006799,CUST02933,329631,Edu Loan,9.51,36,ongoing,0.0
LOAN006092,CUST00552,400516,Personal Loan,13.5,180,CLOSED,99
LOAN006406,CUST00552,615649,Student Loan,9.39,84,Active,0.0
LOAN011774,CUST04084,118780,PERSONAL LOAN,14.41,120,Active,NULL
LOAN004553,CUST02950,411455,Personal,nan,84,Ongoing,0.0
LOAN002759,CUST01205,382394,personal loan,13.31,12,default,0.99
LOAN007595,CUST00247,264964,Student Loan,120,84,Paid,0.0
LOAN001580,CUST03562,149671,Student Loan,12.09,240,Paid Off,
LOAN010714,CUST04084,280490,BUSINESS LOAN,12.66,36,Paid,0.0
LOAN009129,CUST00247,Unknown,Mortgage,8.9,36,Active,0.02
LOAN004428,CUST03824,307933,Business Loan,12.55,12,CHARGED OFF,N/A
LOAN007894,CUST05069,1814154,BUSINESS LOAN,10.84,180,active,0.0
LOAN002438,CUST02173,"₹269,833",Personal Loan,13.4,180,Fully Paid,0.0
LOAN002839,CUST03689,205989,personal loan,12.97,48,Open,0.44
LOAN002874,CUST03839,"₹1,168,776",Home Loan,9.21,48,active,0.0
LOAN010587,CUST03677,417389,PL,12.6,48,Fully Paid,0.0
LOAN010043,CUST00090,306250,PERSONAL LOAN,13.65,120,Active,0.0
LOAN005489,CUST03839,1603471,Business Loan,12.84,240,Fully Paid,0.0
LOAN008711,CUST02933,149966,personal loan,13.58,#N/A,Active,0.0
LOAN007397,CUST02173,1490115,Auto Loan,9.34,36,CLOSED,0.0
LOAN001558,CUST02173,253377,personal loan,12.75,180,ACTIVE,0.0
LOAN008501,CUST03024,2162868,HOME LOAN,9.64,48,Charged Off,0.99
LOAN006360,CUST00090,"193,081",PERSONAL LOAN,14.4,240,Open,0.0
LOAN000487,CUST05347,763704,car loan,11.63,60,Fully Paid,0.0
LOAN011274,CUST02933,372444,Personal Loan,13.32,12,active,0.0
LOAN000882,CUST03571,1527990,Housing Loan,9.07,48,ongoing,0.0
LOAN004525,CUST00587,1181835,BUSINESS LOAN,12.93,24,Paid,0.01
LOAN011935,CUST05735,1152975,Car Loan,10.48,24,CLOSED,0.01
LOAN004547,CUST04031,NULL,Home Loan,6.95,48,default,N/A
LOAN001056,CUST05735,458670,PERSONAL LOAN,12.94,120,ACTIVE,0.0
LOAN004575,CUST01140,"₹530,386",EDUCATION LOAN,8.53,180,Unknown,0.0
LOAN011360,CUST03839,N/A,Business Loan,11.17,84,Open,0.0
LOAN005983,CUST00247,1050326,Mortgage,9.63,600,default,0.0
LOAN005539,CUST03222,3414777,home loan,9.92,60,Current,0.01
LOAN003372,CUST01029,4111619,Mortgage,9.51,24,CHARGED OFF,0.99
LOAN004694,CUST04084,4503939,home loan,10.16,120,paid,0.0
LOAN003148,CUST00843,119327,PL,12.49,180,active,0.0
LOAN008919,CUST03189,1229837,Vehicle Loan,10.49,84,PAID,0.0
LOAN008701,CUST04827,324229,Student Loan,8.84,48,ACTIVE,0.0
LOAN002376,CUST00247,456337,personal loan,#N/A,240,Active,0.0
LOAN001927,CUST00719,1428962,#N/A,9.11,12,Default,#N/A
LOAN006437,CUST00015,386407,Personal Loan,21.55,12,Paid,0.0
LOAN011968,CUST01901,289452,education loan,8.11,36,CLOSED,0.0
LOAN004343,CUST00709,483184,Business Loan,12.96,36,paid,N/A
LOAN010269,CUST01205,2158801,HOME LOAN,8.72,84,Defaulted,0.99
LOAN002109,CUST00552,204271,PL,14.28,60,active,0.0
LOAN000900,CUST05347,#N/A,PL,14.74,48,Closed,0.0
LOAN006320,CUST04084,3994800,home loan,9.63,48,Closed,2.5
LOAN002659,CUST05328,303107,Unknown,14.46,180,ONGOING,0.0
LOAN003481,CUST05735,1960221,Mortgage,8.66,84,Current,0.0
LOAN003239,CUST03189,398690,PERSONAL LOAN,12.9,240,Current,0.0
LOAN004546,CUST03824,340058,Edu Loan,10.3,120,Open,0.0
LOAN009740,CUST01281,1279691,Car Loan,9.81,120,CLOSED,0.0
LOAN004488,Unknown,730159,Mortgage,8.37,12,Current,0.01
LOAN001321,CUST01025,1433787,Car Loan,9.46,84,,0.0
LOAN004758,CUST00015,389169,education loan,16.77,36,DEFAULT,0.0
LOAN004719,CUST04827,2690928,Home Loan,7.95,12,ongoing,0.03
LOAN001100,CUST05823,394030,BUSINESS LOAN,13.23,84,,0.0
LOAN004138,CUST01281,287083,PL,14.17,180,Ongoing,0.0
LOAN009495,CUST00709,228214,Biz Loan,11.72,120,ongoing,0.0
LOAN011398,CUST05328,2699545,business loan,12.14,24,Active,0.01
LOAN006925,CUST01874,2558297,Mortgage,8.04,48,Open,#N/A
LOAN008520,CUST03121,778888,Student Loan,#N/A,60,DEFAULT,0.99
LOAN000886,CUST00247,839003,home loan,8.14, ,Current,0.0
LOAN006208,CUST00090,1690995,Housing Loan,10.12,12,Fully Paid,0.02
LOAN008185,CUST05471,296640,#N/A,11.18,240,Fully Paid,0.12
LOAN002655,CUST02173,"₹65,744",PERSONAL LOAN,75,120,ongoing,0.0
LOAN001736,CUST03189,72289,Personal,13.01,12,ONGOING,0.0
LOAN001750,CUST00587,1616967,Biz Loan,13.4,0,ongoing,0.01
LOAN000926,CUST05735,240188,Personal,12.72,12,Open,0.0
LOAN009699,CUST05735,505788,Housing Loan,8.48,60,Paid Off,0.0
LOAN003515,CUST05823,747702,Car Loan,10.42,24,PAID,0.0
LOAN005396,CUST03571,605078,BUSINESS LOAN,11.85,120,Fully Paid,0.0
LOAN002927,CUST03677,353795,Edu Loan,9.78,240,paid,0.0
LOAN008606,CUST00587,196080,PERSONAL LOAN,13.27,60,Current,0.0
LOAN004836,CUST03571,4245648,home loan,8.23,36,ACTIVE,-0.5
LOAN007948,CUST00587,4402439,Mortgage,9.46,12,Open,0.04
LOAN006937,CUST01500,354361,Edu Loan,#N/A,48,Active,0.0
LOAN006127,CUST00015,851442,Mortgage,16.65,12,Default,0.01
LOAN002774,CUST01268,250516,Personal Loan,13.78,240,ACTIVE,0.1
LOAN005668,CUST03905,356525,car loan,9.17,240,Current,0.16
LOAN010546,CUST00709,398627,Education Loan,10.36,24,Paid Off,0.0
LOAN000063,CUST00015,303591,education loan,17.43,24,Bad Debt,0.0
LOAN009087,CUST03189,802297,Mortgage,Unknown,12,ONGOING,
LOAN008159,CUST03677,768106,CAR LOAN,9.75,36,PAID,0.0
LOAN002822,CUST00587,2575075,Business Loan,12.83,180,paid,0.0
LOAN010481,CUST03571,264769,CAR LOAN,nan,60,Defaulted,0.0
LOAN006532,CUST01901,1247407,Business Loan,12.17,36,ACTIVE,nan
LOAN011367,CUST05436,103850,Personal Loan,Unknown,36, ,0.0
LOAN009909,CUST01693,214127,Personal,14.16,#N/A,PAID,0.12
LOAN010016,CUST03677,442736,personal loan,nan,180,active,0.0
LOAN010799,CUST02643,2950210,BUSINESS LOAN,12.1,84,Current,0.0
LOAN011503,CUST05436,"156,287",Personal Loan,13.58,60,Active,0.0
LOAN002886,CUST00071,411179,PL,13.21,240,Paid,0.09
LOAN009013,CUST01281,65347,personal loan,14.22,180,Closed,0.0
LOAN003015,CUST00067,979240,Vehicle Loan,10.47,240,ongoing,0.24
LOAN006904,CUST01281,406473,Personal Loan,13.65,24,ongoing,Unknown
LOAN006334,CUST00552,2554664,HOME LOAN,9.78,180,Fully Paid,0.0
LOAN003911,CUST01140,786984, ,10.24,240,active,0.0
LOAN008614,CUST04270,2629816,Home Loan,9.83,120,Active,0.0
LOAN004122,CUST01500,137686,Personal,12.52,180,Current,0.0
LOAN004265,CUST04270,"₹533,405",Education Loan,9.85,12,Ongoing,0.01
LOAN010002,CUST05069,1111059,Mortgage,8.46,120,Unknown,0.0
LOAN011400,CUST04599,537244,Education Loan,8.45,48,Paid,0.0
LOAN004971,CUST05966,Unknown,personal loan,12.62,120,,0.62
LOAN002107,CUST02933,4217482,Home Loan,8.31,84,Closed,0.01
LOAN007301,CUST03222,296972,Education Loan,10.15,48,Active,0.0
LOAN002845,CUST03824,111423,PERSONAL LOAN,13.88,240,ACTIVE,0.0
LOAN001551,CUST02032,2747641,Business Loan,nan,240,,0.48
LOAN009662,CUST05347,289554,PL,13.54,24,ACTIVE,0.0
LOAN010635,CUST01140,224041,Vehicle Loan,8.96,48,Current,0.0
LOAN005562,CUST04628,1265654,SME Loan,13.49,-12,Defaulted,0.01
LOAN007360,CUST01281,1371324,business loan,12.44,84,active,0.0
LOAN007434,CUST01025,489791,personal loan,13.18,24,Current,0.0
LOAN005251,CUST01025,3923996,Mortgage,9.33,48,ONGOING,0.01
LOAN003663,CUST04270,375237,Car Loan,10.12,60,ongoing,0.0
LOAN010612,CUST03222,315686,Personal Loan,12.91,120,Current,0.0
LOAN006476,CUST04628,902232,SME Loan,12.71,24,Fully Paid,0.0
LOAN011341,CUST05347,1125750,Auto Loan,10.27,N/A,Active,0.0
LOAN006916,CUST01649,0,business loan,12.15,48,Paid Off,0.99
LOAN011063,CUST01140,2531087,HOME LOAN,,180,active,0.0
LOAN008580,CUST04827,3610475,HOME LOAN,Unknown,24,Fully Paid,0.02
LOAN001507,CUST04599,2516449,business loan,10.32,12,Ongoing,0.03
LOAN003659,CUST03280,762012,EDUCATION LOAN,11.02,84,active,0.0
LOAN005992,CUST04628,1008069,CAR LOAN,10.88,84,ACTIVE,0.0
LOAN000328,CUST02136,184208,EDUCATION LOAN,8.14,48,PAID,0.2
LOAN000064,CUST01140,941756,Auto Loan,9.38,84,Open,0.0
LOAN001482,CUST04599,"303,542",personal loan,11.83,36,paid,0.0
LOAN002349,CUST05823,"1,837,977",Biz Loan,nan,240,Fully Paid,0.0
LOAN005646,CUST00247,603645,Mortgage,8.27,180,Active,0.0
LOAN008978,CUST00090,2738260,HOME LOAN,8.54,84,Paid Off,0.0
LOAN004216,CUST04827,556466,Student Loan,10.2,240,Active,0.0
LOAN000571,CUST03189,1774687,Business Loan,11.23,84,Fully Paid,0.0
LOAN010094,CUST01500,1963968,Biz Loan,12.12,12,active,0.02
LOAN002959,CUST03839,1129557,BUSINESS LOAN,11.75,180,Paid,0.0
LOAN001721,CUST05798,848906, ,10.14,36,Paid Off,0.99
LOAN004295,CUST01140,269878,Personal,13.14,12,active,0.0
LOAN008595,CUST01140,1303579,Vehicle Loan,10.07,48,ongoing,0.0
LOAN010535,Unknown,"₹910,511",HOME LOAN,8.87,120,Closed,0.99
LOAN005768,CUST00709,"115,101",education loan,10.46,24,Ongoing,0.0
LOAN001297,CUST03636,114128,personal loan,11.54,240,paid,0.08
LOAN001883,CUST05823,123485,personal loan,14.49,36,Paid,0.0
LOAN000662,CUST04270,2633256,business loan,13.16,24,NULL,0.01
LOAN009331,CUST03189,321406,EDUCATION LOAN,9.81,84,paid,0.0
LOAN004944,CUST03839,259642,PL,12.93,120,Ongoing,0.0
LOAN001436,CUST05436,216591,Student Loan,8.39,12,Open,0.0
LOAN011424,CUST03677,4445159,HOME LOAN,8.48,240,ongoing,99
LOAN009125,CUST02173,NULL,PERSONAL LOAN,13.75,36,active,0.0
LOAN009536,CUST04628,1565479,business loan,13.48,48,ONGOING,nan
LOAN006359,CUST00247,4970386,Housing Loan,9.61,48,Fully Paid,0.01
LOAN000189,CUST05436,75346,Personal Loan,13.42,180,active,0.0
LOAN009873,CUST03222,3432192,home loan,9.31,240,ONGOING,0.0
LOAN004654,CUST00709,4227016,HOME LOAN,9.5,12,Open,0.04
LOAN009689,CUST05069,2049100,Mortgage,7.7,48,ongoing,0.01
LOAN008918,CUST05069,1608736,SME Loan,11.16,180,paid,
LOAN002863,CUST05347,886737,Auto Loan,11.48,24,paid,0.0
LOAN011493,CUST02173,1197460,CAR LOAN,9.18,60,ACTIVE,0.0
LOAN007255,CUST02758,2400848,Business Loan,12.67,600,Bad Debt,0.99
LOAN010471,CUST02173,1649603,Housing Loan,8.57,60,Active,0.0
LOAN009826,CUST05707,269775,education loan,10.0,48,ACTIVE,0.0
LOAN000408,CUST00709,398520,PL,12.55, ,paid,0.0
LOAN006685,CUST04270,-1000,PERSONAL LOAN,13.81,36,ONGOING,0.0
LOAN009304,CUST05328,363285,Personal Loan,,240,Ongoing,0.0
LOAN002503,CUST03222,2270881,BUSINESS LOAN,12.95,240,Open,0.0
LOAN011204,CUST00090,#N/A,Auto Loan,10.07,180,ONGOING,0.0
LOAN005619,CUST05328,1096382,car loan,10.01,240,paid,0.0
LOAN005111,CUST04503,1116630,Vehicle Loan,13.08,36,CLOSED,0.99
LOAN001138,CUST05436,"2,974,628",Biz Loan,12.21,60,ONGOING,0.01
LOAN003055,CUST05347,87627,Personal,14.95,240,ONGOING,0.0
LOAN005887,CUST03824,735238,HOME LOAN,9.66,60,ongoing,0.0
LOAN005534,CUST03839,"₹1,193,111",Home Loan,8.83,48,Unknown,0.0
LOAN001709,CUST05735,1025361,Auto Loan,9.32,84,active,0.0
LOAN002406,CUST03839,786857,Car Loan,10.84,24,Ongoing,0.0
LOAN009487,CUST01674,"₹418,050",Auto Loan,120,60,Fully Paid,0.58
LOAN010821,CUST01417,465298,Biz Loan,10.27,48,Bad Debt,0.99
LOAN004667,CUST03189,,education loan,9.12,84,Active,0.0
LOAN008933,CUST05735,254173,Vehicle Loan,9.04,48,Closed,0.0
LOAN010719,CUST04827,"1,744,229",Housing Loan,7.84,120,Paid,0.0
LOAN010559,CUST02643,-1000,Vehicle Loan,9.4,24,PAID,0.0
LOAN006493,CUST05707,433539,car loan,-5,48,Active,0.0
LOAN009486,CUST00709,162748,Personal,12.4,24,Paid,0.0
LOAN008048,CUST03189,3689398,HOME LOAN,7.68,12,ongoing,0.04
LOAN003280,CUST00709,80884,Personal,13.89,240,Current,-0.5
LOAN010977,CUST05436,₹0,HOME LOAN,8.35,120,CLOSED,0.0
LOAN011111,CUST05735,565274,Education Loan,9.44,180,ongoing,0.0
LOAN000740,CUST05328,209058,personal loan,14.51,180,ACTIVE,0.0
LOAN002194,CUST05328,565448,car loan,10.63,24,Closed,nan
LOAN008011,CUST00015,2992587,Mortgage,15.67,180,Closed,0.0
LOAN000609,CUST03003,1966551,Home Loan,8.86,24,Unknown,0.99
LOAN002171,CUST04628,0,nan,9.7,36,active,0.0
LOAN001220,CUST01380,178161,PERSONAL LOAN,13.02,48,Current,0.17
LOAN000411,CUST05069,391741,PL,12.23,180,Fully Paid,0.0
LOAN007148,CUST00090,2692480,Home Loan,9.88,12,ongoing,0.03
LOAN006540,CUST02173,71870,PERSONAL LOAN,13.03,120,Current,0.0
LOAN008799,CUST05436,2740847,SME Loan,10.69,60,CLOSED,0.01
LOAN010405,CUST01140,2236962,#N/A,Unknown,36,ONGOING,0.01
LOAN005789,CUST02950,771611,Car Loan,9.93,24,active,0.0
LOAN004418,CUST01227,4812821,Mortgage,8.93,240,paid,0.99
LOAN007603,CUST02265,331701,Education Loan,9.47,48,default,0.7
LOAN008642,CUST01901,957625,Auto Loan,9.54,24,active,0.0
LOAN006690,CUST00843,275270,PL,11.62,NULL,Ongoing,0.0
LOAN000564,CUST04599,"₹221,860",PL,12.26,24,Closed,0.0
LOAN004368,CUST01017,311397,personal loan,11.69,60,active,0.48
LOAN009352,CUST01025,1170565,Business Loan,11.37,24,Active,0.01
LOAN002582,CUST03824,4050654,Home Loan,10.48,36,Fully Paid,0.01
LOAN010608,CUST00090,1162964,car loan,10.18,36,paid,0.0
LOAN007456,CUST00751,475317,PERSONAL LOAN,13.41,60,default,0.73
LOAN005069,CUST03571,787860,home loan,8.38,84,ACTIVE,0.0
LOAN009082,CUST02950,941675,Biz Loan,12.83,60,Paid Off,0.0
LOAN004383,CUST03571, ,PL,14.48,12,active,0.0
LOAN008984,CUST04270,325047,PERSONAL LOAN,14.38,60,ACTIVE,0.0
LOAN003428,CUST00015,1582416,Business Loan,19.33,120,N/A,0.0
LOAN004272,CUST01025,nan,CAR LOAN,9.8,600,Closed,0.0
LOAN009092,CUST05347,899433,Car Loan,10.97,24,Default,0.0
LOAN003282,CUST05561,459230,PL,12.88,180,PAID,0.29
LOAN002426,CUST03824,1360694,CAR LOAN,11.44,36,ONGOING,0.0
LOAN011123,CUST03677,1254533,car loan,8.92,Unknown,ongoing,0.0
LOAN006160,CUST03677,449691, ,nan,24,Closed, 
LOAN005265,CUST00161,2054877,business loan,11.57,180,PAID,0.49
LOAN006625,CUST05385,"₹764,335",Edu Loan,8.84,180,Paid Off,0.86
LOAN007318,CUST03677,"925,567",Auto Loan,10.26,24,Paid Off,0.0
LOAN010479,CUST05347,0,Auto Loan,10.57,60,Paid,-0.5
LOAN011758,CUST04827,91959,PERSONAL LOAN,12.4,48,ongoing,0.0
LOAN005576,CUST03229,353069,car loan,11.75,24,Defaulted,0.99
LOAN001265,CUST02364,4179764,Home Loan,7.43,#N/A,Fully Paid,0.99
LOAN005007,CUST02880,242675,personal loan,12.37,60,Ongoing,0.34
LOAN003085,CUST00090,489952,personal loan,12.92,60,ongoing,0.0
LOAN011605,CUST03571,4240155,home loan,10.03,60,Closed,0.01
LOAN003882,CUST03571,1232345,Business Loan,12.8,240,Active,0.0
LOAN000059,CUST00587,2736281,SME Loan,12.23,48,Current,0.01
LOAN005152,CUST01901,440852,PL,nan,48,Paid Off,0.0
LOAN011027,CUST01140,"₹514,446",education loan,7.76,24,Open,0.0
LOAN000418,CUST04192,202669,CAR LOAN,NULL,180,Paid,0.1
LOAN003479,CUST00709,225520,PL,12.39,0,ONGOING, 
LOAN010239,CUST03824,1020980,Vehicle Loan,10.44,240,Paid,0.0
LOAN011586,CUST04599,271764,CAR LOAN,8.45,84,Open,0.0
LOAN005138,CUST00709,2556717,Unknown,11.58,240,Closed,2.5
LOAN003537,CUST03571,578238,education loan,9.55,120,paid,0.0
LOAN004853,CUST02173,322545,PERSONAL LOAN,13.2,48,Paid Off,0.0
LOAN006683,CUST04628,75872,Personal,14.01,12,ONGOING,0.0
LOAN006911,CUST00843,435197,Personal,12.64,240,Current,0.0
LOAN000855,CUST01025,891815,Auto Loan,10.18,120,ONGOING,0.0
LOAN005611,CUST00587,991498,Housing Loan,9.97,48,active,N/A
LOAN006972,CUST04827,#N/A,personal loan,13.47,36,Open,0.0
LOAN003082,CUST03677,1179700,Car Loan,9.87,240,Open,0.0
LOAN009192,CUST00903,2566623,BUSINESS LOAN,#N/A,60,Default,0.99
LOAN002257,CUST03255,1021017,Housing Loan,8.4,12,paid,0.99
LOAN009507,CUST01281,158576,PL,13.79,120,Ongoing,0.0
LOAN005894,CUST00587,1831779,home loan,8.38,240,Ongoing,0.0
LOAN007715,CUST03222,₹0,SME Loan,13.35,84,Open,0.0
LOAN008392,CUST04261,3956599,Home Loan,8.15,120,Fully Paid,0.99
LOAN006432,CUST01140,#N/A,Vehicle Loan,8.72,48,ongoing, 
LOAN007773,CUST02933,1154210,Car Loan,9.67,84,ACTIVE,0.0
LOAN011153,CUST03222,3357108,Mortgage,8.37,120,Active,0.0
LOAN006205,CUST02173,"601,506",car loan,10.74,48,Open,0.0
LOAN011021,CUST00015,469763,CAR LOAN,-5,60,paid,0.0
LOAN011582,CUST00587,479636,Personal Loan,14.31,36,nan,0.0
LOAN010355,CUST05347,"₹2,554,003",Mortgage,10.75,84,active,0.0
LOAN007798,CUST03222,309717,Unknown,11.0,24,CLOSED,0.0
LOAN007865,CUST03839,1041486,Unknown,9.82,84,Current,0.0
LOAN000754,CUST02438,2306635,BUSINESS LOAN,13.23,240,ONGOING,0.52
LOAN007971,CUST05328,106275,PERSONAL LOAN,13.58,24,PAID,0.0
LOAN007115,CUST03189,65690,PL,12.24,12,PAID,0.0
LOAN001038,CUST03839,274108,car loan,10.55,60,active,0.0
LOAN002609,CUST04084,4964111,Home Loan,10.37,12,active,0.05
LOAN006220,CUST05707,1087251,Mortgage,10.2,60,paid,0.0
LOAN007611,NULL,410927,Auto Loan,11.19,24,Fully Paid,0.0
LOAN005286,CUST01281,884574,Vehicle Loan,10.23,36,PAID, 
LOAN002537,CUST02643,NULL,Business Loan,12.03,180,Active,0.0
LOAN009022,CUST01500,254254,Personal,11.94,12,ongoing,0.0
LOAN007410,CUST00552,2803482,HOME LOAN,9.39,240,Current,0.0
LOAN003817,CUST02950,247081,Student Loan,10.37,36,ongoing,0.0
LOAN000889,CUST05735,3454492,home loan,8.95,24, ,0.02
LOAN000243,CUST03839,404586,Edu Loan,10.17,60,Ongoing,0.0
LOAN010529,CUST04084,2017384,home loan,120,36,Ongoing,0.01
LOAN003889,CUST01025,125273,Personal,13.11,240,Open,0.0
LOAN004263,CUST04827,648867,education loan,9.19,48,PAID,0.0
LOAN008814,CUST04871,279137,BUSINESS LOAN,13.0,24,Ongoing,0.99
LOAN007175,CUST02933,398678,Education Loan,9.83,12,CLOSED,0.0
LOAN000024,CUST03677,617802,car loan,10.26,180,Unknown,0.0
LOAN004191,CUST01500,"4,816,285", ,7.93,12,DEFAULT,0.05
LOAN008942,CUST01140,1135276,Home Loan,8.09,24,nan,0.01
LOAN000394,CUST02933,65409,Personal,12.94,120,PAID,0.0
LOAN011788,CUST01025,1141004,BUSINESS LOAN,12.17,180,Open,0.0
LOAN008364,CUST00843,272190,personal loan,11.72,48,paid,0.0
LOAN011952,CUST05436,4261869,Housing Loan,7.35,48,Closed,0.01
LOAN004244,CUST01901,189735,Student Loan,9.77,120, ,0.0
LOAN011613,CUST00090,,business loan,13.12,84,ONGOING,0.0
LOAN007073,CUST00843,1062459,Vehicle Loan,9.12,36,Bad Debt,0.0
LOAN002335,CUST03824,1482479,Home Loan,10.02,120,Closed,2.5
LOAN007657,CUST04084,100523,PL, ,84,Open,0.0
LOAN003443,CUST05945,2527990,BUSINESS LOAN,nan,60,Bad Debt,0.99
LOAN007205,CUST00843,"₹4,281,702",Housing Loan,8.06,84,PAID,0.01
LOAN005986,CUST03222,"1,015,531",Auto Loan,10.9,24,ACTIVE,
LOAN006282,CUST00552,300932,Personal Loan,13.68,36,Ongoing,0.0
LOAN001670,CUST03677,361891,,11.6,60,Fully Paid,0.0
LOAN003988,CUST03091,157757,Personal Loan,14.1,60,Current,0.63
LOAN001215,CUST04599,143648,Personal Loan,13.19,36,active,0.0
LOAN010204,CUST03839,2500007,HOME LOAN,8.33,84,Fully Paid,0.0
LOAN007176,CUST05347,1243027,Car Loan,10.34,120,Bad Debt,0.0
LOAN009734,CUST00843,241760,PERSONAL LOAN,12.36,12,ONGOING,0.0
LOAN006899,CUST04628,872784,Vehicle Loan,10.61,48,Active,NULL
LOAN004688,CUST02173,476463,personal loan,13.07,60,Open,0.0
LOAN008754,CUST01281,999999999,BUSINESS LOAN,0,12,ONGOING,0.03
LOAN002358,CUST05347,2652986,HOME LOAN,120,24,Ongoing,0.01
LOAN004822,CUST05069,NULL,PL,11.03,12,Current,0.0
LOAN006066,CUST03222,516304,Student Loan,9.92,120,ACTIVE,0.0
LOAN007505,CUST04827,2773043,Business Loan,12.99,180,ongoing,0.0
LOAN008255,CUST00247,274523,Car Loan,10.34,24,active,0.0
LOAN007088,CUST03574,92868,Personal Loan,13.69,24,Active,0.79
LOAN008257,CUST05069,1058647,HOME LOAN,7.22,120,Active,0.0
LOAN008866,CUST05707,1466127,Auto Loan,11.87,240,active,0.0
LOAN008741,CUST04599,266507,Vehicle Loan,9.07,120,Ongoing,0.0
LOAN008208,CUST05069,1469267,Business Loan,10.51,180,Paid Off,0.0
LOAN011955,CUST03562,665237,Mortgage,10.81,12,Active,0.01
LOAN007785,CUST05328,4430770,Housing Loan,8.41,48,Open,0.01
LOAN011747,CUST02933,471310,PL,13.04,12,Active,0.0
LOAN007428,CUST01281,2051092,HOME LOAN,9.84,12,ONGOING,0.02
LOAN009936,CUST05068,1205207,Vehicle Loan,9.62,240,ONGOING,0.99
LOAN007579,CUST00552,239027,education loan,8.92,180,Paid,0.0
LOAN009791,CUST00843,Unknown,CAR LOAN,9.41,120,Ongoing,0.0
LOAN007653,CUST00709,552684,Education Loan,10.28,240,active,0.0
LOAN003632,CUST05735,305609,car loan,10.52,nan,ACTIVE,0.0
LOAN006356,CUST04628,225147,Personal,14.52,24,Active,0.0
LOAN011835,CUST00709,1658204,BUSINESS LOAN,12.77,12,NULL,#N/A
LOAN002873,CUST04084,3890033,Housing Loan,10.01,24,CLOSED,0.02
LOAN010651,CUST03189,735680,CAR LOAN,9.58,12,Ongoing,0.01
LOAN004568,CUST05781,"₹389,616",Unknown,13.52,60,Closed,0.76
LOAN003894,CUST04827,600472,Edu Loan,8.83,180,PAID,0.0
LOAN004188,CUST01025,52230,personal loan,12.86,48,Ongoing,0.0
LOAN008235,CUST00709,114725,PERSONAL LOAN,12.97,48,Open,0.0
LOAN009098,CUST04827,1681221,Housing Loan,8.93,120,Paid,0.0
LOAN006038,CUST05735,N/A,HOME LOAN,8.67,180,paid,0.0
LOAN001583,CUST00843,368333,Auto Loan,10.38,48,ACTIVE,0.0
LOAN002044,CUST00090,904947,Car Loan,10.78,180,ACTIVE,0.0
LOAN007139,CUST02701,2342036,Business Loan,13.14,36,Charged Off,0.99
LOAN000374,CUST03189,1368411,Car Loan,9.57,120,Open,0.0
LOAN004150,CUST00552,378000,Personal,14.23,48,Fully Paid,0.0
LOAN000392,CUST05069,536155,home loan,7.24,60,Ongoing,0.0
LOAN010885,CUST03824,267384,Education Loan,N/A,24,Open,0.0
LOAN010965,CUST00090,728838,Vehicle Loan,11.62,-12,Open,0.0
LOAN009097,CUST03280,787046,Vehicle Loan,11.91,12,Ongoing,0.01
LOAN011610,CUST03839,58150,personal loan,12.44,84,PAID,
LOAN006922,CUST05347,"₹1,470,043",CAR LOAN,12.11,NULL,ACTIVE,0.01
LOAN011174,CUST03677,201272,Unknown,12.56,180,Closed,0.0
LOAN001183,CUST00015,2366171,SME Loan,19.91,84,Fully Paid,0.0
LOAN008476,CUST03562,93267,PERSONAL LOAN,14.26,240,Current,0.0
LOAN004419,CUST05707,2155612,business loan,13.06,36,Paid Off,nan
LOAN004061,CUST00832,1389249,CAR LOAN,,,#N/A,0.99
LOAN003533,CUST03045,201879,Personal,14.48,48,paid,0.51
LOAN000091,CUST00015,"877,231",SME Loan,19.74,120,PAID,0.0
LOAN002487,CUST01094,2654547,Home Loan,9.22,48,Charged Off,0.99
LOAN002715,CUST00015,407585,Personal Loan,20.43,36,DEFAULT,0.0
LOAN007033,CUST00015,184607,PL,21.14,48,paid,0.0
LOAN009719,CUST02933,3554193,Home Loan,N/A,36,active,0.01
LOAN009836,CUST05069,123967,PERSONAL LOAN,11.94,48,Open,0.0
LOAN005020,CUST00090,1339331,Auto Loan,10.58,36,Closed,0.0
LOAN005495,CUST03222,331149,PL,13.68,84,Paid,0.0
LOAN007347,CUST03562,4764976,HOME LOAN,10.69,24,ONGOING,0.02
LOAN003160,CUST00090,2980481,SME Loan,12.74,240,Paid Off,0.0
LOAN006608,CUST04084,763549,CAR LOAN,11.35,84,Current,0.0
LOAN009291,CUST04628,237710,personal loan,13.54,120,CLOSED,0.0
LOAN002642,CUST00090,2622335,Housing Loan,10.04,24,ONGOING,0.01
LOAN009992,CUST05347,"880,268",Vehicle Loan,10.58,48, ,0.0
LOAN008514,CUST00247,"₹306,003",Personal,13.77,12,Current,0.0
LOAN001004,CUST04269,1858041,HOME LOAN,7.62,120,Default,0.86
LOAN005282,CUST03824,839821,BUSINESS LOAN,12.69,120,Default,0.0
LOAN003631,CUST00090,2388762,Mortgage,,48,paid,0.01
LOAN001890,CUST00552,380592,Personal,14.2,24,Current,0.0
LOAN010221,CUST04827,775377,education loan,9.87,84,CLOSED,0.0
LOAN009721,CUST05735,250809,Edu Loan,9.94,36,ACTIVE,0.0
LOAN004765,CUST04084,198904,Personal,14.08,120,Active,0.0
LOAN008517,CUST05436,499872,personal loan,12.19,12,active,0.0
LOAN003483,CUST03571,2745997,BUSINESS LOAN,11.94,12,Current,0.03
LOAN007003,CUST01140,487543,PL,12.35,84,ongoing,0.0
LOAN008894,CUST03280,"₹456,645",PERSONAL LOAN,14.2,48,CLOSED,0.0
LOAN011738,CUST04560,0,Personal,12.91,120,CLOSED,0.28
LOAN007809,CUST02643,"1,116,761",Car Loan,11.15,24,Current,0.01
LOAN007789,CUST05069,154227,personal loan,11.41,36,ACTIVE,0.0
LOAN001993,CUST05069,798290,Edu Loan,9.25,60,Paid,0.0
LOAN008594,CUST05707,327913,Edu Loan,11.74,48,Current,0.0
LOAN003001,CUST02173,2451618,Biz Loan,12.48,120,ongoing,0.0
LOAN007736,CUST05069,999999999,HOME LOAN,6.84,24,paid,0.02
LOAN008822,CUST01281,4846984,home loan,8.25,180,ACTIVE,0.0
LOAN005902,CUST04599,387618,Car Loan,10.16,12,Active,0.0
LOAN001907,CUST02950,302864,personal loan,14.02,12,PAID,0.0
LOAN011687,CUST03280,1084668,Auto Loan,#N/A,0,Active,0.0
LOAN010785,CUST05069,376132,PERSONAL LOAN,11.22,60,paid,0.0
LOAN005132,CUST02587,261466,business loan,12.73,12,Defaulted,0.99
LOAN005753,CUST04628,753707,home loan,8.22,12,Current,0.01
LOAN002084,CUST05347,661866,car loan,11.87,12,ACTIVE,Unknown
LOAN000280,CUST01500,635468,home loan,7.15,36,PAID,0.0
LOAN006850,CUST04641,2754914,nan,7.62,120,Fully Paid,0.99
LOAN010477,CUST01025,847029,Auto Loan,9.88,60,paid,0.0
LOAN007462,CUST00843,719428,Auto Loan,9.4,24,Closed,0.0
LOAN008151,CUST03571,,business loan,13.59,24,ongoing,0.01
LOAN000338,CUST03677,4485390,Housing Loan,8.35,180,Current,0.0
LOAN002154,CUST00709,444361,education loan,9.71,84,active,0.0
LOAN005671,CUST00587,3332709,Housing Loan,9.66,84,Fully Paid,0.0
LOAN005226,CUST05707,256091,PERSONAL LOAN,14.34,12,ongoing,0.0
LOAN010984,CUST04084,3104853,home loan,10.08,nan,PAID,0.01
LOAN000539,CUST05328,640738,BUSINESS LOAN,13.26,240,Paid,0.0
LOAN001845,CUST00015,360726,PERSONAL LOAN,21.77,48,Defaulted,0.0
LOAN002311,CUST03839,259916,personal loan,12.86,120,Ongoing,0.0
LOAN010570,CUST00843,186396,education loan,8.78,84,Paid,
LOAN004567,CUST05735,4013577,Housing Loan,8.6, ,ONGOING,0.01
LOAN002536,CUST01500,"3,182,442",Home Loan,7.01,180,ACTIVE,0.0
LOAN000363,CUST02836,333481,PERSONAL LOAN,13.37,12,Fully Paid,0.99
LOAN009755,CUST05347,241602,Vehicle Loan,11.61,48,paid,0.0
LOAN000296,CUST03189,411268,personal loan,13.38,84,Paid,0.0
LOAN004780,CUST02643,902344,HOME LOAN,9.09,120,Current,0.0
LOAN002968,,543655,Housing Loan,8.12,60,ongoing,0.0
LOAN001854,CUST05347,4190009,Mortgage,10.27,120,ongoing,0.0
LOAN011677,CUST05328,796544,education loan,10.33,48,paid,0.0
LOAN009453,CUST05436,99173,Personal,11.75,120,Open,0.0
LOAN008190,CUST00247,918405,Auto Loan,11.06,180,Closed,0.0
LOAN007279,CUST03839,723403,NULL,8.82,48,,0.0
LOAN010017,CUST01747,157094,Personal Loan,12.68,36,Active,0.35
LOAN005245,CUST05493,1461315,Auto Loan,10.39,180,Bad Debt,0.37
LOAN007897,CUST04827,801260,CAR LOAN,10.58,84,PAID,0.0
LOAN002189,CUST03280,99084,PL,13.3,24,Paid,0.0
LOAN007876,CUST02173,586332,Business Loan,-5,240,Current,0.0
LOAN010988,CUST00552,385975,PL,13.83,-12,Active,0.0
LOAN004147,CUST04827,4762838,Housing Loan,9.07,36,default,0.02
LOAN002908,CUST04801,435981,Edu Loan,9.14,120,Closed,0.16
LOAN007996,CUST00552,Unknown,SME Loan,11.57,48,CLOSED,0.01
LOAN006708,CUST01025,2081889,SME Loan,12.07,#N/A,Ongoing,0.0
LOAN007210,CUST05735,494468,PL,12.92,60,CLOSED,0.0
LOAN005418,CUST03230,250179,personal loan,14.41,24,Paid Off,
LOAN000467,,923292,Auto Loan,10.73,48,ONGOING,0.0
LOAN005155,N/A,3066016,Mortgage,9.65,240,paid,0.0
LOAN008460,CUST02775,NULL,Personal,11.22,#N/A,ACTIVE,0.1
LOAN000798,CUST01901,1339608,Car Loan,8.9,240,Current,0.0
LOAN008672,CUST04827,1876059,Business Loan,11.75,240,Paid,0.0
LOAN011448,CUST04599,1659012,HOME LOAN, ,240,Paid Off,0.0
LOAN003351,CUST04599,489063,Personal,11.61,36,Paid Off,0.0
LOAN003953,CUST05707,490683,EDUCATION LOAN,10.46,48,Ongoing,Unknown
LOAN001916,CUST01025,1008653,,9.5,180,ACTIVE,0.0
LOAN009315,CUST00843,"3,742,030",Mortgage,7.49,0,Active,0.01
LOAN010599,CUST02643,207830,PL,#N/A,84,Closed,0.0
LOAN000826,CUST05436,990486,Unknown,10.49,180,Fully Paid,nan
LOAN005568,CUST01901,206956,PERSONAL LOAN,12.44,240,Ongoing,N/A
LOAN000851,CUST02847,690723,CAR LOAN,75,12,Current,0.99
LOAN011872,CUST03677,251827,personal loan,12.07,N/A,Current,0.0
LOAN004153,CUST00015,492393,PL,21.79,36,CHARGED OFF,0.0
LOAN010862,CUST05347,#N/A,EDUCATION LOAN,10.68,120,Fully Paid,0.0
LOAN002428,CUST02950,945440,CAR LOAN,9.43,48,paid,0.0
LOAN011863,CUST00843,2456398,Housing Loan,8.61,240,ACTIVE,0.0
LOAN010978,CUST00281,1701914,Business Loan,11.18,120,CLOSED,0.99
LOAN009418,CUST05735,305565,Edu Loan,N/A,48,Fully Paid,0.0
LOAN010557,CUST03677,4207291,Mortgage,7.74,120,Current,0.0
LOAN009583,CUST05707,626243,Car Loan,11.68,60,Active,0.0
LOAN010642,CUST01140,141902,PERSONAL LOAN,12.04,36,N/A,0.0
LOAN006429,CUST02933,455968,CAR LOAN,9.46,240,Active,0.0
LOAN001830,CUST05790,370853,Auto Loan,9.44,24,Defaulted,Unknown
LOAN007635,CUST00247,2475291,HOME LOAN,8.27,36,Active,0.01
LOAN007285,CUST02823,1003640,Car Loan,11.2,12,Open,0.99
LOAN000668,CUST03571,686476,Education Loan,10.18,36,active,0.0
LOAN010765,CUST03571,364610,PL,12.7,84,Closed,99
LOAN002134,CUST00843,1993728,SME Loan,11.68,600,Closed,0.01
LOAN011556,CUST05347,1292588,Housing Loan,9.48,12,PAID,0.01
LOAN008532,CUST01281,2228061,Business Loan,12.73,120,Ongoing,0.0
LOAN006733,CUST02213,414239,Car Loan,10.47,36,ONGOING,0.49
LOAN009553,CUST04827,278987,PL,13.89,180,Paid Off,0.0
LOAN001547,CUST05347,1827796,Home Loan,10.59,60,Closed,
LOAN010923,CUST01901,"₹291,975",Personal, ,240,Ongoing,0.0
LOAN001995,CUST01901,2387134,home loan,8.72,84,Fully Paid,0.0
LOAN009038,CUST00330,3920380,Home Loan,11.22,180,Defaulted,0.99
LOAN011097,CUST03824,1453356,Vehicle Loan,10.86,120,ACTIVE,0.0
LOAN001985,CUST04827,419284,PL,13.57,48,ONGOING,0.0
LOAN000067,CUST03562,1077461,BUSINESS LOAN,12.73,12,paid,0.01
LOAN001027,CUST05069,4832370,Home Loan,8.4,240,#N/A,0.0
LOAN008260,CUST02950,445798,business loan,11.25,12,ongoing,0.0
LOAN009051,CUST04599,"148,511",Personal,12.92,48,paid,0.0
LOAN009252,CUST05069,320207,personal loan,nan,120,Current,0.0
LOAN003844,CUST02643,3514666,home loan,8.89,24,ongoing,0.02
LOAN003673,CUST03280,824263,car loan,11.91,120,Ongoing,0.0
LOAN008974,CUST01281,4103928,HOME LOAN,9.66,180,PAID,0.0
LOAN000732,CUST05735,463063,personal loan,13.73,-12,ongoing,0.0
LOAN001622,CUST02173,235428,Auto Loan,10.89,84,active,0.0
LOAN007188,CUST04599,2031595,#N/A,11.78,120,Current,0.0
LOAN006760,CUST03562,3247453,Mortgage,9.45,48,Active,0.01
LOAN005476,CUST03189,734387,CAR LOAN,10.5,240,Closed,0.0
LOAN010055,CUST05436,"₹273,495",Personal Loan,12.57,84,paid,0.0
LOAN011465,CUST00090,3930224,Housing Loan,8.23,36,paid,0.01
LOAN007951,CUST01500,2154468,Home Loan,7.56,N/A,Paid,0.0
LOAN002011,CUST00015,1389686,business loan,19.83,120,CHARGED OFF,0.0
LOAN010466,CUST04084,188065,personal loan,14.5,24,CLOSED,0.0
LOAN006350,CUST00247, ,Business Loan, ,180,Active,0.0
LOAN005709,CUST03847,166752,Personal Loan,12.64,84,ongoing,0.29
LOAN000785,CUST05436,348797,PERSONAL LOAN,12.87,240,ACTIVE,0.0
LOAN003402,CUST01025,584694,car loan,10.16,36,active,0.0
LOAN010302,CUST04084,118586,PL,13.77,60,ACTIVE,0.0
LOAN003424,CUST00247,164416,PL,14.03,120,CLOSED,0.0
LOAN008325,CUST01901,889099,Biz Loan,11.84,48,Active,0.0
LOAN005024,CUST03571,1306923,Vehicle Loan,10.16,120,Open,0.0
LOAN001530,CUST00247,2462018,Mortgage,9.92,24,Closed,0.01
LOAN000940,CUST02933,Unknown,personal loan,13.02,24,Ongoing,0.0
LOAN011084,CUST03562,159066,personal loan,13.69,60,ongoing,2.5
LOAN001748,CUST03654,NULL,Vehicle Loan,11.53,36,Bad Debt,0.93
LOAN003680,CUST01281,247629,personal loan,13.98,36,Closed,N/A
LOAN008266,CUST02933,1405139,CAR LOAN,10.78,,Paid Off,0.01
LOAN002467,CUST04270,396657,PERSONAL LOAN,14.09,12,ongoing,0.0
LOAN000907,CUST02933,302936,Personal Loan,13.33,24,ONGOING,0.0
LOAN009783,CUST03189,1492394,business loan,11.64,120,ONGOING,0.0
LOAN009358,CUST00843,1069917,CAR LOAN,9.46,180,Current,0.0
LOAN007601,CUST05624,3047224,home loan,9.14,12,Fully Paid,0.99
LOAN008800,CUST05823,323987,Education Loan,10.14,36,Paid,0.0
LOAN011064,CUST02950,4297965,HOME LOAN,7.95,36,Closed,0.01
LOAN008598,CUST01695,1275946,Car Loan,10.86,60,Defaulted,0.99
LOAN004823,CUST04084,400125,Education Loan,10.13,120,ONGOING,0.0
LOAN004646,CUST01281,1410476,business loan,13.18,84,ONGOING,0.0
LOAN009193,CUST03280,582046,Biz Loan,13.98,24,ONGOING,0.0
LOAN002820,CUST02933,N/A,HOME LOAN,9.37,24,Default,0.0
LOAN010084,CUST01901,162049,personal loan,12.82,60,Fully Paid,0.0
LOAN002624,CUST05823,412089,Personal Loan,13.51,24,Open,0.0
LOAN005664,CUST05328,"293,844",Vehicle Loan,NULL,48,Active,0.0
LOAN008477,CUST00015,2015358,Home Loan,17.25,48,paid,0.01
LOAN011563,CUST04628,184283,PERSONAL LOAN,12.93,60,Paid,0.0
LOAN011474,CUST05282,400192,PERSONAL LOAN,12.44,24,default,0.99
LOAN007608,CUST00552,1282840,Car Loan,10.67,240,Paid,0.0
LOAN010776,CUST03562,1840342,BUSINESS LOAN,13.09,60,ONGOING,0.0
LOAN006973,CUST05328,308882,nan,12.89,12,PAID,NULL
LOAN005430,CUST04868,2209800,Biz Loan,13.8,60,Paid Off,0.99
LOAN008649,CUST05347,2659515,SME Loan,13.21,24,PAID,0.01
LOAN005501,CUST00015,2046030,Housing Loan,15.82,36,PAID,0.01
LOAN006506,CUST00709,133429,Personal,12.5,180,ONGOING,0.0
LOAN010602,CUST01025,1301868,N/A,11.43,60,ongoing,0.0
LOAN005827,CUST00587,561752,car loan,10.52,12,Ongoing,0.01
LOAN003455,CUST05823,4381101,Home Loan,10.42,240,CHARGED OFF,0.0
LOAN002842,CUST03222,4113957,HOME LOAN,9.21,12,PAID,0.04
LOAN000854,CUST01140,1702820,Biz Loan,11.31,84,Current,0.0
LOAN010615,CUST02950,725252,car loan,9.46,12,CLOSED,0.01
LOAN008441,CUST01779,1157988,Auto Loan,10.89,120,Current,0.42
LOAN011459,CUST01025,256316,personal loan,12.58,12,ACTIVE,0.0
LOAN010741,CUST00552,597931,Business Loan,12.8,12,Paid,0.01
LOAN010146,CUST03189,3106646, ,7.6,48,ongoing,0.01
LOAN001795,CUST01440,288923,EDUCATION LOAN,9.29,,ACTIVE,0.45
LOAN000274,CUST01025,2522574,home loan,8.49,240,ONGOING,0.0
LOAN003026,CUST00587,3008556,Housing Loan,9.69,120,Active,0.0
LOAN004424,CUST03677,3231580,Housing Loan,8.88,36,CLOSED,0.01
LOAN011761,CUST01281,2786251,Home Loan,9.83,240,active,0.0
LOAN007643,CUST00552,3937231,Mortgage,9.79,180,ONGOING,0.0
LOAN005736,CUST05328,358510,PERSONAL LOAN,12.88,48,paid,0.0
LOAN011498,CUST00843,Unknown,Auto Loan,9.95,24,Closed,0.0
LOAN003740,CUST01281,694539,EDUCATION LOAN,10.69,24,Fully Paid,0.0
LOAN007620,CUST04827,2249221,SME Loan,13.06,36,Open,0.01
LOAN007390,CUST05069,3868250,Mortgage,7.95,12,Ongoing,0.04
LOAN002229,CUST00587,465334,Personal,14.59,240,Paid,0.0
LOAN005774,CUST00247,567179,car loan,,60,Open,0.0
LOAN005426,CUST02643,4258074,Housing Loan,9.59,240,Current,0.0
LOAN003342,CUST00763,670513,Biz Loan,12.56,120,CHARGED OFF,0.45
LOAN003766,CUST05436,691092,Car Loan,9.6,12,Unknown,0.01
LOAN004291,CUST05823,999999999,PERSONAL LOAN,14.05,84,Open, 
LOAN000297,CUST03677,"₹152,540",EDUCATION LOAN,9.98,180,PAID,0.0
LOAN005021,CUST01025,916858,BUSINESS LOAN,12.85,36,ONGOING,0.0
LOAN003947,CUST04084,228539,Personal Loan,14.92,180,ONGOING,0.0
LOAN011247,CUST00247,4452795,Home Loan,8.78,84,ACTIVE,
LOAN002897,CUST00866,,Auto Loan,11.56,12,Defaulted,0.99
LOAN009759,CUST00587,977645,Vehicle Loan,11.38,48,Active,99
LOAN007879,CUST02591,"₹419,793",Vehicle Loan,8.74,60,paid,0.6
LOAN010198,CUST01025,79467,personal loan,12.32,12,ONGOING,0.0
LOAN006494,CUST03562,707619,car loan,11.54,240,ACTIVE,0.0
LOAN009795,CUST03839,"₹4,169,712",Home Loan,7.66,180,Paid Off,0.0
LOAN010839,CUST00552,390100,Edu Loan,9.0,36,Active,0.0
LOAN005715,CUST02648,823598,Vehicle Loan,8.9,24,CHARGED OFF,0.99
LOAN007159,CUST04270,153374,nan,14.55,24,CLOSED,0.0
LOAN002654,CUST05707,776247,Student Loan,11.15,36,active,0.0
LOAN000750,CUST03571,406156,PL,13.61,24,active,nan
LOAN008987,CUST03562,267729,Personal,14.81,48,active,0.0
LOAN002690,CUST01500,209082,Personal,11.21,60,Current,0.0
LOAN008069,CUST03222, ,Home Loan,9.02,24,Ongoing,0.02
LOAN004508,CUST05069,4785304,HOME LOAN,8.1,24,Paid,0.02
LOAN000538,CUST00843,340849, ,12.84,120,Fully Paid,0.0
LOAN000322,CUST03562,4363982,Home Loan,11.11,12,Open,0.04
LOAN009221,CUST03705,2639239,Biz Loan,11.91,48, ,0.99
LOAN003244,CUST03562,297001,PERSONAL LOAN,14.99,48,Paid,0.0
LOAN005976,CUST03824,1903377,Housing Loan,10.56,120,ACTIVE,0.0
LOAN011664,CUST04827,638935,Vehicle Loan,11.04,60,Open,0.0
LOAN011422,CUST03222,"₹2,531,825",SME Loan,12.5,36,Paid Off,0.01
LOAN008209,CUST05328,848937,home loan,8.89,0,Fully Paid,0.0
LOAN010745,CUST04599,293402,Edu Loan,8.33,120,Active, 
LOAN010039,CUST03280,425237,PERSONAL LOAN,13.43,84,Paid,0.0
LOAN010396,CUST00090,1067168,Auto Loan,11.3,24,Active,0.01
LOAN004292,CUST03571,1060948,Vehicle Loan,11.41,180,Paid Off,0.0
LOAN000477,CUST03839,128254,PERSONAL LOAN,13.12,48,Paid,0.0
LOAN004406,CUST04599,256705,PL,11.42,36,ongoing,0.0
LOAN011720,CUST03839,212773,Student Loan,8.66,180,Open,0.0
LOAN000823,CUST03571,1236968,car loan,,240,Paid,0.0
LOAN006336,CUST04827,829643,Home Loan,9.44,60,ACTIVE,0.0
LOAN007405,CUST04395,150526,Personal Loan,12.09,180,Unknown,0.04
LOAN003792,CUST02933,2239266,Housing Loan,8.47,NULL,,0.0
LOAN002590,#N/A,2316352,HOME LOAN,7.97,180,CLOSED,0.0
LOAN004040,CUST00090,1912856,home loan,9.26,24,ONGOING,0.01
LOAN003846,CUST02933,3864534,HOME LOAN,NULL,24,Fully Paid,NULL
LOAN000051,CUST03562,1294050,Unknown,13.58,48,ACTIVE,0.0
LOAN011242,CUST04084,807056,home loan,9.26,84,Current,0.0
LOAN010347,CUST03824,496014,car loan,10.58,180,Fully Paid, 
LOAN008543,CUST05735,343976,Personal Loan,12.98,48,active,0.0
LOAN011408,CUST00090,1723347,Housing Loan,10.09,36,PAID,
LOAN004001,CUST02998,534452,Student Loan,,84,default,0.86
LOAN010747,CUST01500,572774,Car Loan,9.17,180,CLOSED,0.0
LOAN008252,CUST03189,1665538,Business Loan,Unknown,120,paid,0.0
LOAN009449,CUST02314,703902,Student Loan,-5,24,default,NULL
LOAN007544,CUST05328,"1,126,481",Mortgage,8.38,36,active,0.0
LOAN004386,CUST00552,1030293,car loan,10.69,48,Fully Paid,0.0
LOAN005656,CUST03280,3038307,Mortgage,8.82,12,Open,0.03
LOAN003864,CUST01140,217320,personal loan,12.31,60,Closed,0.0
LOAN006603,CUST03677,642107,car loan,9.9,180,NULL,0.0
LOAN011150,CUST04599,228311,Student Loan,9.05,240,ONGOING,0.0
LOAN004782,,261052,Personal Loan,N/A,60,Current,0.65
LOAN000178,CUST01901,1631310,home loan,Unknown,180,active,0.0
LOAN004936,CUST05735,1248435,Auto Loan,9.22,84,ongoing, 
LOAN000217,CUST00673,2676692,HOME LOAN,9.72,60,CLOSED,N/A
LOAN010074,CUST03677,1928098,BUSINESS LOAN,11.27,240,Ongoing,0.0
LOAN008707,CUST05069,386924,Car Loan,9.74,48,Fully Paid,0.0
LOAN006347,CUST04289,1428029,Vehicle Loan,10.29,36,CHARGED OFF,0.99
LOAN005720,CUST02933,481207,Personal,12.37,120,ongoing,0.0
LOAN000041,CUST04346,553172,Education Loan,9.83,36,CLOSED,0.99
LOAN005463,CUST04084,194084,Personal,15.26,180,Paid,0.0
LOAN007786,CUST04628,4246981,home loan,-5,24,Open,-0.5
LOAN010903,CUST01140,205094,PL,11.79,60,Active,0.0
LOAN009179,CUST02933,1264831,CAR LOAN,9.77,48,CLOSED,0.0
LOAN005260,CUST01901,463296,PL,11.8,60,Current,0.0
LOAN008994,#N/A,629322,Edu Loan,10.35,84,PAID,N/A
LOAN007429,CUST05701,863395,Car Loan,9.42,120,Closed,0.9
LOAN004471,nan,370154,BUSINESS LOAN,12.13,180,Ongoing,0.0
LOAN011667,CUST03839,4908154,Mortgage,7.79,36,PAID,2.5
LOAN008973,CUST01901,333986,business loan,11.53,180,ACTIVE,0.0
LOAN008706,CUST05328,641015,education loan,9.27,48,paid,0.0
LOAN009500,CUST00843,965947,Auto Loan,9.83,120,CLOSED,0.0
LOAN011545,CUST03824,190921,Personal Loan,14.34,84,paid,0.0
LOAN005557,CUST05328,NULL,Edu Loan,9.58,240,Ongoing,0.0
LOAN003279,CUST00843,611261,car loan,8.64,48,active,0.0
LOAN000828,CUST00709,798327,car loan,10.29,36,Current,0.0
LOAN010886,CUST05436,468585,Personal Loan,12.05,120,ongoing,0.0
LOAN006709,CUST01659,193025,Personal,12.7,36,ACTIVE,2.5
LOAN007063,CUST00709,1489010,Home Loan,9.65,84,Ongoing,0.0
LOAN001757,CUST05347,3540475,home loan,10.27,48,Open,0.01
LOAN005509,CUST05823,1562291,Mortgage,9.91,180,Ongoing,0.0
LOAN006844,CUST01025,948365,Car Loan,10.68,24,Ongoing,0.0
LOAN011637,CUST05347,2630212,Home Loan,10.27,48,Current,0.01
LOAN005240,CUST01140,620127,Vehicle Loan,8.94,120,Ongoing,0.0
LOAN004391,CUST02173,1207865,HOME LOAN, ,12,Active,0.01
LOAN004679,CUST02933,261725,PL,13.65,240,ACTIVE,0.0
LOAN010919,CUST00034,"₹57,198",PL,13.66,60,Ongoing,0.17
LOAN009217,CUST03824,#N/A,Personal,13.71,120,Default,0.0
LOAN004274,CUST05347,306478,Personal,14.35,180,ongoing,0.0
LOAN011207,CUST05069,124848,personal loan,11.29,240,Closed,0.0
LOAN003178,CUST03824,4540699,home loan,10.33,48,PAID,0.01
LOAN004536,CUST02933,"₹522,844",Student Loan,10.24,120,Current,0.0
LOAN011017,CUST03189,1873930,Business Loan,11.85,120,Ongoing,0.0
LOAN010037,CUST00709,458015,CAR LOAN,11.21,60,ongoing,0.0
LOAN005249,CUST00282,4793303,HOME LOAN,9.54,48,CHARGED OFF,0.99
LOAN008497,CUST03562,152119,PERSONAL LOAN,15.31,120,ACTIVE,0.0
LOAN009446,CUST05347,"235,872",education loan,10.85,60,ongoing,0.0
LOAN006121,CUST02835,457123,personal loan,14.25,48,CHARGED OFF,0.84
LOAN009473,CUST03189,342904,Personal,13.26,24,CLOSED,0.0
LOAN003083,CUST02747,4223803,Mortgage,9.16,240,Charged Off,0.99
LOAN011785,CUST02643,725543,Edu Loan,8.95,36,Paid,0.0
LOAN011284,CUST03824,1468112,CAR LOAN,10.4,12,PAID,0.01
LOAN005638,CUST03461,,Home Loan,8.55,24,Charged Off,0.99
LOAN011372,CUST05328,2039691,home loan,8.49,84,Paid Off,0.0
LOAN005504,CUST04084,134981,education loan,11.26,12,ACTIVE,0.0
LOAN004041,CUST01901,2859718,Biz Loan, ,240,Ongoing,0.0
LOAN008815,CUST04599,830075,CAR LOAN,9.85,12,Current,0.01
LOAN000071,CUST02164,NULL,Home Loan,10.51,48,Unknown,nan
LOAN000962,CUST04628,251309,Education Loan,9.52,60,active,0.0
LOAN009289,CUST00552,1218312,Car Loan,10.36,60,#N/A,0.0
LOAN006805,CUST00587,55931,personal loan,14.37,120,PAID,0.0
LOAN006647,CUST01772,2126768,business loan,13.1,180,paid,0.54
LOAN009474,nan,1442438,Auto Loan,10.27,36,Fully Paid,0.99
LOAN009326,CUST03571,4365667,Home Loan,10.18,120,Active,0.0
LOAN000062,CUST00552,2824777,home loan,8.24,12,ONGOING,0.03
LOAN010274,CUST00058,N/A,education loan,9.15,120,ACTIVE,0.18
LOAN004699,CUST05347,4938829,Housing Loan,9.97,36,Closed,-0.5
LOAN006827,CUST03279,2504380,HOME LOAN,8.84,48,CLOSED,0.99
LOAN003584,CUST03189,1145113,Biz Loan,11.79,48,Current,0.0
LOAN000032,CUST04599,1914232,Home Loan,7.46,84,Active,0.0
LOAN002245,CUST03964,#N/A,Biz Loan,12.41,180,Default,0.99
LOAN011779,CUST02950,1135358,CAR LOAN,10.61,48,Closed,0.0
LOAN004973,CUST00205,1830410,SME Loan,10.82,84,Default,N/A
LOAN009847,CUST05347,2618037,Business Loan,13.01,60,Fully Paid,0.01
LOAN000435,CUST00587,598330,Car Loan,11.75,180,Fully Paid,0.0
LOAN004871,CUST04270,952094,Vehicle Loan,11.02,180,active,0.0
LOAN004481,CUST00709,"₹175,218",personal loan,13.66,120,ongoing,0.0
LOAN000885,CUST00587,"₹2,930,315",Business Loan,12.97,24,Paid Off,0.01
LOAN000877,CUST00709,1443465,Housing Loan,9.6,84,ongoing,0.0
LOAN003747,CUST02950,287362,PL,13.67,36,PAID,0.0
LOAN008968,CUST04964,4855935,N/A,10.35,36,Defaulted,0.99
LOAN011391,CUST01500,449298,PL,11.27,84,#N/A,0.0
LOAN002226,CUST03677,162924,PERSONAL LOAN,12.27,12,ONGOING,0.0
LOAN011965,CUST00484,952378,Biz Loan,13.1,180,ONGOING,0.25
LOAN003999,CUST02910,3638664,Housing Loan,9.09,180,Closed,0.81
LOAN009997,CUST05347,4113705,Home Loan,9.73,N/A,Fully Paid,0.04
LOAN009242,CUST05735,439124,Personal Loan,13.68,36,nan,0.0
LOAN003228,CUST02950,Unknown,personal loan,13.85,240,#N/A,0.0
LOAN007167,CUST05707,241579,Personal Loan,14.66,240,ongoing,0.0
LOAN008009,#N/A,493929,Biz Loan,12.02,84,DEFAULT,0.58
LOAN000361,CUST05347,"364,443",personal loan,15.17,240,Active,0.0
LOAN001318,CUST00843,₹0,personal loan,13.16,120,paid,0.0
LOAN005494,CUST04084,"332,958",#N/A,15.16,60,Current,0.0
LOAN001468,CUST04599,671723,N/A,10.83,24,ACTIVE,0.0
LOAN000554,CUST00090,72147,personal loan,14.03,84,Ongoing,0.0
LOAN001950,CUST04084,1282408,Mortgage,8.94,12,NULL,0.01
LOAN010959,CUST05436,400146,education loan,9.37,24,PAID,0.0
LOAN004142,CUST00552,1089312,Car Loan,10.89,36,ACTIVE,0.0
LOAN000351,CUST05069,459638,N/A,12.1,24,active,0.0
LOAN003873,CUST01025,489104,Personal Loan,120,84,CLOSED,0.0
LOAN000404,CUST02933,999999999,Education Loan,10.36,84,Paid Off,0.0
LOAN000044,CUST01140,531105,Education Loan,8.8,240,Open,0.0
LOAN005041,CUST02173,1270431,CAR LOAN,10.79,N/A,Open,0.01
LOAN006953,CUST00247,,Personal Loan,,NULL,Paid Off,0.0
LOAN011300,CUST01025,1315913,BUSINESS LOAN,11.77,24,Open,0.01
LOAN008593,CUST05707,285954,Auto Loan,10.96,180,ongoing,0.0
LOAN004760,CUST05069,1072816,car loan,N/A,12,Open,0.01
LOAN008373,CUST01901,2879302,Home Loan,8.12,120,,0.0
LOAN011413,CUST00243,370744,PERSONAL LOAN,13.1,24,Closed,0.99
LOAN005849,CUST05069,657969,Vehicle Loan,9.47,48,Paid Off,0.0
LOAN009280,CUST05328,719325,Home Loan,9.33,120,Active,0.0
LOAN005890,CUST03839,308221,EDUCATION LOAN,10.36,36,Paid,0.0
LOAN000620,CUST03571,179329,Personal,14.56,12,active,0.0
LOAN010750,CUST00843,2358922,Housing Loan,8.75,84,PAID,0.0
LOAN006193,CUST05823,102950,Personal,15.3,120,CLOSED,0.0
LOAN007252,CUST05226,159413,Personal Loan,12.98,180,Closed,0.22
LOAN007054,CUST01500,"941,754",Biz Loan,11.84,24,Closed,0.0
LOAN008715,CUST01281,292691,personal loan,14.22,12,paid,0.0
LOAN002663,CUST01500,3413257,home loan,7.92,36,paid,0.01
LOAN003951,CUST04628,2968147,HOME LOAN,10.01,84,Paid Off,0.0
LOAN009860,CUST03189,206769,PL,12.47,N/A,Paid Off,0.0
LOAN008982,CUST05328,199697,Personal,12.94,240,Current, 
LOAN005154,CUST00552,59122,Personal,14.01,12,Ongoing,0.0
LOAN011740,CUST03189,1687314,HOME LOAN,7.66,48,PAID,0.0
LOAN005581,CUST05328,631389,BUSINESS LOAN,11.84,240,N/A,0.0
LOAN001653,CUST00090,1499488,Car Loan,9.86,84,Ongoing,0.0
LOAN003521,CUST03571,1258504,Car Loan,10.77,120,active,0.0
LOAN005190,CUST02643,332782,BUSINESS LOAN,11.8,48,Closed,0.0
LOAN006240,CUST04628,405944,personal loan,0,Unknown,active,0.0
LOAN004069,CUST05347,2377141,BUSINESS LOAN,14.04,120,DEFAULT,0.0
LOAN008821,Unknown,2718291,HOME LOAN,10.01,36,Bad Debt,0.99
LOAN010782,CUST04599,"₹-1,000",Unknown,9.6,24,CLOSED,0.01
LOAN011999,CUST00247,272260,personal loan,14.35,24,CLOSED,0.0
LOAN000638,CUST05823,250752,Vehicle Loan,11.33,240,#N/A,0.0
LOAN003144,CUST00307,381754,Car Loan,11.58,180,default,0.37
LOAN004918,CUST05328,1330144,CAR LOAN,10.95,180,ACTIVE,0.0
LOAN000586,CUST00015,419453,personal loan,21.12,nan,Bad Debt,0.0
LOAN007573,CUST05069,140775,Personal,11.77,24,ongoing,0.0
LOAN009269,CUST00090,509555,Car Loan,N/A,NULL,Ongoing,0.0
LOAN001165,CUST02933,1828660,Home Loan,9.57,60,active,0.0
LOAN010101,CUST00709,310997,PL,12.78,240,Active,-0.5
LOAN002440,CUST03824,4768573,Unknown,10.44,180,paid,0.0
LOAN003193,CUST04599,696640,HOME LOAN,7.25,12,Current,0.01
LOAN006761,CUST03571,489363,#N/A,13.91,120,Current,0.0
LOAN011775,CUST00546,395958, ,14.39,36,Bad Debt,0.9
LOAN011967,CUST05069,420240,PERSONAL LOAN,11.49,36,active,0.0
LOAN006447,CUST05347,4302029,Home Loan,9.07,60,Fully Paid,0.01
LOAN011964,CUST02882,567092,Business Loan,9.58,60,Default,0.78
LOAN001257,CUST04270,1844292,Biz Loan,12.22,120,Bad Debt,0.0
LOAN010136,CUST03222,751621,Education Loan,10.17,12,Closed,0.01
LOAN011960,CUST01281,1197787,Mortgage,9.17,60,CLOSED,0.0
LOAN001560,CUST00843,NULL,N/A,11.63,60,active,0.0
LOAN000791,CUST03189,Unknown,HOME LOAN,8.33,48,active,0.0
LOAN011570,CUST02295,2019003,Housing Loan,7.01,36,default,0.99
LOAN011830,CUST02845,309814,Personal Loan,13.47,N/A,active,0.63
LOAN005945,CUST01281,3288386,HOME LOAN,10.04,180,Unknown,0.0
LOAN003012,CUST04599,1883508,SME Loan,11.15,120,ACTIVE,0.0
LOAN011819,CUST03824,4165927,Housing Loan,9.39,120,paid,0.0
LOAN011919,CUST05347,0,Personal,13.47,60,Active,nan
LOAN006621,CUST01901,295882,personal loan,11.98,,Current,0.0
LOAN011323,CUST05823,318433,PL,15.11,240,CLOSED,0.0
LOAN000589,CUST05328,624220,Car Loan,11.65,84,PAID,0.0
LOAN010985,CUST02933,1128560,Car Loan,10.28,180,Active,0.0
LOAN001949,CUST00552,227493,Vehicle Loan,9.76,180,ongoing,0.0
LOAN006614,CUST03571,3192856,home loan,9.37,180,Defaulted,0.0
LOAN010368,CUST05328,1120775,Auto Loan,10.24,48,#N/A,0.0
LOAN011209,CUST05823,239604,Student Loan,11.11,Unknown,ongoing,0.0
LOAN007101,CUST04599,918326,Car Loan,10.21,84,Ongoing,0.0
LOAN004991,CUST05328,1471180,Auto Loan,11.47,60,Ongoing,0.0
LOAN005174,CUST02933,453998,Personal Loan,13.5,84,N/A,0.0
LOAN000075,CUST02643,930743,CAR LOAN,10.84,N/A,paid,0.0
LOAN006292,CUST00247,650848,business loan,12.62,12,Paid Off,0.01
LOAN009344,CUST02933,2059580,nan,11.42,120,Ongoing,Unknown
LOAN000891,CUST02933,2066339,Business Loan,12.59,240,Open,0.0
LOAN001711,CUST01500,4403654,Mortgage,7.08,240,Open,0.0
LOAN010353,CUST03280,4656278,Mortgage,9.6,84,Open,0.01
LOAN011898,CUST03824,455091,Personal,14.6,84,CHARGED OFF,0.0
LOAN009616,CUST03677,100638,Personal Loan,13.32,12,ongoing,0.0
LOAN005365,CUST05735,94062,PL,13.3,Unknown,Ongoing,0.0
LOAN008981,CUST03824,865792,CAR LOAN,11.43,120,ACTIVE,0.0
LOAN004160,CUST00709,3953628,home loan,8.98,240,Active,0.0
LOAN002738,CUST03280,116910,EDUCATION LOAN,9.75,120,Ongoing,0.0
LOAN008662,CUST00552,3963656,home loan,120,48,ONGOING,0.01
LOAN008660,CUST03571,845878,Housing Loan,8.91,60,Open,0.0
LOAN004309,CUST02950,1228899,Car Loan,10.34,180,Current,0.0
LOAN003156,CUST02984,nan,personal loan,12.62,24,CHARGED OFF,0.99
LOAN001498,CUST00552,N/A,Home Loan,7.84,48,Fully Paid,0.01
LOAN010381,CUST00709,"₹685,456",car loan,10.52,48,ongoing,0.0
LOAN001483,CUST05347,1287965,BUSINESS LOAN,13.64,60,ACTIVE,0.0
LOAN005890,CUST03839,308221,EDUCATION LOAN,10.36,36,Paid,0.0
LOAN005084,CUST00587,331345,Personal Loan,14.69,36,CLOSED,0.0
LOAN009368,CUST01140,1209253,BUSINESS LOAN,11.5,60,ongoing,0.0
LOAN001432,CUST00843,366429,CAR LOAN,8.99,180,Fully Paid,0.0
LOAN004528,CUST03222,2498822,business loan,12.67,120,paid,0.0
LOAN002547,CUST03824,425955,Personal Loan,14.36,48,Fully Paid,0.0
LOAN001960,CUST03581,811123,car loan,8.65,180,active,0.34
LOAN001789,CUST05347,2055979,Housing Loan,10.17,120,Current,0.0
LOAN006256,CUST00090,2694760,Housing Loan,9.61,48,CLOSED,
LOAN003702,CUST05735,647460,car loan,9.67,24,Closed,0.0
LOAN008024,CUST05347,1911838,BUSINESS LOAN,12.87,24,active,0.01
LOAN007338,CUST05823,1020369,Car Loan,10.96,12,Open,0.01
LOAN007769,CUST05990,1964815,Mortgage,10.31,240,Bad Debt,0.81
LOAN008864,CUST03562,691866,EDUCATION LOAN,10.73,12,ACTIVE,0.01
LOAN008354,CUST00552,298935,Car Loan,10.04,48,ongoing,0.0
LOAN002542,CUST03824,811424,Business Loan,13.85,240,Open,nan
LOAN000252,CUST03189,4186084,home loan,7.98,48,CLOSED,0.01
LOAN004164,CUST04084,485892,PERSONAL LOAN,13.34,48,default,0.0
LOAN001262,CUST00090,761313,Vehicle Loan,11.5,120,Ongoing,0.0
LOAN008953,CUST00247,653808,Vehicle Loan,11.11,24,Ongoing,0.0
LOAN004005,CUST04827,460479,CAR LOAN,10.35,48,Active,99
LOAN001022,CUST02933,1128194,Vehicle Loan,10.85,36,Current,0.0
LOAN008651,CUST05347,"₹87,827",PERSONAL LOAN,14.73,-12,Active,0.0
LOAN007384,CUST05328,152007,personal loan,13.76,180,CLOSED,0.0
LOAN009921,CUST05069,97525,PERSONAL LOAN,12.22,NULL,Current,0.0
LOAN006788,CUST00090,1346797,business loan,12.15,36,ongoing,0.0
LOAN007014,CUST04628,212739,PERSONAL LOAN,12.98,24,CLOSED,0.0
LOAN008718,CUST02950,1172078,CAR LOAN,10.74,48,Closed,0.0
LOAN011127,CUST03571,1425919,Vehicle Loan,11.15,24,Closed,0.01
LOAN005761,CUST05707,92516,PL,14.81,180,ACTIVE,2.5
LOAN008752,CUST03824,1101324,Vehicle Loan, ,60, ,0.0
LOAN005931,CUST04827,191590,education loan,10.23,12,Paid,0.0
LOAN001316,CUST05328,105457,PERSONAL LOAN,13.27,120,Fully Paid,0.0
LOAN002248,CUST01901,NULL,PL,13.39,84,active,0.0
LOAN005731,CUST02950,206219,car loan,10.51,60,CLOSED,0.0
LOAN000282,CUST04084,4087291,Housing Loan,9.46,60,Ongoing,0.01
LOAN006693,CUST00552,3959423,Housing Loan,9.81,84,Ongoing,0.01
LOAN000670,CUST02950,553935,Car Loan,9.24,84,#N/A,0.0
LOAN005979,CUST00015,629515,Biz Loan,N/A,48,DEFAULT,0.0
LOAN001052,CUST03562,304978,PERSONAL LOAN,13.7,nan,CLOSED,0.0
LOAN008259,CUST01901,290699,PERSONAL LOAN,11.63,60,ongoing,0.0
LOAN005232,CUST00709,302362,EDUCATION LOAN,9.9,48,Fully Paid,0.0
LOAN007336,CUST03222,964103,CAR LOAN,9.86,24,active,#N/A
LOAN011907,CUST04827,1818147,Business Loan,12.43,24,Paid,0.01
LOAN000156,CUST02697,3784562,Mortgage,nan,24,Unknown,0.99
LOAN006226,CUST05707,1457042,car loan,12.18,84,ACTIVE,0.0
LOAN009211,CUST04599,3682846,Mortgage,7.44,36,ONGOING,N/A
LOAN004103,CUST05707,1109218,Auto Loan,12.21,36,Active,0.0
LOAN010995,CUST02173,528861,Edu Loan,10.65,N/A,PAID,0.0
LOAN005466,CUST05735,139139,PERSONAL LOAN,11.94,36,Ongoing,0.0
LOAN001349,CUST00843,834168,CAR LOAN,9.93,36,#N/A,0.0
LOAN004403,CUST04628,150409,personal loan,13.1,240,Paid,0.0
LOAN003159,CUST03222,100163,Personal Loan,14.34, ,CLOSED,0.0
LOAN011163,CUST03571,"655,128",Biz Loan,13.61,60,CLOSED,0.0
LOAN001805,CUST04827,2238311,HOME LOAN,9.43,180,Fully Paid,Unknown
LOAN003454,CUST03677,346299,Personal,12.5,120,Open,0.0
LOAN011941,CUST02950,443273,Business Loan,11.98,12,Fully Paid,0.0
LOAN001319,CUST02173,485128,Personal,13.21,12,ongoing,0.0
LOAN002471,CUST03571,516614,Student Loan,9.39,,ACTIVE,0.0
LOAN002721,CUST01500,522893,SME Loan,11.84,120,paid,0.0
LOAN007529,CUST05328,920685,car loan,11.15,180,Paid,0.0
LOAN008161,CUST03222,3654207,Mortgage,8.81,180,ONGOING,0.0
LOAN009523,CUST00587,528890,SME Loan,12.96,240,Ongoing,0.0
LOAN011704,CUST01081,889336,Auto Loan,9.7,12,N/A,0.99
LOAN007695,CUST04270,163689,PERSONAL LOAN,13.36,24,Ongoing,0.0
LOAN001944,CUST03571,NULL,Home Loan,8.39,240,active,0.0
LOAN001418,CUST04628,88341,Personal Loan,14.37,24,Active,0.0
LOAN008512,CUST02633,1564600,Home Loan,9.21,36,Unknown,0.99
LOAN003906,CUST02479,Unknown,education loan,9.76,180,ongoing,0.12
LOAN009594,CUST03124,310852,Personal Loan,14.7,12,Closed,0.99
LOAN010426,CUST03562,407747,Car Loan,11.46,120,Closed,0.0
LOAN008031,CUST00051,660847,Car Loan,#N/A,12,PAID,0.99
LOAN009414,CUST00090,4936507,home loan,8.91,180,Current,0.0
LOAN008786,CUST00015,"₹3,881,766",Mortgage, ,60,Paid Off,0.01
LOAN009581,CUST02339,1543315,Home Loan,9.32,12,Ongoing,0.99
LOAN004590,CUST02950,88766,Personal Loan,12.49,240,CLOSED,0.0
LOAN011486,CUST01500,4934526,Unknown,8.23,84,ONGOING,0.01
LOAN003974,CUST04599,#N/A,Vehicle Loan,8.66,180,ACTIVE,0.0
LOAN001077,CUST03677,403668,personal loan,12.86,60,ACTIVE,0.0
LOAN008109,CUST05707,1356242,Vehicle Loan, ,180,paid,0.0
LOAN006776,CUST02643,1097112,car loan,11.09,36,ACTIVE,0.0
LOAN000544,CUST04270,756109,Education Loan,10.2,48,ongoing,0.0
LOAN008613,CUST02950,653239,Edu Loan,8.65,60,PAID,0.0
LOAN010700,CUST05966,"147,294",Student Loan,NULL,36,Charged Off,0.94
LOAN006227,CUST04599,0,Personal Loan,12.92,nan,Paid Off,0.0
LOAN008507,CUST00247,488796,personal loan,13.39,12,Active,0.0
LOAN009947,CUST05823,"₹1,448,532",HOME LOAN,10.08,84,Closed,0.0
LOAN001801,CUST04628,1440314,CAR LOAN,10.68,180,active,0.0
LOAN010824,CUST01514,838224,Vehicle Loan,9.91,180,ongoing,0.24
LOAN003776,CUST00015,415881,PERSONAL LOAN,21.08,48,CLOSED,N/A
LOAN000507,CUST05707,1056140,Car Loan,10.44,240,active,0.0
LOAN005523,CUST00709,679076,Auto Loan,10.48,84,active,0.0
LOAN011461,CUST00552,727117,Auto Loan,10.46,48,active,0.0
LOAN009201,CUST03571,399658,PERSONAL LOAN,13.62,60,#N/A,0.0
LOAN002612,CUST05707,500566,Education Loan,9.95,60,Paid Off,0.0
LOAN007545,CUST05436,866884,Car Loan,9.55,12,Open,0.01
LOAN007577,CUST05823,"₹320,876",Auto Loan,10.64,180,paid,0.0
LOAN002677,CUST00587,237836,Auto Loan,11.44,240,Open,0.0
LOAN003946,CUST05469,2172439,home loan,9.31,24,paid,0.99
LOAN001488,CUST04628,585749,car loan,9.61,12,Current,0.01
LOAN006111,CUST03839,521876,HOME LOAN,9.53,120,Paid Off,0.0
LOAN011350,CUST05823,1053905,N/A,8.99,36,N/A,0.0
LOAN008871,CUST04628,335970,personal loan,13.3,24,CLOSED,0.0
LOAN008226,CUST01901,478041,PERSONAL LOAN,12.32,240,ONGOING,0.0
LOAN002210,CUST01500,323071,education loan,120,84,Closed,0.0
LOAN009596,CUST02933,2913874,Mortgage,9.17,120,Current,0.0
LOAN008076,CUST05620,1487046,Car Loan,11.33,48,Closed,0.99
LOAN011947,CUST01901,1122218,Mortgage,6.93,84, ,0.0
LOAN005791,CUST00015,Unknown,PERSONAL LOAN,20.16,24,Bad Debt,0.0
LOAN007764,CUST03140,604422,Student Loan,8.48,12,Defaulted,0.99
LOAN005558,CUST02839,804079,Vehicle Loan,10.99,36,PAID,0.99
LOAN010380,CUST00587,686374,Biz Loan,12.48,84,paid,0.0
LOAN003660,CUST03280,450037,personal loan,13.79,48,Paid,0.0
LOAN011763,CUST03839,277435,Auto Loan,10.19,120,Open,0.0
LOAN007484,CUST02173,383389,personal loan,12.87,48,Paid Off,0.0
LOAN009877,CUST03571,1755544,nan,9.64,240,ONGOING,0.0
LOAN000908,CUST04270,,Car Loan,10.53,36,Paid Off,0.0
LOAN008947,CUST00015,"₹1,986,046",SME Loan,20.2,12,Charged Off,0.02
LOAN010733,CUST02173,1886974,Housing Loan,9.07,180,Ongoing,nan
LOAN009942,CUST03677,190007,PL,11.7,36,active,0.0
LOAN006093,CUST04270,483128,Car Loan,11.54,180,Active,0.0
LOAN009004,CUST04827,263904,PL,nan,12,ongoing,0.0
LOAN000986,CUST03222,241872,Personal,13.73,84,NULL,0.0
LOAN004409,CUST00015,493168,education loan,17.78,120,Ongoing,0.0
LOAN007518,,265850,car loan,10.51,60,Open,0.0
LOAN009986,CUST04599,76324,Personal Loan,11.63,120,Paid,0.0
LOAN004154,CUST05823,572613,Mortgage,9.18,120,NULL,0.0
LOAN011580,CUST04270,944132,HOME LOAN,8.56,84,Current,0.0
LOAN005844,CUST05817,#N/A,Personal,14.89,24,DEFAULT,0.92
LOAN002909,CUST04827,287728,personal loan,12.92,84,Fully Paid,0.0
LOAN003387,CUST04599,1209326,car loan,9.19,24,Current,N/A
LOAN007801,CUST00247,280001,Vehicle Loan,9.83,12,Ongoing,0.0
LOAN001610,CUST04599,602058,Car Loan,9.7,60,ACTIVE,0.0
LOAN007486,CUST04027,167366,PERSONAL LOAN,nan,240,Closed,0.08
LOAN001575,CUST05464,"₹256,016",Auto Loan,10.65,120,Open,0.32
LOAN005959,CUST00843,3393618,Mortgage,7.24,24,ACTIVE,0.02
LOAN008780,CUST01281,3940988,Home Loan,8.64,120,Paid,0.0
LOAN011194,CUST05347,"₹403,793",PERSONAL LOAN,120,180,Active,0.0
LOAN010183,CUST02304,1048189,Vehicle Loan,11.06,84,paid,0.99
LOAN000027,CUST05328,703138,Biz Loan,12.53,120,Current,0.0
LOAN000888,CUST03562,1503418,SME Loan,12.94,60,DEFAULT,0.0
LOAN008219,CUST02173,560396,Car Loan,10.17,12,Ongoing,0.01
LOAN000359,CUST01500,547991,HOME LOAN,7.91,180,Current,0.0
LOAN005855,CUST03886,"₹66,198",PL,12.31,12,ONGOING,2.5
LOAN001512,CUST04599,122413,personal loan,11.6,180,ACTIVE,0.0
LOAN007241,CUST05069,270495,PERSONAL LOAN,12.38,36,Fully Paid,0.0
LOAN002739,CUST02950,703506,Unknown,9.38,84,Closed,Unknown
LOAN009895,CUST03189,779785,Car Loan,9.78,240,Active,NULL
LOAN001511,CUST00709,1002264,Mortgage,8.66,240,Active,0.0
LOAN009617,CUST04967,4101985,Mortgage,8.4,36,nan,0.99
LOAN005413,CUST02933,303780,Auto Loan,10.5,24,Open,0.0
LOAN010135,CUST05707,"1,063,973",Housing Loan,10.86,48,Closed,0.0
LOAN005743,CUST03966,2006962,BUSINESS LOAN,#N/A,48,Defaulted,0.99
LOAN003782,CUST04827,2583234,Business Loan,13.25,48,ongoing,0.01
LOAN006627,CUST03222,138232,Personal Loan,0,240,Fully Paid,0.0
LOAN006126,CUST05069,1790798,Business Loan,10.63,12,Current,0.02
LOAN009412,CUST00587,646499,Car Loan,11.34,12,CLOSED,
LOAN004007,CUST03824,724731,CAR LOAN,11.94,24,Open,0.0
LOAN005231,CUST00552,498708,Education Loan,8.84,84,Fully Paid,0.0
LOAN011634,CUST04084,,Mortgage,9.7,36,Ongoing,0.01
LOAN009362,CUST03222,1843855,home loan,N/A,48,ACTIVE,0.0
LOAN004864,CUST03189,2199874,Home Loan,8.57,84,Fully Paid,0.0
LOAN007928,CUST03562,349822,education loan,12.03,24,Fully Paid,0.0
LOAN006401,CUST00015,96831,Personal Loan,21.43,36,Default,0.0
LOAN008481,CUST03839,2886849,Mortgage,8.47,12,ongoing,0.03
LOAN006779,CUST05823,4066435,Home Loan,10.65,48,active,0.01
LOAN009372,CUST05823,950543,CAR LOAN,12.14,84,nan,0.0
LOAN001815,CUST04084,nan,Auto Loan,12.04,84,ONGOING,0.0
LOAN003535,CUST03189,459868,Personal,11.61,24,Ongoing,0.0
LOAN003586,CUST05477,1867946,Home Loan,9.03,12,Charged Off,0.99
LOAN009714,CUST00247,142747,Personal,14.07,180,ACTIVE,0.0
LOAN000511,CUST00709,4152144,Housing Loan,8.72,60,ONGOING,0.01
LOAN005385,CUST04698,471933,PERSONAL LOAN,13.85,36,default,0.99
LOAN010796,CUST04245,1830112,HOME LOAN,11.11,240,Charged Off,0.99
LOAN008324,CUST01500,1481226,home loan,6.85, ,Current,0.01
LOAN005852,CUST04599,189655,Personal,12.74,24,PAID,0.0
LOAN011604,CUST05436,1840106,Mortgage,8.95,84,Closed,0.0
LOAN008831,CUST04874,1029748,Vehicle Loan,7.48,48,Default,0.99
LOAN002731,CUST01140,"₹477,040",EDUCATION LOAN,Unknown,24,Active,0.0
LOAN006702,CUST02901,502868,Education Loan,9.29,36,DEFAULT, 
LOAN000097,CUST04599,477749,CAR LOAN,9.86,180,Ongoing,0.0
LOAN002437,CUST00015,1576380,Mortgage,16.67,24,Paid,2.5
LOAN008548,CUST01988,1524841,SME Loan,12.21,120,DEFAULT,
LOAN006748,CUST03562,1905489,SME Loan,14.28,84,Closed,0.0
LOAN002556,CUST03571,403794,Car Loan,9.79,48,Active,0.0
LOAN004985,CUST03571,4405641,Mortgage,9.63,60,Current,0.01
LOAN011617,CUST05436,1339720,business loan,10.77,60,Open,0.0
LOAN007493,CUST01281,108787,EDUCATION LOAN,10.89,240,ongoing,0.0
LOAN000331,CUST04084,699092,EDUCATION LOAN,9.98,84,ongoing,0.0
LOAN010856,CUST05436,2327601,SME Loan,11.86,84,ongoing,0.0
LOAN011468,CUST03718,4233432,Mortgage,9.07,180,CHARGED OFF,0.99
LOAN000524,CUST02933,321777,Personal Loan,12.56,N/A,Fully Paid,0.0
LOAN006995,CUST03839,3317117,HOME LOAN,8.26,36,Open,0.01
LOAN009565,CUST01935,459214,Student Loan,8.61,180,Paid,N/A
LOAN001362,CUST03824,nan,PERSONAL LOAN,15.07,240,Open,0.0
LOAN004986,CUST03824,58552,PERSONAL LOAN,13.69,12,active,0.0
LOAN001983,CUST04599,2756069,Housing Loan,7.95,240,Paid Off,0.0
LOAN001464,CUST00977,449138,Personal,14.61,84,Current,0.59
LOAN010151,CUST04084,701015,Car Loan,12.18,120,ongoing,0.0
LOAN003176,CUST01140,162365,Personal Loan,13.1,60,Closed,0.0
LOAN003322,CUST04599,515506,Car Loan,9.61,12,ONGOING,0.01
LOAN005659,CUST04641,247100,PERSONAL LOAN,12.32,180,active,0.1
LOAN000568,CUST01025,1133540,home loan,8.05,120,Ongoing,0.0
LOAN007853,CUST05707,1148117,Car Loan,11.48,48,ongoing,0.0
LOAN002596,CUST01901,307410,personal loan,12.25,12,Open,0.0
LOAN004869,CUST01500,444729,personal loan,11.85,48,CLOSED,0.0
LOAN007797,CUST01025,1437159,Car Loan,9.7,60,Current,0.0
LOAN010760,CUST03824,2137323,HOME LOAN,10.3,48,Active,0.01
LOAN003826,CUST05823,405344,Edu Loan,10.55,180,Paid Off,0.0
LOAN008568,CUST01500,2966893,home loan,8.23,120,paid,0.0
LOAN002242,CUST02933,277702,PL,13.22,12,Paid Off,0.0
LOAN006182,CUST03571,436561,EDUCATION LOAN,10.04,24,paid,0.0
LOAN005386,CUST05735,138595,PL,N/A,36,Ongoing,0.0
LOAN007624,CUST00587,906741,#N/A,11.62,12,PAID,0.01
LOAN002152,CUST01901,337875,PERSONAL LOAN,12.04,84,Paid Off,0.0
LOAN011611,CUST05069,601816,Education Loan,8.1,180,Unknown,0.0
LOAN008502,CUST04599,712640,Home Loan,8.17,84,ACTIVE,#N/A
LOAN001948,CUST05436,2928721,HOME LOAN, ,36,ACTIVE,0.01
LOAN005912,CUST03562,792611,Car Loan,11.98,84,CLOSED,0.0
LOAN006468,CUST05707,nan,PERSONAL LOAN,14.91,84,,0.0
LOAN007673,CUST00090,363604,personal loan,13.57,180,ACTIVE,0.0
LOAN002223,CUST00015,1101802,BUSINESS LOAN,20.71,180,DEFAULT,0.0
LOAN006248,CUST05347,1224952,Mortgage,9.61,180,ONGOING,0.0
LOAN003356,CUST01025,1291695,N/A,#N/A,60,Ongoing,0.0
LOAN001158,CUST03280,193533,PERSONAL LOAN,14.8,12,ACTIVE,0.0
LOAN002137,CUST05823,429098,PL,14.27,,Bad Debt,0.0
LOAN004106,CUST04827,1433374,Car Loan,11.07,48,paid,0.0
LOAN008588,CUST03824,-1000,Car Loan,10.39,48,ongoing,0.0
LOAN000376,CUST03533,1416258,Car Loan,10.22,180,DEFAULT,0.99
LOAN005766,CUST04752,2240307,Mortgage,10.13,180,Closed,0.99
LOAN010528,CUST02950,3763990,Housing Loan,8.14,12,Current,0.04
LOAN000163,CUST04101,3004002,Home Loan,10.91,120,paid,0.99
LOAN010278,CUST02173,901985,Biz Loan,12.23,48,ongoing,0.0
LOAN009292,CUST05328,496125,Personal,12.94,180,Active,0.0
LOAN011254,CUST05436,Unknown,Personal Loan,13.12,84,Paid,0.0
LOAN011974,CUST05735,nan,Education Loan,9.87,180,Closed,0.0
LOAN002901,CUST03824,873574,Auto Loan,11.84,N/A,Fully Paid,0.0
LOAN004385,CUST03677,3240045,Mortgage,8.55,180,Open,0.0
LOAN003866,CUST04270,358947,Vehicle Loan,9.77,24,Current,0.0
LOAN004437,CUST04599,333594,personal loan,NULL,180,Paid Off,0.0
LOAN008623,CUST00552,308373,personal loan,12.63,84,Open,0.0
LOAN000725,CUST05328,3616326,Mortgage,9.42,24,Active,#N/A
LOAN010012,CUST03562,1558464,Business Loan,14.31,24,Paid,0.01
LOAN010644,CUST05328,596442,education loan,11.2,120,DEFAULT,0.0
LOAN002896,CUST03824,661119,Student Loan,10.23,60,CHARGED OFF,N/A
LOAN003070,CUST01011,Unknown,business loan,11.91,NULL,Closed,0.86
LOAN004720,CUST05277,NULL,HOME LOAN,10.09,12,Charged Off,0.99
LOAN006385,CUST03571,2203152,home loan,9.99,240,ONGOING,0.0
LOAN009926,CUST05436,1259326,Car Loan,9.93,36,ACTIVE,0.0
LOAN004016,CUST02643,1685970,Home Loan,8.67,60,Open,0.0
LOAN000089,CUST05069,3064362,Mortgage,7.12,48,Closed,0.01
LOAN005127,CUST04599,2644641,Biz Loan,11.25,120,Closed,0.0
LOAN003061,CUST00247,160285,PL,14.14,24,Ongoing,0.0
LOAN005397,CUST05823,#N/A,car loan,11.79,84,Ongoing,0.0
LOAN010336,CUST00090,2566728,HOME LOAN,8.86,24,Paid,0.01
LOAN001621,CUST00015,391751,personal loan,21.66,48,DEFAULT,0.0
LOAN008903,CUST02950,158006,personal loan,12.08,180,Paid,0.0
LOAN005412,CUST05069,226929,Personal,120,240,Paid Off,nan
LOAN004278,CUST00015,660088,Mortgage,15.77,NULL,Paid Off,N/A
LOAN011512,CUST02136,1285037,car loan,9.87,120,active,0.55
LOAN007189,CUST05069,999999999,car loan,9.29,120,ONGOING,0.0
LOAN005876,CUST04827,355706,Business Loan,11.42,60,Ongoing,0.0
LOAN010409,CUST04599,NULL,Mortgage,7.02,240,PAID,0.0
LOAN010817,CUST01281,384875,Personal,13.63,12,Paid,0.0
LOAN007044,CUST03222,429907,personal loan,N/A,84,Fully Paid,0.0
LOAN007060,CUST01500,782061,Edu Loan,9.27,60,CLOSED,0.0
LOAN011080,CUST02643,4283725,Home Loan,8.19,12,Fully Paid,0.04
LOAN007667,CUST05707,1221868,Biz Loan,13.6,24,Bad Debt,0.01
LOAN003827,CUST05069,251705,Personal,12.76,N/A,Paid Off,0.0
LOAN008750,CUST00709,1640134,Home Loan,9.18,180,Current,N/A
LOAN000881,CUST05347,999999999,business loan,12.69,240,ongoing,0.0
LOAN007940,CUST04827,297580,PERSONAL LOAN,12.95,84,active,0.0
LOAN010857,CUST02643,440916,Personal Loan,14.2,36,ONGOING,0.0
LOAN001150,CUST05823,199234,PERSONAL LOAN,14.53,84,N/A,-0.5
LOAN008955,CUST03562,576497,car loan,10.78,36,Default,0.0
LOAN004665,CUST04270,301289,PERSONAL LOAN,13.28,12,PAID,0.0
LOAN009182,CUST00090,263109,#N/A,Unknown,84,active,0.0
LOAN001529,CUST05735,822604,CAR LOAN,10.22,24,Active,0.0
LOAN002700,CUST04084,3587877,HOME LOAN,10.56,240,active,0.0
LOAN009763,CUST03562,"₹844,469",Vehicle Loan,10.98,12,default,0.01
LOAN011992,CUST00709,1468443,,8.76,180,paid,
LOAN000996,CUST04599,766215,Auto Loan,8.29,180,CLOSED,0.0
LOAN001657,CUST04599,913762,Auto Loan,9.43,60,Current,N/A
LOAN000305,CUST03824,2982469,Unknown,9.0,48,CLOSED,0.01
LOAN004375,CUST02933,1158609,Housing Loan,9.37,36,Current,0.0
LOAN011472,CUST03824,302369,business loan,12.69,12,Open,0.0
LOAN003019,CUST05735,"3,128,873",Housing Loan,8.25,60,Ongoing,0.01
LOAN011940,CUST03280,1315734,car loan,10.41,24,Current,0.01
LOAN001503,CUST04270,291228,Personal,14.39,60,Paid,0.0
LOAN004131,CUST02933,628194,BUSINESS LOAN,,24,ongoing,0.0
LOAN007239,CUST00709,"740,303",Mortgage,9.37,180,Current,0.0
LOAN005526,CUST05328,288053,Auto Loan,10.57,60,ACTIVE,0.0
LOAN004155,CUST01901,205889,CAR LOAN,8.99,60,CLOSED,0.0
LOAN002067,CUST00090,493882,PL,13.71,36,Ongoing,0.0
LOAN008418,CUST05002,230087,Personal,14.32,48,paid,0.47
LOAN006183,CUST03839,140871,PL,13.46,180,ONGOING,0.0
LOAN007098,CUST05707,456257,Personal Loan,13.58,24,Paid,0.0
LOAN000221,CUST03839,"1,298,230",car loan,10.72,120,Fully Paid,0.0
LOAN002273,CUST05069,151221,PERSONAL LOAN,12.55,240,ongoing,0.0
LOAN006861,CUST03824,189353,education loan,10.25,0,paid,0.0
LOAN005849,CUST05069,657969,Vehicle Loan,9.47,48,Paid Off,0.0
LOAN009883,CUST03571,884215,N/A,12.01,24,Current,0.0
LOAN001615,CUST05436,384874,Personal,12.13,48,PAID,0.0
LOAN008172,CUST05436,2695928,BUSINESS LOAN,11.81,12,PAID,0.03
LOAN008709,CUST02950,197321,PL,12.99,240,CHARGED OFF,0.0
LOAN000140,CUST04084,89675,PERSONAL LOAN,13.41,36,Active,0.0
LOAN009603,CUST05735,310139,Personal Loan,120,24,ongoing,0.0
LOAN009903,CUST04084,377313,Car Loan,11.71,240,Ongoing,N/A
LOAN002662,CUST00587,347092,Personal,14.71,120,Ongoing,0.0
LOAN011838, ,1628332,Housing Loan,75,180,Current,0.0
LOAN005442,CUST03839,3346665,HOME LOAN,8.71,12,ACTIVE,0.03
LOAN004534,CUST03222,588427,Vehicle Loan,10.99,48,ongoing,0.0
LOAN006372,CUST05328,209915,Personal,13.57,84,Current,0.0
LOAN007514,CUST04084,4114321,HOME LOAN,nan,36,Default,0.01
LOAN003642,CUST03839,2132251,Biz Loan,12.33,12,ACTIVE,0.02
LOAN011154,CUST04628,4312078,Home Loan,9.06,240,Current,0.0
LOAN006951,CUST02173,3712134,Mortgage,,240,Paid Off,0.0
LOAN001708,CUST01140,515796,Education Loan,7.82,48,paid,0.0
LOAN001062,CUST05328,"₹1,128,419",Auto Loan,10.66,12,Paid Off,#N/A
LOAN011403,CUST05735,"₹288,329",Personal Loan,12.27,60,Fully Paid,0.0
LOAN006814,CUST05328,933159,Vehicle Loan,10.55,24,Ongoing,0.0
LOAN006352,CUST03280,1416340,Vehicle Loan,11.52,180,ACTIVE,0.0
LOAN008599,CUST05823,130168,Personal Loan,14.48,24,Paid Off,0.0
LOAN007911,CUST03222,1293654,Vehicle Loan,10.67,24,active,0.01
LOAN011399,CUST00090,1439910,Home Loan,9.33,120,Active,0.0
LOAN000199,CUST00587,,HOME LOAN,10.09,120,Closed,Unknown
LOAN006421,CUST00247,"₹290,600",Auto Loan,120,24,Current,0.0
LOAN010518,CUST05597,1540778,SME Loan,13.03,24,CHARGED OFF,0.99
LOAN004162,CUST02173,"91,858",PL,NULL,24,paid,0.0
LOAN007298,CUST04084,359364,CAR LOAN,10.48,180,N/A,0.0
LOAN002228,CUST00587,999999999,PL,14.48,60,Active,0.0
LOAN005163,CUST03189,459518,PL,12.04,120,Current,0.0
LOAN002151,CUST05707,690884,Auto Loan,11.64,12,Closed,NULL
LOAN001115,,4312266,HOME LOAN,8.54,180,active,#N/A
LOAN004051,CUST01140,252300,PERSONAL LOAN,120,120,Active,0.0
LOAN000513,CUST00587,4081707,Mortgage,9.78,84,Current,0.01
LOAN010110,CUST00247,429734,PL,12.73,48,CLOSED,0.0
LOAN010173, ,764534,Auto Loan,11.66,36,Bad Debt,0.0
LOAN006864,CUST03189,2910060,Home Loan,7.19,60,CLOSED,0.01
LOAN002209,CUST01810,2229200,home loan,7.46,48,PAID,0.99
LOAN008357,CUST01649,248832,Auto Loan,10.02,240,paid,0.11
LOAN001424,CUST04270,516956,Education Loan,10.38,36,Closed,0.0
LOAN005059,CUST01500,478661,PERSONAL LOAN,13.13,12,Closed,0.0
LOAN011575,CUST03824,1300972,car loan,nan,180,paid,0.0
LOAN000369,CUST05347,432110,PERSONAL LOAN,14.6,48,Active,0.0
LOAN007483,CUST05735,1366340,Biz Loan,10.91,60,Closed,0.0
LOAN001140,CUST05735,"₹1,407,499",HOME LOAN,8.68,48,#N/A,0.0
LOAN003790,CUST03824,170481,personal loan,14.86,60,Current,0.0
LOAN010566,CUST00621,"1,412,345",Mortgage,11.31,12,CLOSED,0.99
LOAN001066,CUST05707,1383141,HOME LOAN,10.07,36,NULL,0.0
LOAN000437,CUST04628,4910443,Mortgage,8.77,84,ongoing,0.01
LOAN010318,CUST00247,481851,PL,13.37,24,Current,0.0
LOAN007717,CUST02933,309805,PL,13.92,84,ongoing,0.0
LOAN010444,CUST01901,1734687,home loan,7.08,84,ACTIVE,0.0
LOAN004098,CUST03571,2471512,Housing Loan,9.65,-12,CLOSED,0.0
LOAN004545,CUST01140,414074,Personal Loan,11.39,12,,0.0
LOAN009478,CUST04270,3845322,Home Loan,8.75,24,ONGOING,0.02
LOAN011184,CUST00807,756543,BUSINESS LOAN,12.38,24,DEFAULT,0.99
LOAN004366,CUST01903,498931,Education Loan,11.1,12,Charged Off,0.99
LOAN003962,CUST01025,496126,Biz Loan,12.4,24,paid,0.0
LOAN000006,N/A,292312,personal loan,13.0,120,N/A,0.0
LOAN000319,CUST01901,265767,Auto Loan,10.4,36,active,0.0
LOAN011530,CUST03839,347303,personal loan,13.54,60,Paid Off,0.0
LOAN007378,CUST00843,1358464,Car Loan,9.56,120,Bad Debt,0.0
LOAN009951,CUST05735,1919302,Mortgage,7.94,60,Closed,0.0
LOAN008149,CUST05347,266928,car loan,11.33,180,Paid,0.0
LOAN004311,CUST00709,1244546,car loan,10.99,36,active,0.0
LOAN004003,CUST05436,568636,BUSINESS LOAN,11.92,24,Closed,0.0
LOAN000119,CUST00709,"484,514",Personal Loan,13.74,36,Paid,#N/A
LOAN011497,CUST02101,486541,personal loan,12.32,120,Open,0.47
LOAN002520,CUST00562,2148085,SME Loan,13.48,36,Paid Off,0.99
LOAN005291,CUST03562,nan,PERSONAL LOAN,13.7,12,CLOSED,0.0
LOAN004258,CUST04599,1210673,Biz Loan,11.43,60,Ongoing,0.0
LOAN010247,CUST03280,999999999,Home Loan,9.06,48,Open,0.0
LOAN005216,CUST04084,216107,PL,13.94,12,PAID,0.0
LOAN005649,CUST03222,601085,Vehicle Loan,9.84,84,CLOSED,0.0
LOAN004413,CUST00587,225966,PL,14.25,36,Ongoing,0.0
LOAN000743,CUST00709,692164,education loan,9.84,84,Current,0.0
LOAN002332,CUST05436,2351701,business loan,11.21,240,Open,0.0
LOAN000632,CUST00552,4788926,Home Loan,9.72,84,Ongoing,0.01
LOAN010849,CUST01281,737455,Student Loan,10.55,36,Current,0.0
LOAN006158,CUST03824,3629211,HOME LOAN,9.29,48,Fully Paid,0.01
LOAN002592,CUST01180,276535,Personal,13.82,Unknown,Unknown,-0.5
LOAN009970,CUST03677,4236406,Mortgage,7.73,36,Open,0.01
LOAN003123,CUST01025,1295505,Mortgage,9.37,240,PAID,0.0
LOAN005757,CUST04270,"₹200,734",Vehicle Loan,11.6,48,Current,0.0
LOAN007104,CUST01500,1148538,HOME LOAN,8.25,240,ongoing,0.0
LOAN005219,CUST01315,54091,PERSONAL LOAN,14.04,24,ONGOING,0.54
LOAN007666,CUST05347,173732,Personal Loan,13.92,48,active,0.0
LOAN007490,CUST02643,982924,Car Loan,11.01,60,Ongoing,0.0
LOAN001671,CUST01500,142732,PERSONAL LOAN,12.73,240,Current,0.0
LOAN009824,CUST03839,314912,personal loan,12.62,#N/A,Fully Paid,99
LOAN008742,CUST01140,2047670,business loan,10.45,48,Open,0.01
LOAN009250,CUST03571,241800,Personal Loan,13.58,240,Active,0.0
LOAN002515,CUST04270,2471013,HOME LOAN,8.27,180,Paid,0.0
LOAN008721,CUST02180,838626,Business Loan,13.16,240,ongoing,0.42
LOAN003798,CUST01025,2473618,Home Loan,8.9,84,Open,0.0
LOAN011164,CUST05823,710787, ,9.95,24,Current,0.0
LOAN001908,CUST00552,1529389,BUSINESS LOAN,13.06,180,paid,0.0
LOAN006898,CUST03222,273852,Personal Loan,13.0,120,PAID,0.0
LOAN004281,CUST03571,69624,PL,14.4,84,ONGOING,0.0
LOAN007435,CUST04827,4474593,Housing Loan,8.22,48,ACTIVE,0.01
LOAN000680,CUST02950,574275,business loan,11.95,180,Fully Paid,N/A
LOAN011004,CUST05328,207080,Personal Loan,14.09,24,Active,0.0
LOAN006050,CUST05735,4067403,Mortgage,8.83,48,paid,0.01
LOAN002252,CUST00709,1258490,Vehicle Loan,10.58,36,Current,0.0
LOAN004678,CUST01140,744666,Car Loan,8.75,240,Current,0.0
LOAN006002,CUST03222,2603862,Mortgage,9.46,48,PAID,0.01
LOAN000966,CUST05823,826925,CAR LOAN,11.18,180,ACTIVE,0.0
LOAN006642,CUST05069,934432,Vehicle Loan,nan,84,Paid,0.0
LOAN009988,CUST01901,1155289,BUSINESS LOAN,12.34,36,Current,0.0
LOAN001687,CUST05328,1343063,Auto Loan,11.48,84,DEFAULT,0.0
LOAN008250,CUST02531,2360655,BUSINESS LOAN,14.48,84,default,0.99
LOAN005095,CUST05823,1114184,CAR LOAN,,84,ongoing,0.0
LOAN011815,CUST03222,447046,Personal Loan,14.11,-12,ONGOING,0.0
LOAN006851,CUST02950,1283612,CAR LOAN,10.54,48,paid,0.0
LOAN009794,CUST03571,1576425,Mortgage,10.01,120,active,0.0
LOAN007812,CUST01140,1255432,Auto Loan,8.55,120,Current,#N/A
LOAN008420,CUST02950,434902,personal loan,nan,#N/A,Current,0.0
LOAN005831,CUST05328,201177,Student Loan,10.87,240,PAID,0.0
LOAN004867,CUST01901, ,Auto Loan,9.33,36,paid,0.0
LOAN010186,CUST02173,402149,Personal Loan,13.93,48,Open,0.0
LOAN009458,CUST04524,1521265,HOME LOAN,7.99,12,Default,0.99
LOAN010483,CUST03677,705932,Student Loan,8.25,-12,PAID,
LOAN001445,CUST01140,2936647,Housing Loan,7.71,120,Open,0.0
LOAN010792,CUST04628,976170,CAR LOAN,10.7,84,active,0.0
LOAN000012,CUST00015,648486,SME Loan,19.47,24,Default,0.0
LOAN010820,#N/A,2036946,HOME LOAN,8.5,240,Paid,0.0
LOAN008969,CUST04599,618676,home loan,7.87,120,ongoing,0.0
LOAN010245,CUST05735,2590035,Business Loan,11.88,60,ACTIVE,0.01
LOAN010604,CUST01025,1608526,BUSINESS LOAN,12.97,12,Ongoing,0.02
LOAN000565,CUST05328,1912547,Business Loan,13.11,60,Closed,0.0
LOAN003967,CUST05436,965209,Auto Loan,9.52,84,Fully Paid,NULL
LOAN001541,CUST03839,73604,PERSONAL LOAN,12.38,24,ongoing,0.0
LOAN003363,CUST05347,403007,PERSONAL LOAN,14.57,84,ongoing,0.0
LOAN006984,CUST03280,245315,CAR LOAN,11.77,180,Fully Paid,-0.5
LOAN007873,CUST03202,1751598,home loan,9.1,48,CHARGED OFF,-0.5
LOAN006508,CUST04628,165335,PL,12.64,48,Open,0.0
LOAN008404,CUST03280,3544656,HOME LOAN,8.68,24,Fully Paid,0.02
LOAN003671,CUST05823,166146,personal loan,14.42,48,Current,0.0
LOAN005729,N/A,495787,Edu Loan,9.56,12,ACTIVE,0.0
LOAN001195,CUST00587,197421,Edu Loan,10.36,180,ongoing,0.0
LOAN000118,CUST00552,"₹85,203",PL,0,60,paid,0.0
LOAN007440,CUST00015,86786,personal loan,20.45,240,Fully Paid,0.0
LOAN003164,CUST00843,337347,Personal Loan,13.22,180,Closed,0.0
LOAN002852,CUST04628,436192,personal loan,13.41,120,Open,0.0
LOAN003925,CUST00709,669944,Car Loan,9.43,180,ongoing,0.0
LOAN006518,CUST03222,136242,PL,13.87,24,Closed,0.0
LOAN009469,CUST01025,407710,Edu Loan,8.77,12,Active,0.0
LOAN010914,CUST05436,575828,Student Loan,9.35,240,Paid,0.0
LOAN005962,CUST02173,1288324,car loan,10.93,240,Open,#N/A
LOAN009835,CUST03824,358192,PERSONAL LOAN,13.89,24,paid,0.0
LOAN009407,CUST03824,3709457,Mortgage,9.55,48,PAID,0.01
LOAN008440,CUST03189,417891,Personal,12.63,120,Open,0.0
LOAN010769,CUST00587,4982080,home loan,8.8,24,PAID,0.02
LOAN002633,CUST03189,1015528,Home Loan,8.14,180,active,0.0
LOAN011707,CUST04827,4061288,HOME LOAN,8.77,180,PAID,0.0
LOAN007425,CUST02983,247574,personal loan,13.19,240,ONGOING,0.21
LOAN004353,CUST05436,465362,car loan,9.52,120,active,Unknown
LOAN001823,CUST03677,4223393,Housing Loan,8.4,24,Fully Paid,0.02
LOAN004771,CUST01281,718572,Housing Loan,9.86,240,Fully Paid,0.0
LOAN008053,CUST05735,1197059,BUSINESS LOAN,11.59,120,ACTIVE,0.0
LOAN007572,CUST01500,4452315,HOME LOAN,6.9,24,Current,0.02
LOAN008792,CUST00247,1485619,N/A,12.39,180,ongoing,0.0
LOAN011557,CUST05436,"₹3,489,478",Housing Loan,8.67,36,Paid Off,nan
LOAN004598,CUST03164,796753,car loan,-5,120,Paid,0.99
LOAN005082,CUST02173,3298579,Mortgage,8.57,12,PAID,0.03
LOAN006688,CUST00843,1646765,Mortgage,8.72,24,paid,0.01
LOAN005195,CUST05707,1031449,Vehicle Loan,10.91,180,ONGOING,0.0
LOAN006128,CUST05244,473175,Personal,14.43,180,ongoing,0.34
LOAN006791,CUST01140,#N/A,Personal,11.17,12,ONGOING,0.0
LOAN001788,CUST04599,325168,PL,12.2,48,Closed,0.0
LOAN001007,CUST03839,990565,Housing Loan,8.68,120,ongoing,0.0
LOAN002723,CUST01500,1874210,home loan,Unknown,36,Paid,0.01
LOAN002756,N/A,231410,Business Loan,10.77,12,Current,0.0
LOAN003932,CUST05823,842719,Auto Loan,11.31,36,Paid,0.0
LOAN001143,CUST03824,3909069,Housing Loan,9.56,N/A,CLOSED,0.02
LOAN003741,CUST03571,484855,personal loan,13.2,84,CLOSED,NULL
LOAN009554,CUST04599,"₹824,878",Auto Loan,9.63,36,Ongoing,0.0
LOAN007993,CUST00090,53691,PL,13.49,48,Paid,0.0
LOAN010676,CUST00587,2836135,HOME LOAN,9.6,120,Active,0.0
LOAN001148,CUST01049,240897,Education Loan,10.37,12,Fully Paid,99
LOAN000746,CUST03571,783459,EDUCATION LOAN,9.34,240,ONGOING,0.0
LOAN010377,CUST05328, ,business loan,12.84,12,Current,0.03
LOAN009570,CUST03280,240607,Personal,13.26,84,Current,0.0
LOAN006888,CUST01140,4070989,Home Loan,8.28,48,ONGOING,0.01
LOAN008348,CUST02950,304771,personal loan,13.42,120,Active,0.0
LOAN003301,CUST03222,750587,Mortgage,9.18,N/A,Current,0.0
LOAN011420,CUST05347,4481053,HOME LOAN,10.65,36,ACTIVE,NULL
LOAN007470,CUST05328,541112,Student Loan,10.38,120,ongoing,0.0
LOAN010724,CUST02282,2447602,N/A,13.2,24,Bad Debt,0.99
LOAN006841,CUST00015,1061090,SME Loan,19.37,180,default,0.0
LOAN000154,CUST05823,1096273,Home Loan,9.58,84,Active,0.0
LOAN007713,CUST02315,114655,PL,13.66,24,Closed,0.28
LOAN003722,CUST03222,N/A,Personal Loan,13.4,#N/A,CLOSED,0.0
LOAN003652,CUST00015,3237325,Mortgage,17.4,12,Bad Debt, 
LOAN006802,CUST03824,830778,SME Loan,13.74,12,Open,0.01
LOAN002621,CUST03280,1219713,business loan,13.31,120,Ongoing,0.0
LOAN000516,CUST03571,3989486,home loan,9.48,12,Ongoing,0.04
LOAN003409,CUST03280,388774,Auto Loan,10.7,84,Charged Off,0.0
LOAN000149,CUST01025,463243,PERSONAL LOAN,12.68,24,active,0.0
LOAN003647,CUST05735,290573,Personal Loan,13.32,240,ACTIVE,0.0
LOAN009037,CUST04827,3201056,HOME LOAN,8.12,60,Active,0.01
LOAN004461,CUST02643,248259,Personal Loan,13.69,60,Ongoing,0.0
LOAN008624,CUST01025,4139023,home loan,9.31,12,nan,0.04
LOAN004354,CUST04084,1412422,#N/A,11.78,180,Ongoing,0.0
LOAN009134,CUST05069,822096,Car Loan,-5,36,Fully Paid,NULL
LOAN009941,CUST05069,999999999,NULL,8.92,240, ,0.0
LOAN002410,CUST05735,"345,483",Personal Loan,12.51,84,Paid,0.0
LOAN011746,CUST04270,783566,Vehicle Loan,10.44,60,Ongoing,0.0
LOAN007526,CUST03677,4601645,HOME LOAN,8.36,240,NULL,0.0
LOAN009379,CUST02173,3981745,Housing Loan,9.01,84,ongoing,0.01
LOAN005941,CUST00587,2478352,SME Loan,12.34,60,ACTIVE, 
LOAN007886,CUST01140,697382,Edu Loan,7.85,84,PAID,0.0
LOAN005485,CUST04599, ,business loan,Unknown,48,NULL,N/A
LOAN010606,CUST02173,66180,PERSONAL LOAN,13.43,36,Current,0.0
LOAN001734,CUST04270,576824,EDUCATION LOAN,10.67,60,Fully Paid,nan
LOAN008143,CUST05436,3193024,home loan,NULL,24,Active,0.02
LOAN007015,CUST00015,"2,222,597",HOME LOAN,16.27,180,CHARGED OFF,2.5
LOAN002580,CUST04827,1173103,BUSINESS LOAN,12.97,0,Active,0.0
LOAN001797,CUST03707,171976,Education Loan,nan,240,Active,0.04
LOAN009142,CUST02643,348914,Personal Loan,12.52,36,active,nan
LOAN004851,CUST02173,3116736,Housing Loan,8.11,84,ongoing,0.0
LOAN003305,CUST05735,3126102,Home Loan,8.54,48,active,0.01
LOAN008980,CUST04599,712046,education loan,8.45,84,ongoing,0.0
LOAN009709,CUST01140,208056,personal loan,12.22,180,Closed,0.0
LOAN010552,CUST03562,#N/A,N/A,0,12,Ongoing,0.0
LOAN007413,CUST00843,1570370,SME Loan,11.59,84,ongoing,0.0
LOAN005607,CUST04827,"2,298,889",SME Loan,11.75,12,ACTIVE,0.02
LOAN011140,CUST01207,2865337,Mortgage,8.59,180,CHARGED OFF,0.99
LOAN001013,CUST00709,113982,Personal,14.13,120,ongoing,0.0
LOAN009708,CUST03839,"387,574",Personal,12.57,240,Open,0.0
LOAN008493,CUST05735,#N/A, ,12.54,24,Current,0.0
LOAN000241,CUST00709,1267243,Mortgage,8.88,48,PAID,0.0
LOAN001714,CUST05735,543807,Mortgage,8.05,120,CLOSED,0.0
LOAN000781,CUST02643,742216,Vehicle Loan,10.42,36,Fully Paid,0.0
LOAN003765,CUST01025,4246210,home loan,8.31,12,ONGOING,0.04
LOAN008974,CUST01281,4103928,HOME LOAN,9.66,180,PAID,0.0
LOAN006662,CUST02173,1548120,business loan,12.91,36,Charged Off,0.01
LOAN000932,CUST03562,2322084,Biz Loan,13.52,12, ,0.02
LOAN009539,CUST03677,1833443,BUSINESS LOAN,11.36,240,CLOSED,0.0
LOAN004482,CUST04963,75732,Personal,12.66,180,Current,0.04
LOAN009896,CUST04599,744235,home loan,7.25, ,Ongoing,0.0
LOAN006732,CUST02735,2444632,Biz Loan,13.1,84,DEFAULT,0.99
LOAN009958,CUST00709,"2,224,552",Business Loan,12.92,24,Closed,0.01
LOAN009400,CUST03571,"1,287,476",home loan,8.2,84,Paid Off,-0.5
LOAN005759,CUST04270,4240337,Home Loan,8.71,24,Paid Off,0.02
LOAN010108,CUST02950,268230,Personal,13.0,12,active,0.0
LOAN011971,CUST05367,139884,PERSONAL LOAN,12.12,36,Closed,0.44
LOAN000367,CUST03222,682168,SME Loan,12.2,12,Fully Paid,0.01
LOAN005842,CUST00709,4881419,Home Loan,9.2,120,ongoing,0.0
LOAN003582,CUST00552,1818238,business loan,11.87,36,Current,0.01
LOAN005764,CUST04322,495534,Personal,11.9,24,ACTIVE,0.99
LOAN005227,CUST03824,"152,357",Personal Loan,13.69,24,Defaulted,0.0
LOAN007433,CUST04270,321621,EDUCATION LOAN,10.98,48,Fully Paid,0.0
LOAN002636,CUST03839,174345,PERSONAL LOAN,12.39,12,ACTIVE,0.0
LOAN007172,CUST05328,547483,Auto Loan,11.6,120,ongoing,0.0
LOAN006176,CUST04270,1399340,Car Loan,N/A,180,Paid,0.0
LOAN010324,CUST01140,1820150,Business Loan,11.45,36,PAID,0.01
LOAN009387,CUST01500,1145014,Car Loan,9.91,36,ONGOING,0.0
LOAN002383,CUST01281,1348619,BUSINESS LOAN,12.82,120,CLOSED,0.0
LOAN008722,CUST04599,"₹135,578",nan,12.6,120,Current,0.0
LOAN008329,CUST05328,1365042,car loan,10.91,0,ONGOING,#N/A
LOAN010804,CUST00090,419937,personal loan,14.37,36,Paid,0.0
LOAN007852,CUST04628,472481,PERSONAL LOAN,13.97,24,Fully Paid,0.0
LOAN003587,CUST01025,4399550,home loan,9.55,60,Active,0.01
LOAN004270,CUST05735,3290199,Unknown,9.01,-12,Active,0.0
LOAN008413,CUST05823,714386,Auto Loan,12.38,180,CLOSED,0.0
LOAN005676,CUST03571,126101,PL,14.66,60,Closed,0.0
LOAN004737,CUST03926,830290,Car Loan,11.43,120,CLOSED,0.96
LOAN005737,CUST00090,347495,PERSONAL LOAN,13.28,24,ONGOING,0.0
LOAN005785,CUST00709,4502129,home loan,9.45,84,PAID,nan
LOAN005977,CUST00709,744943,Car Loan,9.72,240,ACTIVE,0.0
LOAN004390,CUST03824,1740094,Business Loan,12.44,84,,0.0
LOAN003217,CUST04270,797360,business loan,12.33,36,paid,0.0
LOAN004982,CUST01500,"86,752",PERSONAL LOAN,12.49,180,Paid,0.0
LOAN000667,CUST05347,Unknown,personal loan,13.44,24,Open,0.0
LOAN003205,CUST02933,N/A,CAR LOAN,10.49,60,Active,0.0
LOAN006168,CUST05823,3706866,Home Loan,9.79,24,paid,0.02
LOAN005903,CUST04628,486564,personal loan,13.13,24,Paid,0.0
LOAN007868,CUST00552,236401,PERSONAL LOAN,13.62,84,CLOSED,0.0
LOAN006643,nan,290102,personal loan,13.91,240,Ongoing,0.0
LOAN001226,CUST04827,322803,Auto Loan,9.78,48,Current,0.0
LOAN009216,CUST05884,2617304,Business Loan,13.99,240,Closed,0.99
LOAN011216,CUST05707,4157394,Home Loan,10.7,N/A,Fully Paid,0.0
LOAN007772,CUST05436,1066757,Auto Loan,10.04,240,ONGOING,0.0
LOAN010684,CUST05043,780908,Auto Loan,9.85,24,CHARGED OFF,99
LOAN005812,CUST05738,"-1,000",home loan,8.92,48,Fully Paid,0.99
LOAN001307,CUST01500,327204,Personal Loan,11.69,180,ongoing,2.5
LOAN011270,CUST02950,1426031,business loan,11.68,36,ONGOING,0.0
LOAN002554,CUST01901,527736,EDUCATION LOAN,8.05,12,ACTIVE,0.01
LOAN009872,CUST05328,834083,Auto Loan,11.26,48,Ongoing,0.0
LOAN007909,CUST03562,126524,Personal,14.77,84,paid,0.0
LOAN008151,CUST03571,,business loan,13.59,24,ongoing,0.01
LOAN010034,CUST02950,798654,Education Loan,10.07,120,Ongoing,0.0
LOAN000393,CUST04084,"₹699,910",Vehicle Loan,11.41,180,Current,-0.5
LOAN010044,CUST03222,428310,Edu Loan,9.89,24,ACTIVE,0.0
LOAN007409,CUST00843,447791,education loan,8.23,180,ACTIVE,0.0
LOAN006296,CUST03677,1211947,HOME LOAN,8.11,240,Paid Off,0.0
LOAN010234,CUST05707,1404901,CAR LOAN,11.26,nan,ONGOING,0.01
LOAN005989,CUST03571,373395,Vehicle Loan,N/A,36,Ongoing,0.0
LOAN001777,CUST01267,446200,Education Loan,9.64,NULL,default,0.99
LOAN006405,CUST03562,999999999,Edu Loan,11.48,240,Active,0.0
LOAN004091,CUST03189,"₹2,640,280",Housing Loan,7.84,48,ACTIVE,0.01
LOAN006310,CUST04084,531059,Education Loan,11.75,48,Current,0.0
LOAN005203,CUST04084,351740,Personal,13.72,48,CLOSED,0.0
LOAN001909,CUST03562,1924033,Home Loan,10.74,12,Active,0.02
LOAN011188,CUST05436,411422,CAR LOAN, ,84,Ongoing,0.0
LOAN009039,CUST03280,3498772,Mortgage,9.83,60,Paid Off,0.01
LOAN003313,CUST03677,269732,Personal,12.3,180,Current,0.0
LOAN001010,CUST03222,581467,Biz Loan,11.81,180,active,0.0
LOAN011205,CUST02950,504049,education loan,10.29,24,active,0.0
LOAN006769,CUST01025,120233,personal loan,13.41,12,Ongoing,0.0
LOAN003039,CUST00552,259850,Education Loan,Unknown,36,Current,0.0
LOAN004550,CUST02950,581007,Vehicle Loan,nan,36,Paid Off,0.0
LOAN006483,CUST00552,431823,Personal Loan,13.02,84,Fully Paid,0.0
LOAN005395,CUST04599,999999999,personal loan,12.7,12,paid,0.0
LOAN003646,CUST01500,285021,personal loan,11.76,48,Paid Off,0.0
LOAN011630,CUST04084,1966732,Biz Loan,13.12,60,PAID,0.0
LOAN006563,CUST00987,3564007,Home Loan,8.53,12,Charged Off,0.99
LOAN008254,CUST04269,2219903,Mortgage,6.72,24,DEFAULT,0.99
LOAN010427,CUST00552,1032957,CAR LOAN,9.75,120,active,0.0
LOAN010167,CUST04084,2191123,BUSINESS LOAN,13.92,180,Paid Off,0.0
LOAN006284,CUST01901,999999999,business loan,10.78,60,Ongoing,0.0
LOAN001252,CUST04084,297535,PL,14.54,36,Current,0.0
LOAN010737,CUST05436,1439500,Car Loan,9.62,12,ACTIVE,0.01
LOAN007080,CUST03824,4720096,HOME LOAN,8.93,12,Fully Paid,nan
LOAN009419,CUST00587,469696,Personal,12.83,60,ongoing,nan
LOAN006533,CUST01140,"173,024",N/A,13.07,12,Ongoing,0.0
LOAN010712,CUST04270,496975,Personal,14.05,48,Paid,0.0
LOAN003427,CUST00552,117355,PERSONAL LOAN,14.2,180, ,0.0
LOAN010788,CUST03725,619007,Car Loan,9.76,36,Closed,0.99
LOAN008142,CUST03222,N/A,PERSONAL LOAN,13.43,180,ongoing,0.0
LOAN001520,CUST05823,1033256,Biz Loan,14.31,60,Paid Off,0.0
LOAN009350,CUST00552,"861,345",CAR LOAN,9.34,48,Current,0.0
LOAN001142,CUST01261,775341,CAR LOAN,10.77,24,Unknown,0.99
LOAN001924,CUST00552,"541,870",Student Loan,8.96,36,Bad Debt,0.0
LOAN009990,CUST04538,3120138,Housing Loan,8.86,84,CLOSED,0.99
LOAN001207,CUST03280,433723,car loan,11.47,84,PAID,0.0
LOAN011834,CUST00709,1354165,Auto Loan,10.62,#N/A,Paid,0.0
LOAN002319,CUST02950,267615,PERSONAL LOAN,13.65,36,#N/A,0.0
LOAN010949,CUST01901,426141,Edu Loan,9.53,84,ACTIVE,0.0
LOAN002450,CUST04827,"₹105,233",EDUCATION LOAN,9.7,36,Fully Paid,0.0
LOAN002504,CUST00587,1117666,car loan,10.32,60,active,0.0
LOAN002222,CUST01140,909004,Housing Loan,7.02,240,active,99
LOAN008292,CUST04599,"₹3,529,487",Housing Loan,8.23,240,paid,0.0
LOAN009849,CUST02950,1362057,car loan,10.43,120,CLOSED,0.0
LOAN009774,CUST04084,247550,personal loan,14.62,84,ACTIVE,0.0
LOAN009723,CUST02643,241435,Personal,13.95,36,ongoing,0.0
LOAN000682,CUST03824,490218,Personal Loan,13.94,48,CLOSED,0.0
LOAN008419,CUST01140,478346,BUSINESS LOAN,10.42,84,Open,0.0
LOAN005323,CUST01500,355023,Student Loan,9.36,24,Open,0.0
LOAN002755,CUST03280,1144639,Car Loan,10.26,36,ongoing,0.0
LOAN005326,CUST00928,1299988,Auto Loan,10.28,180,default,0.99
LOAN006008,CUST04827,4386372,Housing Loan,8.25,36,Active,0.01
LOAN005872,CUST04827,1441933,BUSINESS LOAN,12.49,36,Paid Off,0.0
LOAN004226,CUST04827,132437,Personal,12.83,60,Ongoing,0.0
LOAN003456,CUST05347,71424,personal loan,15.03,24,Current,0.0
LOAN000103,CUST01857,2677651,Home Loan,8.96,36,Bad Debt,0.99
LOAN009632,CUST01500,428592,Vehicle Loan,9.21,120, ,0.0
LOAN008788,CUST05798,153068,personal loan,13.32,240,Paid Off,0.09
LOAN008119,CUST03189,1725056,HOME LOAN,8.13,36,Closed,0.01
LOAN007915,CUST02933,135100,Personal Loan,13.27,60,Current,0.0
LOAN001344,CUST05069,97351,PL,11.52,36,PAID,0.0
LOAN007076,CUST03562,480527,Personal Loan,13.94,120,Paid,0.0
LOAN000653,CUST05735,372916,personal loan,13.33,120,Charged Off,0.0
LOAN001137,CUST04599,292239,Personal,12.47,12,active,0.0
LOAN000939,CUST02265,1819282,BUSINESS LOAN,11.51,24,#N/A,0.99
LOAN005624,CUST01500,228612,EDUCATION LOAN,9.22,-12,Paid,0.0
LOAN005510,CUST04270,"593,771",Home Loan,9.75,36,Active,
LOAN008567,CUST02643,1100055,CAR LOAN,10.66,84,ongoing,0.0
LOAN001194,CUST04270,782211,Mortgage,8.97,-12,Current,99
LOAN006968,CUST05328,442827,Personal Loan,13.39,84,#N/A,2.5
LOAN011053,CUST03824,239131,PL,15.14,240,active,0.0
LOAN009882,CUST01901,127325,Personal,12.67,24,ongoing,0.0
LOAN003933,CUST00791,718735,Education Loan,10.73,24,Charged Off,0.99
LOAN004055,CUST05347,262823,Auto Loan,11.93,240,Ongoing,0.0
LOAN001212,CUST02933,"90,578",Personal Loan,12.99,48,Active,0.0
LOAN006380,CUST01901,405961,Edu Loan,9.8,48,Closed,0.0
LOAN004848,CUST00843,325127,PERSONAL LOAN,11.59,180, ,-0.5
LOAN005711,CUST00587,475182,PERSONAL LOAN,13.14,60,ONGOING,0.0
LOAN001239,CUST01140,136299,PERSONAL LOAN,11.31,60,Closed,0.0
LOAN006590,CUST05069,3053524,Mortgage,6.85,60,CLOSED,99
LOAN001911,CUST04628,1711767,SME Loan,13.38,600,DEFAULT,0.0
LOAN002042,CUST00090,495885, ,13.88,24,active,0.0
LOAN010472,CUST03571,537554,Home Loan,9.34,84,Current,0.0
LOAN005719,CUST00015,#N/A,Home Loan,15.77,36,default,#N/A
LOAN001159,CUST01140,"₹1,575,533",Biz Loan,11.05,12,paid,0.02
LOAN006582,CUST05707,nan,Housing Loan,10.5,180,Fully Paid,0.0
LOAN011773,CUST03280,554954,car loan,10.01,120,Paid Off,0.0
LOAN002208,CUST03189,666614,Student Loan,9.37,240,paid,0.0
LOAN002846,CUST02933,537204,Housing Loan,8.44,24,paid,nan
LOAN004229,CUST00709,1451525,BUSINESS LOAN,13.1,60,Current,0.0
LOAN007427,CUST05347,482642,Student Loan,11.27,180,ongoing,0.0
LOAN002303,CUST04599,319756,education loan,9.43,180,PAID,0.0
LOAN008776,CUST05069,3408406,HOME LOAN,7.22,240,Paid Off,0.0
LOAN001981,CUST05735,400630,personal loan,13.24,0,ACTIVE,0.0
LOAN009073,CUST05436,207726,personal loan,13.56,120,Closed,2.5
LOAN005147,CUST03280,1593819,Business Loan,13.47,36,PAID,0.01
LOAN007160,CUST00709,651044,SME Loan,12.2,60,Current,0.0
LOAN002369,CUST05823,NULL,business loan,14.04,36,Ongoing,0.01
LOAN003077,CUST05707,2922503,Biz Loan,12.78,84,Paid Off,0.0
LOAN009460,CUST05823,588593,Vehicle Loan,12.27,60,Open,0.0
LOAN008030,CUST04270,4885773,home loan,9.53,24,Closed,0.02
LOAN002271,CUST04628,301291,personal loan,13.17,84,Ongoing,0.0
LOAN005522,CUST04599,198299,Student Loan,8.3,180,Active,0.0
LOAN001450,CUST05823,727887,Biz Loan,13.47,240,active,0.0
LOAN006797,CUST02933,661899,BUSINESS LOAN,11.66,12,Ongoing,0.01
LOAN004039,CUST05707,4032617,Unknown,9.81,24,paid,0.02
LOAN003700,CUST00709,nan,HOME LOAN,9.52,48,active,0.0
LOAN003354,CUST03677,1047674,nan,9.85,,ongoing,0.01
LOAN000143,CUST03839,119342,Edu Loan,10.35,36,Ongoing,0.0
LOAN001354,CUST02933,1015444,HOME LOAN,8.3,24,Active,0.01
LOAN005151,CUST00709,3892246,home loan,8.56,84,ACTIVE,0.01
LOAN002123,CUST03189,351823,personal loan,12.86,84,ongoing,0.0
LOAN003031,CUST00537,730791,car loan,12.13, ,paid,0.99
LOAN002054,CUST00843,468967,Auto Loan,9.9,12,paid,0.0
LOAN000929,CUST05436,187280,Personal Loan,#N/A,240,Current,0.0
LOAN008427,CUST01500,131857,Edu Loan,9.58,48,Current,0.0
LOAN007008,CUST04084, ,Biz Loan,14.12,#N/A,ongoing,0.0
LOAN010874,CUST00999,2086898,HOME LOAN,7.33,180,ongoing,0.47
LOAN000611,CUST00015,269242,PL,21.18,120,paid,0.0
LOAN011023,CUST03222,194416,PERSONAL LOAN,13.73,120,CLOSED,0.0
LOAN009225,CUST03280,1387426,Home Loan,9.19,NULL,PAID,0.0
LOAN003934,CUST02950,1409200,HOME LOAN,7.97,48,ongoing,0.0
LOAN006583,CUST00971,2981061,Mortgage,9.52,240,DEFAULT,0.99
LOAN005784,CUST00247,152024,PL,13.65,120,Paid,0.0
LOAN008744,CUST02933,"₹454,672",,12.91,60,Open, 
LOAN007342,CUST05823,596458,Home Loan,9.4,84,Defaulted,0.0
LOAN000390,CUST03189,"1,088,019",Vehicle Loan,9.75,48,Active,0.0
LOAN001048,CUST02173,"1,159,218",CAR LOAN,9.18,48,CLOSED,0.0
LOAN000133,CUST03189,1223183,,9.01,nan,active,0.0
LOAN000825,CUST00552,484866,PL, ,24,paid,0.0
LOAN001061,CUST04827,123255,Education Loan,10.43,60,ONGOING,0.0
LOAN011326,CUST01281,346121,PL,14.68,120,ongoing,0.0
LOAN009582,CUST03571,150639,PERSONAL LOAN,13.73,120,Active,0.0
LOAN000004,CUST00015,"₹412,033",CAR LOAN,18.1,120,Bad Debt,0.0
LOAN005455,CUST02643,126808,PERSONAL LOAN,12.34,24,Paid,0.0
LOAN010840,CUST03280,1524085,home loan,-5,48,active,0.0
LOAN009010,CUST05347,712355,Auto Loan,11.76,36, ,0.0
LOAN010252,CUST03571,526732,Education Loan,11.05,180,Open,0.0
LOAN009144,CUST02173,411555,Education Loan,9.45,24,,0.0
LOAN011264,CUST02173,344556,Personal Loan,13.49,180,CLOSED,0.0
LOAN002052,CUST01901,602216,BUSINESS LOAN,11.1,12,ACTIVE,0.01
LOAN006824,CUST01901,1745579,home loan,7.43,240,ONGOING,0.0
LOAN008370,CUST00709,624998,BUSINESS LOAN,11.94,24,Fully Paid,0.0
LOAN003675,CUST00709,422617,personal loan,13.26,Unknown,ONGOING,0.0
LOAN001684,CUST02173,203174,Personal,13.92,24,Open,0.0
LOAN004242,CUST00090,424230,PERSONAL LOAN,13.68,12,ongoing, 
LOAN001495,CUST05497,1562683,Biz Loan,11.49,24,CHARGED OFF,0.99
LOAN006878,CUST05707,141623,PERSONAL LOAN,13.98,48,Paid Off,0.0
LOAN001043,CUST03824,4941015,HOME LOAN,8.95,240,Ongoing,0.0
LOAN002317,CUST05823,1402074,Vehicle Loan,12.05,48,ongoing,0.0
LOAN008198,CUST03839,1103364,HOME LOAN,7.73,48,Closed,0.0
LOAN010241,CUST03845,387957,PL,14.24,120,Paid Off,0.38
LOAN003769,CUST00945,1869117,Housing Loan,8.37,N/A,Charged Off,0.99
LOAN002355,CUST00247,373560,PL,12.97,180,ONGOING,0.0
LOAN001113,CUST05823,432204,Personal Loan,14.07,240,ongoing,0.0
LOAN005952,CUST05436,1992376,BUSINESS LOAN,10.6,48,Closed,0.0
LOAN009494,CUST02643,"₹172,453",nan,13.81,48,ongoing,0.0
LOAN007228,CUST05085,495901,personal loan,13.82,12,Fully Paid,0.99
LOAN008227,CUST04827,337704,Auto Loan,11.08,180,Current,0.0
LOAN001973,CUST01500,250385,PERSONAL LOAN,11.74,240,Active,0.0
LOAN010184,CUST05707,nan,PERSONAL LOAN,14.97,120,Ongoing,0.0
LOAN007950,CUST00247,519686,car loan,9.69,36,Open,0.0
LOAN010284,CUST03824,232692,education loan, ,60,active,0.0
LOAN002288,CUST03677,460914,Vehicle Loan,10.21,240,ACTIVE,0.0
LOAN007708,CUST03280,"₹340,235",BUSINESS LOAN,13.78,60,ongoing,0.0
LOAN001818,CUST05328,2182352,Biz Loan,12.34,36,ACTIVE,0.01
LOAN009853,CUST02933,948197,business loan,11.25,36,Open,0.0
LOAN006987,CUST01901,1667306,SME Loan,11.98,36,Ongoing,0.01
LOAN001058,CUST05069,734978,EDUCATION LOAN,7.79,12,Current,0.01
LOAN004877,CUST00709,448486,Edu Loan,9.01,60,Ongoing,0.0
LOAN004543,CUST04599,#N/A,Personal Loan,12.22,120,Open,0.0
LOAN007451,CUST03839,2537255,BUSINESS LOAN,12.22,24,ACTIVE,0.01
LOAN007326,CUST03571,4917462,home loan,9.56,48,Open,0.01
LOAN002773,CUST05735,287713,PERSONAL LOAN,13.78,84,ONGOING,0.0
LOAN005893,CUST05707,2512755,SME Loan,13.76,180,ongoing,0.0
LOAN001024,CUST02933,442677,EDUCATION LOAN,10.17,180,ongoing,0.0
LOAN010736,CUST04270,696887,business loan,13.11,120,Closed,0.0
LOAN004081,CUST00090,2407770,BUSINESS LOAN,12.41,12,PAID,0.02
LOAN000294,CUST03677,1162162,,8.57,60,default,
LOAN005080,CUST03839,425222,#N/A,12.96,48,Current,0.0
LOAN006257,CUST03824,106100,PL,14.16,12,Fully Paid,0.0
LOAN002572,CUST02032,3236140,Home Loan,9.02,60,ONGOING,0.99
LOAN007094,CUST04270,3324367,Home Loan,8.91,120,active,0.0
LOAN011589,CUST02896,2165466,business loan,12.99,24,Paid,0.99
LOAN004631,CUST05762,645381,Housing Loan,9.9,60,DEFAULT,0.99
LOAN002025,CUST00015,1331204,Biz Loan,19.05,240,Default,0.0
LOAN004338, ,₹0,business loan,12.25,36,ongoing,0.0
LOAN008877,CUST05436,406227,PL,12.11,48,PAID,0.0
LOAN006100,CUST02643,676306,EDUCATION LOAN,8.89,60,ACTIVE,0.0
LOAN007111,CUST02950,Unknown,Home Loan,8.72,24,CLOSED,0.02
LOAN004676,CUST02950,NULL,home loan,7.8,48,PAID,0.01
LOAN005637,CUST03189,137706,personal loan,13.26,48,active,0.0
LOAN011258,CUST05328,179109,Student Loan,9.4,120,ongoing,0.0
LOAN002829,CUST00552,393643,PERSONAL LOAN,13.1,24,Closed,99
LOAN003484,CUST05069,920550,home loan,,12,Paid Off,0.01
LOAN009077,CUST00587,3905334,Home Loan,9.9,180,paid,0.0
LOAN008523,CUST05823,200732,PL,15.2,36,Open,0.0
LOAN011460,CUST05347,153269,Personal Loan,15.15,36,PAID,0.0
LOAN004078,CUST02173,3767929,Housing Loan,#N/A,12,Fully Paid,0.04
LOAN003991,CUST03677,207904,Edu Loan,8.4,36,nan,0.0
LOAN004300,CUST03677,341836,Vehicle Loan,9.16,84,Paid Off,0.0
LOAN003957,CUST00247,3776840,home loan,nan,180,Paid Off,0.0
LOAN008585,CUST04084,158478,EDUCATION LOAN,11.36,120,Open,0.0
LOAN007138,CUST04247,4605482,Housing Loan,9.19,84,CLOSED,0.99
LOAN005400,CUST05735,260949,education loan,9.7,36,Fully Paid,0.0
LOAN009107,CUST00709,375962,personal loan,13.76,48,Ongoing,99
LOAN003801,CUST03280,167183,PERSONAL LOAN,13.33,120,Default, 
LOAN004404,CUST01500,111091,Personal,12.79,60,Paid,0.0
LOAN000582,CUST04084,1361347,car loan,10.83,36,ongoing,0.0
LOAN001900,CUST04827,1211216,Vehicle Loan,11.29,12,paid,0.01
LOAN011654,CUST04769,486369,Student Loan,10.48,240,ONGOING,0.17
LOAN000780,CUST03189,1326247,Housing Loan,7.11,120,CLOSED,0.0
LOAN007737,CUST04628,1126840,car loan,10.1,nan,Paid,0.0
LOAN002268,CUST03222,1781574,Biz Loan,13.66,36,Fully Paid,0.01
LOAN009932,CUST05069,1393517,car loan,0,84,ONGOING,2.5
LOAN008667,CUST04084,972416,Car Loan,10.94,12,ACTIVE,0.01
LOAN005690,CUST04084,1512294,BUSINESS LOAN,13.17,60,Paid,0.0
LOAN006924,CUST02950,1373909,Car Loan,10.28,36,Active,0.0
LOAN010174,CUST04599,1958910,business loan,11.43,120,ONGOING,0.0
LOAN011870,CUST01281,241974,Personal,14.15,12,Unknown,
LOAN000884,#N/A,"559,841",car loan,10.61,36,Open,0.0
LOAN004561,CUST01500,N/A,Personal Loan,12.47,120,Active,0.0
LOAN011996,CUST02354,537654,Edu Loan,9.67,600,Active,0.99
LOAN010665,CUST04599,3978753,Mortgage,8.47,36,CLOSED,0.01
LOAN009369,CUST05069,388481,Business Loan,11.56,84,CLOSED,0.0
LOAN010419,CUST01281,241707,EDUCATION LOAN,10.64,48,Open,0.0
LOAN005209,CUST01281,277955,personal loan,13.02,240,Current,0.0
LOAN011212,CUST05328,3837478,Mortgage,10.21,12,Fully Paid,0.04
LOAN009160,CUST01901,"₹671,012",Education Loan,8.49,180,Fully Paid,0.0
LOAN011322,CUST03280,3289863,home loan,10.46,84,#N/A,0.0
LOAN006902,CUST02003,94332,personal loan,14.04,240,Ongoing,0.03
LOAN003196,CUST01281,765449,EDUCATION LOAN,9.29,12,Paid Off,#N/A
LOAN006622,CUST03824,Unknown,Housing Loan,9.99,120,Ongoing,0.0
LOAN003238,CUST01901,1983722,Mortgage,8.12,24,Paid Off,0.01
LOAN007614,CUST00904,698664,Student Loan,9.19,48,Charged Off,0.99
LOAN010540,CUST03562,394713,PL,14.5,48,ongoing,0.0
LOAN006798,CUST02915,472456,SME Loan,,60,default,0.5
LOAN008212,CUST00015,"1,280,242",Vehicle Loan,17.16,36,CHARGED OFF,0.0
LOAN003562,CUST03189,"934,462",Business Loan,11.21,180,Closed,0.0
LOAN011301,CUST05436,4527986,Mortgage,7.93,120,Current,0.0
LOAN008654,CUST01901,4394162,Home Loan,7.08,60,Ongoing,0.01
LOAN006095,CUST00587,1502659,Mortgage,9.17,36,Fully Paid,0.01
LOAN004129,CUST02643,1482157,CAR LOAN,#N/A,84,Paid Off,0.0
LOAN002110,,1016123,Home Loan,9.87,24,Open,0.01
LOAN010282,CUST05008,4864170,home loan,8.17,84,active,0.99
LOAN009538,CUST03189,270848,PERSONAL LOAN,12.27,24,Paid,0.0
LOAN000720,CUST00587,1000952,CAR LOAN,11.54,84,ACTIVE,0.0
LOAN008936,CUST01025,1147804,Car Loan,11.18,60,Ongoing,nan
LOAN005816,CUST00876,"1,051,623",CAR LOAN,10.61,24,PAID,0.99
LOAN003146,CUST03571,1140951,home loan,9.21,NULL,Ongoing,0.0
LOAN008070,CUST02275,1056977,Vehicle Loan,8.58,12,CLOSED,0.99
LOAN007114,CUST03839,2043678,Biz Loan,11.77,240,paid,0.0
LOAN004954,CUST03824,4518615,Housing Loan,9.33,12,CLOSED,0.05
LOAN007955,CUST03571,4672352,Mortgage,8.27,84,paid,0.01
LOAN007345,CUST02643,2647016,Business Loan,13.12,60,Closed,0.01
LOAN006858,CUST02643,4287860,Mortgage,8.49,120, ,0.0
LOAN011631,CUST05823,585346,Mortgage,NULL,48,Paid Off,0.0
LOAN011857,CUST03562,"₹4,973,617",HOME LOAN,10.37,180,Open,0.0
LOAN006221,CUST03562,1065258,BUSINESS LOAN,13.56,#N/A,PAID,0.0
LOAN003434,CUST00015,64425,PERSONAL LOAN,21.97,240,Fully Paid,0.0
LOAN011839,CUST00172,561638,education loan,11.14,,Fully Paid,0.99
LOAN000151,CUST05069,2459623,business loan,11.3,24,paid,0.01
LOAN008693,CUST03562,87045,PERSONAL LOAN,15.06,48,Open,0.0
LOAN005623,CUST02728,419841,#N/A,12.13,24,active,0.99
LOAN006547,CUST02950,1133758,HOME LOAN,8.47,48,Ongoing,0.0
LOAN007317,CUST05347,2291856,home loan,10.34,180,Open,0.0
LOAN009669,CUST03222,0,Car Loan,11.48,#N/A,ONGOING,0.0
LOAN007250,nan,394411,personal loan,12.99,84,ACTIVE,0.0
LOAN005802,CUST03280,1686521,Mortgage,9.95,240,Paid Off,0.0
LOAN002047,CUST04270,572809,Edu Loan,11.11,60,ongoing,0.0
LOAN003491,CUST04021,2711249,Business Loan,12.91,48,Paid,0.99
LOAN008106,CUST03571,999999999,Home Loan,10.06,180,paid,0.0
LOAN010997,CUST03824,326333,BUSINESS LOAN,13.74,240,ACTIVE,0.0
LOAN008946,CUST02173,1262165,Vehicle Loan,10.38,24,paid,0.01
LOAN005425,CUST04811,353726,personal loan,12.55,240,Fully Paid,0.16
LOAN008194,CUST01455,3014607,Housing Loan,8.03,180,Paid,0.99
LOAN006559,CUST03839,82676,PERSONAL LOAN,13.31,60,CLOSED,0.0
LOAN008221,CUST00247,1148218,SME Loan,12.73,24,Active,0.01
LOAN004176,CUST01901,1034973,Car Loan,8.43,N/A,PAID,0.0
LOAN000385,CUST04084,1006584,nan,10.28,48,Paid Off,0.0
LOAN006457,CUST04599,713037,car loan,9.87,60, ,0.0
LOAN003900,CUST05347, ,Student Loan,10.05,24,active,0.0
LOAN011073,CUST05735,676795,Biz Loan,12.76,84,Current,0.0
LOAN009384,CUST04270,3252084,Mortgage,9.42,180,PAID,0.0
LOAN000292,CUST01500,-1000,Vehicle Loan,9.38,120,Paid Off,2.5
LOAN000979,CUST00247,872725,Car Loan,9.56,180,active,0.0
LOAN007877,CUST00015,235838,PERSONAL LOAN,21.06,84,paid,0.0
LOAN004132,CUST05069,2338365,NULL,10.39,36,Ongoing,0.01
LOAN008534,CUST04803,2122396,home loan,9.13,180,Bad Debt,0.99
LOAN007534,CUST03562,3267991,Mortgage,10.39,12,Active,0.03
LOAN001209,CUST00552,448313,Personal Loan,12.53,120,ONGOING,0.0
LOAN010506,CUST05328,1107614,car loan,10.17,120,paid,0.0
LOAN003567,CUST03222,"₹1,188,051",Home Loan,9.91,180,Paid,0.0
LOAN006125,CUST01901,65552,Personal Loan,12.61,84,Closed,N/A
LOAN009967,CUST02643,715605,Car Loan,10.59,60,Ongoing,0.0
LOAN008529,CUST04599,1375092,Auto Loan,8.63,180,Current,0.0
LOAN006816,CUST00247,"247,586",Unknown,14.3,180,default,0.0
LOAN010082,CUST04084,1222412,,10.09,12,default,0.01
LOAN005223,CUST03839,50702,Personal Loan,12.9,36,Active,0.0
LOAN000035,CUST04084,67502,PERSONAL LOAN,14.11,12,Ongoing,0.0
LOAN009842,CUST01025,1151070,Auto Loan,11.06,120,Paid,0.0
LOAN001939,CUST05707,3882287,Mortgage,10.58,,Open,NULL
LOAN001476,CUST00843,1837932,business loan,12.45,36,Paid Off,0.01
LOAN008887,CUST03562,1029906,Biz Loan,13.43,36,Current,0.0
LOAN004037,CUST00090,2438693,SME Loan,11.93,60,active,-0.5
LOAN003276,CUST01500,1454923,Car Loan,8.33,36,Current,0.0
LOAN010834,CUST04084,518778,Vehicle Loan,11.6,12,N/A,0.01
LOAN001504,CUST00709,438564,personal loan,14.23,84,Current,0.0
LOAN008760,CUST00015,102933,Personal Loan,20.19,60,default,0.0
LOAN007840,CUST05328,213773,PL,13.97,120,PAID,0.0
LOAN002088,CUST00015,178114,Personal,21.5,36,Charged Off,0.0
LOAN003871,CUST03824,2090364,Business Loan,12.85,60,Open,0.0
LOAN008783,CUST01500,71482,personal loan,12.32,-12,active,0.0
LOAN009385,CUST00709,302648,SME Loan,12.59,48,Active, 
LOAN002246,CUST05436,844243,Car Loan,8.99,180,Ongoing,0.0
LOAN000894,CUST03571,210019,PERSONAL LOAN,14.08,120,CLOSED,0.0
LOAN003713,CUST03839,256402,Auto Loan,10.37,24,ACTIVE,0.0
LOAN010114,CUST03571,3537634,Home Loan,NULL,24,Closed,0.02
LOAN008414,CUST03677,nan,HOME LOAN,Unknown,120,CLOSED,0.0
LOAN011389,CUST03839,422408,PL,14.03,180,ONGOING,0.0
LOAN006104,CUST01025,3641508,Home Loan,7.91,240,Current,0.0
LOAN006722,CUST01140,1098001,Auto Loan,8.41,180,active,0.0
LOAN000456,CUST03824,496968,Auto Loan,11.69,nan,Default,0.0
LOAN002917,CUST04827,551321,BUSINESS LOAN,12.01,120,Active,0.0
LOAN011106,CUST04599,2878516,Housing Loan,7.6,12,NULL,0.03
LOAN004043,CUST03571,2560956,Mortgage,8.89,60,Closed,0.01
LOAN006572,CUST04599,1869122,SME Loan,11.57,180,ongoing,0.0
LOAN009830,CUST04827,225174,PERSONAL LOAN,13.77,180,Current,0.0
LOAN007187,CUST00167,,Vehicle Loan,9.92,84,Default,0.13
LOAN001832,CUST00247,171426,personal loan,13.27,36,ACTIVE,0.0
LOAN011551,CUST02933,1044747,car loan,10.66,84,Paid Off,0.0
LOAN001144,CUST03607,1788899,SME Loan, ,12,active,0.99
LOAN010800,CUST05347,1464829,car loan,10.87,48,Fully Paid,0.0
LOAN011706,CUST03189,491618,PERSONAL LOAN,11.9,N/A,Open,0.0
LOAN005303,CUST01798,1543807,business loan,11.93,36,Defaulted,0.99
LOAN007719,CUST00552,4471025,Housing Loan,9.63,120,PAID,0.0
LOAN004115,CUST00843,122271,personal loan,11.84,24,Current,0.0
LOAN001932,CUST05823,1042448,Vehicle Loan,12.31,60,Open,0.0
LOAN001025,CUST00843,465262,Personal,12.84,12,Open,0.0
LOAN006431,CUST01140,1469817,Vehicle Loan,9.81,36,CLOSED,0.0
LOAN003048,CUST05707,636411,Car Loan,11.48,84,Open,0.0
LOAN001849,CUST00625,2722735,Home Loan,8.59, ,Default,0.99
LOAN008000,CUST04628,271793,personal loan,0,180,CLOSED,0.0
LOAN005587,CUST00552,591345,CAR LOAN,9.85,48,Open,0.0
LOAN011794,CUST05436,186759,Personal,12.24,84,Closed,0.0
LOAN001397,CUST00552,1048757,Business Loan,12.04,84,ongoing,0.0
LOAN010955,CUST03562,1321671,Housing Loan,10.6,-12,DEFAULT,0.0
LOAN011476,CUST00709,480404,Car Loan,10.5,240,active,#N/A
LOAN003641,CUST00709,379400,Car Loan,10.61,36,Fully Paid,0.0
LOAN009256,CUST05328,1418711,Auto Loan,11.33,60,CLOSED,0.0
LOAN006453,CUST02437,571359,car loan,9.79,24,Closed,0.99
LOAN010480,CUST01483,425672,Personal,13.61,48,Default,0.36
LOAN002175,CUST04270,1222921,Housing Loan,9.59,180,Paid,0.0
LOAN000216,CUST00247,65686,PL,14.29,12,PAID,0.0
LOAN011037,CUST04270,"₹192,410",Personal Loan,14.03,120,PAID,0.0
LOAN010784,CUST03277,309961,PERSONAL LOAN,13.36,12,CLOSED,0.99
LOAN008932,CUST05183,332780,personal loan,nan,Unknown,Paid,0.28
LOAN008426,CUST02173,679471,Education Loan,9.73,48,Paid,0.0
LOAN004554,CUST00587,199230,,13.55,-12,Open,0.0
LOAN007259,CUST03160,281467,car loan,10.58,180,Open,0.14
LOAN003825,CUST03189,999999999,education loan,8.68,84,ONGOING,
LOAN004145,CUST00843,269135,Car Loan,8.76,84,ONGOING,0.0
LOAN011825,CUST03808,3015351,Housing Loan,10.1,240,DEFAULT,0.99
LOAN006244,CUST04599,565092,Auto Loan,9.23,240,Paid,0.0
LOAN006845,CUST00685,2926003,HOME LOAN,9.81,60,DEFAULT,NULL
LOAN006810,CUST00552,1476793,Home Loan,8.31,48,paid,0.0
LOAN010335,CUST05436,4859568,Mortgage,8.57,36,Open,0.02
LOAN009845,CUST05436,2929549,Housing Loan,7.77,,Closed,0.01
LOAN004673,CUST03839,137230,Personal Loan,12.92,240,Open,0.0
LOAN007752,CUST04827,1036697,car loan,11.29,48,N/A,0.0
LOAN008467,CUST00015,410085,EDUCATION LOAN,16.63,84,Bad Debt,0.0
LOAN005250,CUST02643,703025,car loan,11.15,60,#N/A,0.0
LOAN000651,CUST01901,"317,775",PL,12.05,12,Bad Debt,0.0
LOAN010117,CUST04084,4703926,Housing Loan,10.01,12,CLOSED,0.05
LOAN006936,CUST05069,2956833,HOME LOAN,7.29,48,Open,-0.5
LOAN007844,CUST04628,433671,personal loan,13.05,180,ongoing,NULL
LOAN009776,CUST00587,659151,Vehicle Loan,10.21,180,active,0.0
LOAN004876,CUST00587,609082,EDUCATION LOAN,-5,84,Active,nan
LOAN007800,CUST03189,2875341,business loan,11.07,84,CLOSED,0.0
LOAN007939,CUST02950,311237,PERSONAL LOAN,13.99,48,N/A,0.0
LOAN011949,CUST03839,4095559,Home Loan,8.19,84,Ongoing,0.01
LOAN008779,CUST00657,999999999,Vehicle Loan,8.92,12,Paid Off,0.99
LOAN000701,CUST04628,236908,Personal Loan,12.96,84,PAID,0.0
LOAN004014,CUST00247,3290636,home loan,9.32,60,CLOSED,0.01
LOAN002798,CUST00543,304456,CAR LOAN,9.86,84,CLOSED,0.42
LOAN007864,CUST00090,1907586,SME Loan,12.46,NULL,CLOSED,0.0
LOAN011619,CUST05347,719614,car loan,Unknown,24,ACTIVE,0.0
LOAN006994,#N/A,492979,Personal Loan,14.27,36,Closed,0.0
LOAN003786,CUST02643,832627,NULL,11.37,12,Ongoing,0.01
LOAN003246,CUST03677,1795035,SME Loan,10.99,48,Ongoing,0.0
LOAN010918,CUST00090,223624,PERSONAL LOAN,13.38,120,ONGOING,0.0
LOAN002337,CUST05069,245212,Personal Loan,12.38,180,#N/A,0.0
LOAN000713,CUST01115,4282061,#N/A,8.67,240,Charged Off,0.99
LOAN006960,CUST04084,175912,PL,14.79,Unknown,Active,0.0
LOAN003609,CUST03222,446790,SME Loan,12.35,180,CLOSED,0.0
LOAN001613,CUST04084,182429,personal loan,14.74,120,active,0.0
LOAN000548,CUST00247,4390996,Mortgage,9.04,36,Closed,0.01
LOAN011456,CUST03839,1978003,Home Loan,7.97,84,ACTIVE,0.0
LOAN010455,CUST03189,766061,Business Loan,11.72,180,ONGOING,0.0
LOAN006264,CUST05069,2824525,Business Loan,11.09,180,PAID,0.0
LOAN006156,CUST04084,755700,Biz Loan,12.41,48,Defaulted,0.0
LOAN001787,CUST02643,953797,Car Loan,10.82,48,Ongoing,0.0
LOAN007570,CUST05347,265406,Vehicle Loan,10.3,0,active,0.0
LOAN010649,CUST03824,1661000,Business Loan,12.47,36,CLOSED,0.01
LOAN011463,CUST02173,1218195,CAR LOAN,10.99,60,paid,Unknown
LOAN003865,CUST03839,98287,PERSONAL LOAN,12.39,12,PAID,0.0
LOAN006036,CUST05069,4909615,Housing Loan,8.39,240,Current,0.0
LOAN006014,CUST01281,221886,PERSONAL LOAN,13.79,120,Paid Off,0.0
LOAN006053,CUST02643,3963940,home loan,8.66,12,Fully Paid,0.04
LOAN008837,CUST00090,"228,652",PL,14.28,240,Open,0.0
LOAN001931,CUST04053,3674766,Mortgage,7.28,120,ACTIVE,0.99
LOAN004714,CUST03239,557588,EDUCATION LOAN,10.69,180,Charged Off,0.47
LOAN011441,CUST03562,210527,Student Loan,11.99,120,paid,0.0
LOAN004313,CUST02643,999413,SME Loan,12.87,240,Ongoing,0.0
LOAN007733, ,218524,N/A,13.26,84,Unknown,0.0
LOAN007743,CUST02643,96735,personal loan,nan,180,active,0.0
LOAN006120,CUST00090,199390,Personal Loan,14.42,120,PAID,0.0
LOAN006065,CUST04827,2779682,Home Loan,nan,84,Active,0.0
LOAN008805,CUST00090,"₹380,111",personal loan,13.42,24,ACTIVE,0.0
LOAN007186,CUST00015,372605,Student Loan, ,24,Bad Debt,0.0
LOAN000995,CUST00015,230378,EDUCATION LOAN,17.62,36,paid,0.0
LOAN007216,CUST05735,385954,Vehicle Loan,10.57,60,Current,0.0
LOAN003038,CUST03839,2316307,Housing Loan,8.29,24,active,0.01
LOAN011307,CUST03571,"301,018",#N/A,14.39,84,ACTIVE,0.0
LOAN001357,CUST02173,2386297,Mortgage,8.14,180,Open,0.0
LOAN003208,CUST00709,411663,Personal Loan,13.97,36,CHARGED OFF,0.0
LOAN000395,CUST04599,2343836,NULL,11.93,60,Current,0.0
LOAN009235,CUST05328,218358,personal loan,13.24,12,ONGOING,0.0
LOAN004701,CUST05735,293920,car loan,9.84,180,Current,0.0
LOAN011214,CUST02454,54923,Personal,12.0,240,ACTIVE,0.02
LOAN005273,CUST03280,99858,Personal,14.1,240,Active,0.0
LOAN005170,CUST01281,621605,Auto Loan,10.43,84,Fully Paid,0.0
LOAN009472,CUST01025,"4,900,307",home loan, ,48,Open,0.01
LOAN009493,CUST02933,3313502,Home Loan,NULL,48,ongoing,2.5
LOAN008039,CUST05707,968148,SME Loan,12.64,60,Paid,0.0
LOAN001306,CUST05823,976005,business loan,14.0,36,Current,0.0
LOAN004429,CUST05347,"₹1,113,316",Home Loan,9.44,-12,Fully Paid,0.0
LOAN003886,CUST01500,1382526,Housing Loan,6.97,120,ACTIVE,0.0
LOAN008573,CUST03189,448024,Personal,11.81,180,CLOSED,0.0
LOAN006195,CUST00709,1300967,car loan,9.37,36,Open,0.0
LOAN011662,CUST00015,998380,car loan,18.46,240,Bad Debt,0.0
LOAN000536,CUST00090,722363,Vehicle Loan,9.9,84,Paid Off,0.0
LOAN003261,CUST05735,964231,car loan,9.77,180,PAID,0.0
LOAN002876,CUST03677,767652,Car Loan,10.2,24,PAID,0.0
LOAN001571,CUST04599,973563,Car Loan,,180,CLOSED,
LOAN004941,CUST03222,3822774,Home Loan,9.33,48,Current,0.01
LOAN003742,CUST03222,3471710,home loan,9.73,Unknown,Fully Paid,0.0
LOAN000703,CUST03824,1179650,car loan,10.46,12,paid,0.01
LOAN002898,CUST01281,472859,PL,13.63,60,ONGOING,0.0
LOAN001637,CUST03562,2815780,nan,11.11,120,PAID,0.0
LOAN005605,CUST03562,242746, ,10.89,180,ONGOING,0.0
LOAN000930,CUST05347,250073,Personal Loan,14.66,120,Closed,0.0
LOAN004182,CUST02906,1327157,Housing Loan,8.23,N/A,active,0.99
LOAN003074,CUST03571,586012,Edu Loan,9.44,240,Active,0.0
LOAN004569,CUST05069,1364080,Unknown,10.48,24,Active,0.01
LOAN009452,CUST01500,Unknown,,11.17,84,PAID,0.0
LOAN010517,CUST04599,3079383,Mortgage,7.38,12,Paid,0.03
LOAN006011,CUST03222,3840420,Home Loan,9.42,48,Defaulted,0.01
LOAN001928,CUST05707,149197,Personal Loan,15.06,24,Ongoing,0.0
LOAN002291,CUST05707,371155,PERSONAL LOAN,15.1,180,Charged Off,0.0
LOAN005916,CUST01500,1169261,Car Loan,10.0,120,active,0.0
LOAN003840,CUST04628,2314051,business loan,11.81,48,Open,0.01
LOAN007028,CUST04084,196117,Education Loan,11.04,#N/A,paid,0.0
LOAN005335,CUST03824,460431,personal loan,13.49, ,active,0.0
LOAN000696,CUST03222,222880,PERSONAL LOAN,14.21,84,Paid Off,0.0
LOAN009390,CUST00015,1413728,Biz Loan,19.53,48,default,0.0
LOAN007021,CUST02643,nan,car loan,9.4,60,Fully Paid,0.0
LOAN010742,CUST03222,2419152,Home Loan,8.34,120,paid,0.0
LOAN010757,CUST04827,4816531,home loan,9.48,120,paid,0.0
LOAN008472,CUST05328,3355058,Housing Loan,10.13,84,paid,
LOAN011484,CUST05707,331888,PL,14.76,120,Closed,0.0
LOAN000098,CUST05347,405276,CAR LOAN,11.34,84,Current,0.0
LOAN001869,CUST03562,"1,728,399",HOME LOAN,10.55,60,Open,0.0
LOAN004745,CUST03222,248295,PERSONAL LOAN,13.25,24,ONGOING,0.0
LOAN006046,CUST00843,795962,HOME LOAN,8.2,36,PAID,0.0
LOAN004402,CUST00552,2470543,business loan,13.19,36,ACTIVE,#N/A
LOAN008856,CUST00015,319119,personal loan,20.41,84,Fully Paid,0.0
LOAN011689,CUST05735,nan,Car Loan,8.94,24,Closed,2.5
LOAN003286,CUST05069,724627,Car Loan,8.29,60,Open,0.0
LOAN004930,CUST01500,1566338,HOME LOAN,6.85,48,ongoing,0.0
LOAN010308,CUST05735,393568,Business Loan,11.49,48,ongoing,0.0
LOAN010490,CUST05069,1732909,HOME LOAN,8.26,48,ONGOING,0.0
LOAN009124,CUST04270,549035,HOME LOAN,9.06,84,ongoing,0.0
LOAN003418,CUST03824,896014,Car Loan,10.98,12,Paid,0.01
LOAN011071,CUST00587,1067790,NULL,11.13,12,Paid Off,0.01
LOAN001193,CUST05707,429347,Personal,13.68,48,ACTIVE,0.0
LOAN003890,CUST05735,836441,car loan,9.04,120,paid,0.0
LOAN005662,CUST03677,385629,Vehicle Loan,9.81,60,Current,0.0
LOAN010586,CUST03562,"₹1,163,152",#N/A,10.84,120,Current,0.0
LOAN004897,CUST04744,815296,business loan,13.6,240,Current,Unknown
LOAN002962,CUST03571,2581098,business loan,13.63,120,CLOSED,99
LOAN000016,#N/A,464137,Unknown,10.5,36,Open,0.0
LOAN004565,CUST00090,1153444,Car Loan,11.54,36,paid,0.0
LOAN001486,CUST01140,253412,personal loan,13.14,60,Paid,0.0
LOAN007647,CUST05347,207461,CAR LOAN,10.66,12,Ongoing,0.0
LOAN010165,CUST02643,370571,Personal,13.23,120,Active,0.0
LOAN009234,CUST00552,1754059,,8.25,60,ACTIVE,0.0
LOAN011690,CUST05436,382881,CAR LOAN,8.8,84,Active,0.0
LOAN010015,CUST01140,374717,EDUCATION LOAN,75,36,CLOSED,0.0
LOAN004322,CUST01025,1164508,business loan,12.44,84,ongoing,0.0
LOAN008374,CUST05069,"₹240,152",personal loan,12.11,120,Active,0.0
LOAN006716,CUST01901,"₹1,152,315",car loan,9.31,24,ACTIVE,0.01
LOAN006948,CUST03839,3978771,Mortgage,9.61,60,Fully Paid,0.01
LOAN005064,CUST05328,4278186,Housing Loan,8.38,240,Paid,0.0
LOAN001438,CUST02173,1506520,HOME LOAN,8.15,12,default,0.02
LOAN010775,CUST00090,769140,EDUCATION LOAN,10.3,36,Ongoing,0.0
LOAN004104,CUST00090,4785892,Mortgage,9.25,36,paid,0.02
LOAN006613,CUST00015,157501,Education Loan,16.95,180,Defaulted,0.0
LOAN005276,CUST00247,Unknown,Car Loan,11.39,240,Current,N/A
LOAN004999,CUST02950,2232206,home loan,9.4,60,Paid Off,0.0
LOAN005085,CUST05347,787169,car loan,11.6,-12,Paid Off,0.0
LOAN007287,CUST04270,302493,Personal Loan,13.92,N/A,active,0.0
LOAN008797,CUST05347,180559,PERSONAL LOAN,14.04,48,Current,0.0
LOAN004715,CUST01500,654274,HOME LOAN,7.09,36,Open, 
LOAN003136,CUST02173,1151708,Biz Loan,11.73,12,ONGOING,0.01
LOAN000578,CUST03189,457146,EDUCATION LOAN,9.81,240,Ongoing,0.0
LOAN001428,CUST04084,90370,Personal Loan,15.21,180,ongoing,0.0
LOAN011620,CUST03677,3060872,Mortgage,8.21,48,Paid,0.01
LOAN002207,CUST04084,1286695,Car Loan,10.78,120,ACTIVE,0.0
LOAN009889,#N/A,1984055,HOME LOAN,10.63,60,Charged Off,0.99
LOAN007899,CUST03677,428109,personal loan,11.65,120,paid,0.0
LOAN000352,CUST05328,1276011,Auto Loan,11.42,36,ongoing,0.0
LOAN001737,CUST03571,112208,Edu Loan,9.96,12,paid,0.0
LOAN000421,CUST03571,764995,Business Loan,12.01,120,CLOSED,0.0
LOAN007979,CUST02643,899337,Vehicle Loan,10.49,12,Paid,0.01
LOAN002059,CUST05823,,PERSONAL LOAN,14.68,36,Current,0.0
LOAN011843,CUST00015,194662,Student Loan,17.69,84,default,0.0
LOAN011577,CUST05735,1668343,business loan,11.86,12,active,0.02
LOAN011635,CUST01281,182790,Student Loan,9.88,60,Ongoing,0.0
LOAN001441,CUST00552,1365929,Auto Loan,10.74,180,ongoing,0.0
LOAN001964,CUST05707,217344,PL,14.17,12,Open,0.0
LOAN000669,CUST00247,680521,education loan,nan,240,active,0.0
LOAN003803,CUST02173,NULL,Vehicle Loan,10.69,24,active,0.0
LOAN001885,CUST00552,291262,Personal Loan,12.32,48,Current,0.0
LOAN002960,CUST03189,1202887,HOME LOAN,7.95,48,Fully Paid,0.0
LOAN005440,CUST05069,"₹265,029",EDUCATION LOAN,9.13,120,Active,0.0
LOAN004980,CUST00090,999999999,Business Loan,12.01,180,Unknown,0.0
LOAN009915,CUST04270,271767,Car Loan,0,180,ONGOING,0.0
LOAN008359,CUST00247,1464518,Car Loan,10.81,12,ONGOING,0.01
LOAN003639,CUST03222,"₹224,671",personal loan,14.53,120,CLOSED,0.0
LOAN011406,CUST00161,Unknown,N/A,12.08,84,Closed,0.07
LOAN006021,CUST05069,361670,Student Loan,9.23,12,active,0.0
LOAN010609,CUST00709,2454014,home loan,8.17,48,Charged Off,0.01
LOAN003412,CUST00843,1034631,Auto Loan,9.41,120,Charged Off,0.0
LOAN008536,CUST04270,365177,personal loan,nan,36, ,0.0
LOAN009792,CUST00709,1833635,Biz Loan,,12,ONGOING,0.02
LOAN002835,CUST02173,257185,Personal,13.66,120,Open,0.0
LOAN011102,CUST03189,288394,PL,11.83,12,ONGOING,0.0
LOAN007540,CUST04827,207856,PL,13.81,240,Active,0.0
LOAN000774,nan,4784920,Mortgage,,120,CLOSED,0.0
LOAN010169,CUST04084,253341,Auto Loan,10.62,240,CLOSED,0.0
LOAN008705,CUST04084,478671,personal loan,14.99,48,Ongoing,0.0
LOAN008880,CUST05398,523490,EDUCATION LOAN,10.84,48,Paid Off,0.99
LOAN010272,CUST03222,1397289,Car Loan,11.08,180,ONGOING,0.0
LOAN003565,CUST03824,1407520,business loan,13.19,NULL,active,0.0
LOAN011821,CUST02643,3249135,Housing Loan,8.7,180,ONGOING,0.0
LOAN002114,CUST02950,4443667,Home Loan,8.1,60,Default,0.01
LOAN005391,CUST03217,421441,PL,13.37,180,Ongoing,0.26
LOAN009654,CUST01281,"2,694,652",BUSINESS LOAN,12.19,24,Open,0.01
LOAN008449,CUST05347,NULL, ,10.88,240,,0.0
LOAN011925,CUST03280,280382,education loan,10.07,180, ,0.0
LOAN004526,CUST00590,1398880,Vehicle Loan,10.92,60,Fully Paid,0.99
LOAN002359,CUST01901,"191,493",EDUCATION LOAN,8.35,180,active,0.0
LOAN000820,CUST03222,1314507,Auto Loan,11.62,240,Ongoing,-0.5
LOAN007519,CUST00843,241885,education loan,8.19,12,ACTIVE,0.0
LOAN001975,CUST05823,780250,BUSINESS LOAN,13.39,48,PAID,N/A
LOAN001304,CUST04270,2785120,home loan,9.51,12,Current,0.03
LOAN004718,CUST00552,1852171,home loan,8.08,36,Active,0.01
LOAN005116,CUST03571,403245,personal loan,12.76,180,PAID,0.0
LOAN010207,CUST02950,708162,business loan,11.84,180,ACTIVE,0.0
LOAN010787,CUST03571,NULL,PL,12.82,84, ,0.0
LOAN010097,CUST01500,987076,CAR LOAN,9.35,48,ACTIVE,0.0
LOAN004846,CUST01500,64206,PERSONAL LOAN,11.66,12,Paid,0.0
LOAN009738,CUST03677,2387785,BUSINESS LOAN,Unknown,36,ongoing,0.01
LOAN001804,CUST04599,2790834,Biz Loan,11.37,48,CLOSED,0.01
LOAN005994,CUST03562,"220,428",Personal,15.49,84,active,0.0
LOAN007866,CUST03562,2808057,home loan,9.91,60,Paid,0.01
LOAN000783,CUST03189,684818,education loan,9.35,240,ACTIVE,0.0
LOAN002990,CUST01281,1209697,Vehicle Loan,11.26,84,N/A,0.0
LOAN000007,CUST04628,3935152,Home Loan,8.76,84,ongoing,0.01
LOAN008907,CUST04084,443901,PERSONAL LOAN,14.71,240,Current,0.0
LOAN006370,CUST03280,161158,personal loan,14.05,24,paid,0.0
LOAN008180,CUST01901,195985,,8.1,180,Active,0.0
LOAN006880,CUST05328,999999999,Auto Loan,10.62,240,PAID,0.0
LOAN005093,CUST03204,1243383,CAR LOAN,11.47,60,Charged Off,0.99
LOAN005475,CUST05347,153136,personal loan,14.01,120,CLOSED,0.0
LOAN000346,CUST04827,1825235,Housing Loan,9.42,24,PAID,0.01
LOAN002666,CUST02173,-1000,Edu Loan,Unknown,60,ACTIVE,0.0
LOAN009020,CUST01500,107204,Personal,12.87,120,paid,0.0
LOAN010801,CUST04599,265617,Vehicle Loan,120,NULL,Current,0.0
LOAN002452,CUST04233,1785180,Housing Loan,9.21,240,Fully Paid,0.54
LOAN000628,CUST00587,1347606,Housing Loan,9.96,60,ACTIVE,0.0
LOAN001567,CUST04599,423270,#N/A,10.1,48,ACTIVE,0.0
LOAN005235,CUST02950,388185,PL,13.55,36,PAID,0.0
LOAN004356,CUST02863,3949048,Home Loan,8.89,600,Bad Debt,0.99
LOAN005033,CUST00843,4354872,HOME LOAN,8.76,120,paid,0.0
LOAN006867,CUST02643,332947,personal loan,13.03,48,Active,0.0
LOAN011294,CUST02553,994428,Housing Loan,6.81,48,ongoing,0.99
LOAN010400,CUST04084,0,PL,-5,120,ONGOING,0.0
LOAN011607,CUST01025,396824,PERSONAL LOAN,13.21,36,NULL,0.0
LOAN005434,CUST04621,"₹76,250",Personal Loan,13.42,48,CLOSED,0.16
LOAN004844,CUST02109,1330796,car loan,9.11,84,ACTIVE,0.67
LOAN009091,CUST02173,1022191,car loan,9.21,60,Closed,-0.5
LOAN011099,CUST01140,171817,personal loan,11.91,120,Ongoing,0.0
LOAN007283,CUST04339,385951,Personal Loan,13.69,84,Default, 
LOAN002103,CUST05735,448445,personal loan,12.72,60,Paid,0.0
LOAN003508,CUST00709,"₹3,876,514",HOME LOAN,8.59,36,Closed,0.01
LOAN002903,CUST00709,383485,Personal Loan,13.71,60,active,0.0
LOAN010131,CUST00843,1476479,Vehicle Loan,9.94,48,Paid,0.0
LOAN000436,CUST03280,816780,Car Loan,10.8,180,Open,0.0
LOAN004833,CUST04139,3524074,Home Loan,10.0,36,Charged Off,0.99
LOAN001350,CUST03280, ,business loan,13.45,240,paid,0.0
LOAN009558,CUST00503,322454,PL,13.84,24,PAID,0.99
LOAN002004,CUST04628,429437,Personal,13.58,120,active,0.0
LOAN001828,nan,2033266,business loan,11.71,48,Fully Paid,0.01
LOAN000710,CUST03222,1434106,Auto Loan,10.74,36,Current,0.0
LOAN009637,CUST00843,1578235,Biz Loan,12.51,120,Active,0.0
LOAN010636,,2347901,HOME LOAN,8.48,36,active,0.01
LOAN010802,CUST04827,"1,186,014",Car Loan,10.09,120,Paid,0.0
LOAN008751,CUST00552,"390,702",Education Loan,10.01,,Paid Off,0.0
LOAN007655,#N/A,4129273,Home Loan,7.64,24,Bad Debt,0.99
LOAN005009,CUST04084,2155775,Housing Loan,75,24,paid,0.01
LOAN007437,CUST02032,312082,PERSONAL LOAN,13.47,48,Fully Paid,0.27
LOAN011864,CUST03571,458567,Personal Loan,13.74,48,PAID,0.0
LOAN006678,CUST04827,2879006,Biz Loan,13.08,36,ACTIVE,0.01
LOAN002639,CUST04628,250351,PERSONAL LOAN,12.58,,Fully Paid,0.0
LOAN005799,CUST03839,121649,PERSONAL LOAN,12.56,12,ONGOING,0.0
LOAN000958,CUST04827,1151494,business loan,11.8,120,active,0.0
LOAN006756,CUST01500,N/A,personal loan,12.67,120,Active,0.0
LOAN011566,CUST04084,1012112,Car Loan,#N/A,60,CHARGED OFF,nan
LOAN007980,CUST03888,"₹234,851",N/A,14.35,36,Defaulted,0.34
LOAN006419,CUST02173,1870726,business loan,12.36,240,Paid,0.0
LOAN004314,CUST05347,375425,PERSONAL LOAN,13.76,60,PAID,0.0
LOAN004798,CUST00843,1255384,Car Loan,10.23,36,Paid Off,0.0
LOAN007606,CUST03280,2211339,Housing Loan,10.47,24,paid,99
LOAN001654,CUST04599,326433,PERSONAL LOAN,11.98,84,paid,0.0
LOAN006067,CUST00768,1188072,BUSINESS LOAN,12.14,24,ongoing,0.99
LOAN001516,CUST02786,676298,car loan,10.91,120,Closed,0.29
LOAN005943,CUST00015,4644977,Mortgage,17.37,60,Paid,0.01
LOAN004663,CUST00015,1892371,HOME LOAN,16.7,#N/A,default,0.02
LOAN011770,CUST04270,"2,593,441",Home Loan,8.46,36,active,0.01
LOAN007726,CUST05436,336701, ,nan,12,ongoing,N/A
LOAN009459,CUST00552,923786,Vehicle Loan,9.55,48,ongoing,0.0
LOAN003536,CUST02173,1934437,HOME LOAN,9.16,60,Paid,Unknown
LOAN005253,CUST05347,384567,personal loan,15.22,12,Active,-0.5
LOAN001331,CUST03571,767507,Education Loan,9.66,12,ACTIVE,0.01
LOAN011932,CUST04362,1845628,Business Loan,13.29,84,Paid Off,0.99
LOAN002954,CUST05436,145728,Edu Loan,9.29,24,Open,0.0
LOAN004432,CUST05069,843136,HOME LOAN,7.4,180,Current,99
LOAN002237,CUST05823,3652445,Mortgage,10.17,24,Closed,0.02
LOAN011320,CUST00587,3876527,HOME LOAN,8.52,12,CLOSED,0.04
LOAN006869,CUST00090,"2,311,922",HOME LOAN,9.83,120,Active,0.0
LOAN002138,CUST01281,"₹662,756",Car Loan,11.16,36,active,0.0
LOAN006574,CUST00015,547475,Edu Loan,17.59,60,paid,0.0
LOAN000144,CUST03839,"4,072,808",Mortgage,8.82,84,Ongoing,0.01
LOAN002675,#N/A,174078,Personal Loan,13.27,120,CLOSED,0.0
LOAN007524,CUST02769,2057887,Home Loan,8.61,120,Closed,0.99
LOAN010029,CUST00843,251412,Education Loan,8.59,240,ongoing, 
LOAN007763,CUST02950,NULL,PERSONAL LOAN,13.96,36,ONGOING,0.0
LOAN006470,CUST03280,162045,PL,13.99,36,paid,0.0
LOAN006039,CUST05186,3642633,home loan,9.91,24,Closed,0.99
LOAN001588,CUST05040,608620,Biz Loan,12.86,48,nan,0.99
LOAN005139,CUST01025,472671,PL,13.09,60,ongoing,0.0
LOAN004451,CUST03677,538554,Student Loan,9.42,84,active,0.0
LOAN001864,CUST04270,NULL,PERSONAL LOAN,14.4,36,ONGOING,0.0
LOAN011047,CUST03562,238082,PERSONAL LOAN,14.34,120,PAID,0.0
LOAN011599,CUST03839,1317229,CAR LOAN,11.07,180,Ongoing,0.0
LOAN011492,CUST00090, ,Housing Loan,8.42,120,ongoing,0.0
LOAN003398,CUST04599,4597971,Housing Loan,7.13,36,active,0.02
LOAN002543,CUST01140,921666,CAR LOAN,0,180,Active,0.0
LOAN010887,CUST04084,1304783,Vehicle Loan,11.76,12,Current,0.01
LOAN008323,CUST00015,2012219,SME Loan,19.91,180,Default,
LOAN003428,CUST00015,1582416,Business Loan,19.33,120,N/A,0.0
LOAN008388,CUST05347,1482406,Car Loan,11.39,84,active,0.0
LOAN000837,CUST00247,373205,PL,12.91,240,Open,0.0
LOAN000839,CUST02933,2072669,Biz Loan,12.69,120,Ongoing,0.0
LOAN006717,CUST03222,3476882,Mortgage,#N/A,60,Fully Paid,0.01
LOAN008436,CUST01025,1032978,Auto Loan,10.43,84,ACTIVE,0.0
LOAN005982,CUST01281,597692,Student Loan,10.35,180,PAID,0.0
LOAN001130,CUST04599,721848,Vehicle Loan,9.83,84,nan,0.0
LOAN008387,CUST03189,1497995,,12.08,120,Ongoing,0.0
LOAN002564,CUST01500,1222457,Auto Loan,9.19,N/A,ONGOING,0.0
LOAN000190,CUST03932,4467383,Mortgage,8.16,24,DEFAULT,0.99
LOAN008415,CUST00247,64181,Personal,12.85,84,Ongoing,0.0
LOAN007099,CUST02937,335030,Edu Loan,10.86,60,Charged Off,0.53
LOAN010176,CUST05069,771774,Home Loan,8.38,36,paid,0.0
LOAN006055,CUST00709,770080,EDUCATION LOAN,9.58,12,Active,0.01
LOAN007072,CUST01025,2585648,home loan,8.25,36,Closed,0.01
LOAN004415,CUST03222,233335,Student Loan,11.04,84,Current,0.0
LOAN000073,CUST04827,"₹1,152,809",Vehicle Loan,10.94,48,Active,0.0
LOAN005811,CUST05429,4295504,HOME LOAN,8.38,120,Paid Off,0.99
LOAN003687,CUST02643,2902030,BUSINESS LOAN,11.75,12,Closed,0.03
LOAN011712,CUST03677,278735,PERSONAL LOAN,11.58,240,Current,0.0
LOAN006971,CUST05904,2234814,home loan,8.8,240,Closed,
LOAN005643,CUST05611,1044554,CAR LOAN,10.32,180,Charged Off,0.99
LOAN006632,CUST02173,911051,Car Loan,9.6,36,ongoing,0.0
LOAN010509,CUST05735,321554,Personal,12.76,36,Paid,0.0
LOAN002491,CUST00247,725526,Auto Loan,10.61,36,ACTIVE,0.0
LOAN011897,CUST01500,260885,Auto Loan,8.67,24,PAID,0.0
LOAN001847,CUST00090,308636,personal loan,13.95,Unknown,Closed,0.0
LOAN010875,CUST05069,797997,Vehicle Loan,8.92,120,Open,0.0
LOAN011565,CUST03562,235395,Personal Loan,15.64,240,Fully Paid,0.0
LOAN000938,CUST04264,1645942,Mortgage,9.97,NULL,Closed,0.43
LOAN007729,CUST00090,-1000,PL,14.32,60,ACTIVE,0.0
LOAN004988,CUST02929,"₹1,076,058",Auto Loan,11.73,240,Paid Off,0.46
LOAN011906,CUST04270,2542407,Biz Loan,11.71,600,ongoing,0.01
LOAN007498,CUST05823,687818,EDUCATION LOAN,10.32,12,nan,0.01
LOAN009149,CUST00090,95555,PERSONAL LOAN,12.86,24,CLOSED,0.0
LOAN002055,CUST05823,91830,PERSONAL LOAN,#N/A,24,ongoing,0.0
LOAN006964,CUST00247,-1000,Biz Loan,13.16,N/A,Current,0.0
LOAN003259,CUST05446,99157,PERSONAL LOAN,15.4,180,active,0.04
LOAN005625,CUST03839,634062,CAR LOAN,9.24,180,CLOSED,0.0
LOAN007372,CUST00843,606954,Education Loan,8.4,240,CLOSED,0.0
LOAN000792,CUST01319,298714,Personal,13.17,36,Paid,0.92
LOAN003121,CUST04599,126750,#N/A,9.29,180,ACTIVE,0.0
LOAN000689,CUST04084,"₹1,726,149",business loan,12.45,180,Paid Off,#N/A
LOAN001267,CUST05823,2194080,Mortgage,10.69,84,Active,0.0
LOAN007810,CUST05707,163605,education loan,nan,120,PAID,0.0
LOAN005241,CUST03222,318610,PERSONAL LOAN,13.9,60,Defaulted,0.0
LOAN009436,CUST04084,1043262,HOME LOAN,9.96,240,Ongoing,0.0
LOAN006458,CUST01140,224487,PL,12.89,60,Ongoing,0.0
LOAN007724,CUST02232,322203,Personal,13.03,36,N/A,0.37
LOAN011762,CUST03189,2598563,HOME LOAN,8.95,36,Paid Off,0.01
LOAN000844,CUST02933,1175647,Vehicle Loan,11.08,48,Open,0.0
LOAN011852,CUST00015,"₹524,952",Vehicle Loan,18.05,240,Defaulted,
LOAN010083,CUST05328,1095544,Vehicle Loan,10.31,240,ongoing,99
LOAN011196,CUST04599,2149181,Housing Loan,7.7,36,Closed,0.01
LOAN008795,CUST05347,1008340,Car Loan,11.13,60,Paid Off,0.0
LOAN010099,CUST04827,3098935,Housing Loan,8.36,84,ACTIVE,0.0
LOAN006486,CUST00247,3062551,HOME LOAN,8.08,N/A,ONGOING,0.03
LOAN004119,CUST04270,873916,CAR LOAN,11.44,84,PAID,0.0
LOAN009980,CUST03562,484070,PL,15.1,-12,Ongoing,0.0
LOAN004800,CUST03022, ,EDUCATION LOAN,11.2,240,CLOSED,0.26
LOAN008789,CUST01500,1160010,business loan,11.86,240,Unknown,0.0
LOAN007474,CUST04827,1245820,Car Loan,11.05,36,Ongoing,0.0
LOAN009703,CUST00015,4298064,HOME LOAN,15.97,24,PAID,0.02
LOAN005586,CUST01140,100296,Personal Loan,12.94,120,ONGOING,0.0
LOAN008084,CUST04628,"391,872",personal loan,14.15,180,paid,0.0
LOAN005978,CUST04270,223759,Personal Loan,13.72,36,ONGOING,0.0
LOAN010740,CUST01901,435459,Education Loan,8.8,36,Current,0.0
LOAN005063,CUST04726,3977141,Home Loan,9.04,180,Charged Off,0.99
LOAN002202,CUST05707,1316527,Vehicle Loan,11.27,84,Paid Off,0.0
LOAN005179,CUST03189,488624,PERSONAL LOAN,12.51,,Current,0.0
LOAN008274,CUST03189,1949630,Business Loan,11.74,36,Paid Off,0.01
LOAN010688,CUST04270,-1000,SME Loan,12.47,12,active,0.02
LOAN005772,CUST02850,"₹316,860",Biz Loan,12.05,48,Open,0.32
LOAN011629,CUST03824,1450431,,11.07,240,Open,0.0
LOAN009818,CUST04827,"1,161,005",CAR LOAN,9.75,24,Closed,0.01
LOAN002992,CUST05309,349054,PL,13.12,60,PAID,0.51
LOAN010829,CUST05069,382281,nan,8.85,240,ongoing,0.0
LOAN003805,CUST02848,229033,Personal Loan,N/A,240,PAID,0.12
LOAN002602,CUST00709,1875696,BUSINESS LOAN,13.05,60,Current,0.0
LOAN009767,CUST00015,368620,personal loan,20.67,120,Paid,0.0
LOAN002869,CUST00015,1201978,SME Loan,19.06,84,default,0.0
LOAN008570,CUST01140,1122254,Biz Loan,11.08,12,Active,0.01
LOAN005921,CUST00708,"96,633",PERSONAL LOAN,13.01,48,active,0.44
LOAN008993,CUST01140,848017,Business Loan,12.15,84,Open,0.0
LOAN011550,CUST00552,nan,Personal,13.23,84,Active,0.0
LOAN006145,CUST00247,443182,PL,13.75,12,ongoing,0.0
LOAN003919,CUST03677,594024,Mortgage,8.69,60,ONGOING,0.0
LOAN003353,CUST00090,"₹382,364",business loan,12.51,180,ONGOING,0.0
LOAN007168,CUST03839,"387,196",SME Loan,12.45,12,Ongoing,0.0
LOAN009963,CUST03222,2392723,home loan,8.3,120,ACTIVE,0.0
LOAN001187,CUST03280,"54,369",Personal,13.73,84,Closed,0.0
LOAN000286,CUST00843,"228,606",Personal,12.93,240,ACTIVE, 
LOAN008277,CUST05436,298365,personal loan,13.3,12,CLOSED,0.0
LOAN003215,CUST03222,2542934,BUSINESS LOAN,12.69,48,Current,0.01
LOAN002771,CUST00618,485677,Vehicle Loan,9.75,240,ONGOING,0.36
LOAN004064,CUST01025,1395356,SME Loan,,180,Active,0.0
LOAN006887,CUST03571,4800176,Housing Loan,9.22,48,Active,0.01
LOAN002533,CUST03677,293648,Education Loan,8.55,36,active,0.0
LOAN001423,CUST01281,385798,Personal,13.08,180,ACTIVE,0.0
LOAN008027,CUST05436,633033,Home Loan,7.54,84,Current,0.0
LOAN010489,CUST02173,350673,car loan,9.38,-12,paid,0.0
LOAN002397,nan,761165,HOME LOAN,8.87,24,Current,0.0
LOAN002885,CUST03677,59653,PL,13.04,120,Ongoing,0.0
LOAN004519,CUST01724,329597,personal loan,12.28,84,PAID,0.66
LOAN008153,CUST00247,3872973,Mortgage,8.67,12,Active,0.04
LOAN008810,CUST04628,349648,PERSONAL LOAN,13.33,84,Ongoing,0.0
LOAN000911,CUST04270,822501,car loan,10.88,36,ACTIVE,0.0
LOAN002933,CUST04827,83308,Personal Loan,13.64,84,paid,0.0
LOAN007834,CUST03189,772243,Education Loan,9.07,84,Open,0.0
LOAN006404,CUST02643,52985,Personal,13.59,240,PAID,0.0
LOAN002617,CUST02933,638217,SME Loan,12.25,60,Ongoing,0.0
LOAN004990,CUST00552,525659,car loan,10.29,240,active,0.0
LOAN009924,CUST03571,191119,personal loan,13.42,120,Paid Off,0.0
LOAN001662,CUST05735,152232,Personal Loan,12.81,24,Open,0.0
LOAN003211,CUST05707,812174,BUSINESS LOAN,14.22,240,Current,0.0
LOAN010772,CUST00090,709406,SME Loan, ,-12,ONGOING,0.0
LOAN001904,CUST01901,251512,PERSONAL LOAN,120,-12,ACTIVE,0.0
LOAN009560,CUST00247,663233,Vehicle Loan,,60,active,0.0
LOAN011364,N/A,NULL,Vehicle Loan,10.37,84,PAID,0.0
LOAN004594,CUST05000,4550752,HOME LOAN,8.23,84,paid,0.99
LOAN010942,CUST03811,946816,Car Loan,11.22,36,Paid Off,99
LOAN010197,CUST01500,896094,Business Loan,10.92,60,Open,0.0
LOAN010853,CUST01500,229928,Personal,12.14,180,ONGOING,0.0
LOAN000709,CUST03310,4501322,home loan,9.42,60,PAID,0.99
LOAN004743,CUST03839,2881216,Housing Loan,7.75,84,Open,0.0
LOAN000165,CUST03280,58780,PERSONAL LOAN,14.7,48,Active,0.0
LOAN011380,CUST00015,0,CAR LOAN,17.37,36,Paid,0.0
LOAN003492,CUST05707,764346,Auto Loan,10.93,120,Paid, 
LOAN003787,CUST05707,3842193,Mortgage,9.55,240,Active,0.0
LOAN002843,CUST01017,63634,PL,12.29,120,Open,N/A
LOAN006472,CUST03571,1109116,Vehicle Loan,9.99,24,paid,0.01
LOAN001545,CUST04084,666465,Vehicle Loan,12.21,12,Paid,0.01
LOAN007290,CUST02933,4403889,home loan,8.84,120,Current,0.0
LOAN007386,CUST05823,732286,Auto Loan,11.98,240,Paid,0.0
LOAN011266,CUST00247,729164,Auto Loan,10.06,240,active,0.0
LOAN003046,CUST00587,85962,Personal,14.55,60,ongoing,0.0
LOAN008034,CUST03839,1354644,car loan,10.91,240,ONGOING,0.0
LOAN010243,CUST04599,3711180,Mortgage,7.21,120,active,0.0
LOAN003990,CUST00934,4579443,Housing Loan,10.07,48,PAID,#N/A
LOAN007537,CUST05436,N/A,HOME LOAN,7.72,600,Open,0.0
LOAN011229,CUST03824,2940311,Housing Loan,9.81,600,PAID,0.0
LOAN001211,CUST02225,"₹4,222,401",HOME LOAN,9.67,240,Default,0.99
LOAN011317,N/A,310619,EDUCATION LOAN,8.51,240,Paid Off,0.0
LOAN008630,CUST04827,380259,PL,12.63,Unknown,Current,0.0
LOAN003197,CUST00587,137560,PL,13.05,84,ONGOING,0.0
LOAN004557,CUST02173,2596051,SME Loan,13.09,12,PAID,0.03
LOAN006633,CUST04084,2109929,business loan,14.1,36,CLOSED,0.01
LOAN000990,CUST02173,4082120,home loan,7.88,36,CLOSED,0.01
LOAN009068,CUST02173,177556,PERSONAL LOAN,13.57,36,active,0.0
LOAN004885,CUST05347,2401994,SME Loan,12.46,12,default,0.02
LOAN003284,CUST05823,910018,Auto Loan,10.58,60,active,0.0
LOAN010116,CUST05069,455432,Personal Loan,12.04,180,ACTIVE,
LOAN006109,CUST03562,212664,PL,15.03,120,ACTIVE,0.0
LOAN011866,CUST00587,1196197,business loan,12.65,48,Paid Off,0.0
LOAN007751,CUST04628,169338,Student Loan,10.23,120,Defaulted,0.0
LOAN008062,CUST01758,999999999,HOME LOAN,0,12,CHARGED OFF,0.99
LOAN001478,CUST04084,189257,Personal Loan,14.5,180,ONGOING,0.0
LOAN011402,CUST00843,3782765,Home Loan,8.48,84,PAID,0.01
LOAN003042,CUST03222,485657,personal loan,13.92,120,active,0.0
LOAN002656,CUST02173,337694,PERSONAL LOAN,12.17,12,CLOSED,0.0
LOAN007588,CUST00552,3902808,HOME LOAN,8.67,180,Ongoing,0.0
LOAN008424,CUST05736,376926,Personal,14.56,120,active,0.34
LOAN005194,CUST04903,1470673,SME Loan,13.46,N/A,Defaulted,0.99
LOAN007383,CUST02950,N/A,NULL,10.39,240,Active,0.0
LOAN010634,CUST00890,415837,personal loan,13.35,240,Active,0.52
LOAN008574,CUST02933,61977,PERSONAL LOAN,13.02,84,ACTIVE,0.0
LOAN003266,CUST02173,1249575,Auto Loan,9.21,180,Paid,0.0
LOAN010948,CUST00552,#N/A,Auto Loan,11.08,-12,Paid Off,0.0
LOAN006265,CUST05823,228028,PL,15.33,240,ACTIVE,0.0
LOAN008782,CUST01025,3334839,HOME LOAN,8.82, ,PAID,#N/A
LOAN004855,CUST01140,470234,personal loan, ,48,Open,0.0
LOAN006546,CUST03189,4769386,HOME LOAN,7.76,84,ACTIVE,0.01
LOAN006496,CUST05707,1316691,Vehicle Loan,12.26,240,Current,0.0
LOAN009321,CUST03222,4069096,home loan,9.94,36,Fully Paid,0.01
LOAN011068,CUST05436,1521827,Business Loan,11.76,180,Active,0.0
LOAN010263,CUST02950,2658631,SME Loan,11.93,12,Ongoing,0.03
LOAN006736,CUST04827,NULL,SME Loan,13.2,24,Paid,0.01
LOAN010429,CUST03677,729431,Vehicle Loan,8.58,84,ongoing,0.0
LOAN002660,CUST01500,3335700,home loan,8.59,60,Active,0.01
LOAN005171,CUST03280,415761,SME Loan,13.47,180,Fully Paid,0.0
LOAN000512,CUST05347,NULL,Mortgage,10.2,84,Paid,0.0
LOAN003945,CUST01281,488517,BUSINESS LOAN,12.76,N/A,ACTIVE,0.0
LOAN005148,CUST05735,Unknown,home loan,9.16,240,ONGOING,0.0
LOAN000493,CUST04084,899233,car loan,11.97,24,Active,0.0
LOAN002113,CUST05823,3811846,Housing Loan,9.18,N/A,Ongoing,0.0
LOAN001256,CUST03280,290940,Personal Loan,13.24,84,Current,0.0
LOAN005373,CUST03677,890267,CAR LOAN,10.06,36,PAID,0.0
LOAN005363,CUST02933,4362126,HOME LOAN,9.06,84,ONGOING,-0.5
LOAN006526,CUST04628,1750446,BUSINESS LOAN,12.46,60,ongoing,0.0
LOAN011644,CUST04270,4536748,home loan,9.76,12,CLOSED,0.05
LOAN011074,CUST04552,1041752,Biz Loan,13.8,60,Fully Paid,0.99
LOAN010150,CUST03839,498845,#N/A,10.51,36,ongoing,0.0
LOAN000617,CUST03189,2180003,HOME LOAN,7.09,60,active,0.0
LOAN003961,CUST03189,703460,Home Loan,8.22,180,NULL,0.0
LOAN007858,CUST00090,352565,Edu Loan,9.72,24,Fully Paid,0.0
LOAN007398,CUST03222,250382,#N/A,14.25,240,paid,0.0
LOAN008524,CUST00709,4729749,Mortgage,8.22,,CLOSED,0.05
LOAN009586,CUST04827,2290294,Home Loan,9.3,60,Paid,0.0
LOAN003186,CUST03571,363285,education loan,10.2,240,Open,0.0
LOAN001794,CUST04628,321342,education loan,10.75,240,Paid,0.0
LOAN005628,CUST02173,309626,PL,12.85,24,Active,0.0
LOAN008914,CUST02173,391527,Auto Loan,9.73,60,active,0.0
LOAN007516,CUST04270,592988,Student Loan,9.92,48,Active,0.0
LOAN003379,CUST03824,700991,home loan,10.36,48,Current,0.0
LOAN000191,CUST01901,3687334,Home Loan,8.57,84,Active,0.01
LOAN010417,CUST03351,235269,PL,13.16,24,Paid,0.99
LOAN000267,CUST01901,886857,CAR LOAN,8.88,36,CLOSED,0.0
LOAN005987,CUST04270,1120424,CAR LOAN,11.16,180,ongoing,0.0
LOAN011175,CUST02173,"₹814,786",BUSINESS LOAN,12.15,48,ONGOING,0.0
LOAN006251,CUST03839,338371,Personal,14.07,48,ongoing,0.0
LOAN003297,CUST03280,477883,PERSONAL LOAN,13.46,84,Active,0.0
LOAN007734,CUST01901,2423435,Business Loan,11.89,12,ACTIVE,0.02
LOAN011663,CUST05735,924744,Auto Loan,8.89,36,PAID,0.0
LOAN006544,CUST02173,278835,Personal Loan,13.46,12,ONGOING,0.0
LOAN005087,CUST03839,414815,PERSONAL LOAN,12.15,48,PAID,0.0
LOAN003498,CUST05735,53097,Personal,12.37,48,ACTIVE,0.0
LOAN007618,CUST03562,724566,HOME LOAN,10.78,60,Ongoing,0.0
LOAN001375,CUST04599,2056061,Housing Loan,7.21,24,Paid Off,0.01
LOAN008448,CUST04599,341343,Student Loan,7.98,240,paid,0.0
LOAN000866,CUST01716,"₹470,108",Personal,13.49,240,Closed,0.28
LOAN011304,CUST05823,3873232,HOME LOAN,9.66,36,Closed,0.01
LOAN008336,CUST04084,2169672,Housing Loan,9.38,84,ongoing,0.0
LOAN010848,CUST01281,655759,car loan,10.14,84,DEFAULT,0.0
LOAN003390,CUST00587,302904,PERSONAL LOAN,13.22,240,ACTIVE,0.0
LOAN008550,CUST02950,244577,car loan,10.58,120,Current,
LOAN000018,CUST03280,90320,personal loan,14.52,84,ONGOING,0.0
LOAN005264,CUST04827,911200,HOME LOAN,9.32,180,ACTIVE,0.0
LOAN007619,CUST00633,4026163,Home Loan,nan,48,Charged Off,0.99
LOAN002224,CUST05303,Unknown,CAR LOAN,10.9,84,Fully Paid,0.99
LOAN001554,CUST03222,2063705,Mortgage,9.29,24,Paid,0.01
LOAN010861,CUST05823,1851456,Housing Loan,9.51,60,ongoing,0.0
LOAN010500,CUST04628,1082069,Vehicle Loan,Unknown,12,Open,0.01
LOAN002277,CUST05328,366333,PL,13.77,120,Closed,0.0
LOAN005358,CUST05328,474940,Auto Loan,10.52,12,ONGOING,#N/A
LOAN011275,CUST01500,693576,SME Loan,11.02,60,ongoing,0.0
LOAN004606,CUST05735,229271,CAR LOAN,10.33,60,ACTIVE,0.0
LOAN004190,CUST03189,1261636,Biz Loan,11.06,24,Paid,Unknown
LOAN005984,CUST02950,3646733,home loan,8.61,24,nan,0.02
LOAN003302,CUST02933,396048,education loan,8.7,60,paid,Unknown
LOAN005401,CUST04599,1498908,CAR LOAN,9.14,24,CLOSED,0.01
LOAN003339,CUST02123,2275971,Home Loan,8.59,60,Default,Unknown
LOAN002075,CUST05347,608397,Edu Loan,120,12,Active,nan
LOAN005129,CUST02950,"₹498,206",Auto Loan,10.44,48,Ongoing,0.0
LOAN002760,CUST01500,359372,Personal,11.22,180,Paid Off,0.0
LOAN006730,CUST05735,"₹1,271,613",SME Loan,11.47,180,Ongoing,0.0
LOAN001728,CUST04224,825283,Car Loan,11.51,48,Charged Off,0.99
LOAN003707,CUST00015,297994,Personal,21.52,NULL,CLOSED,Unknown
LOAN006821,CUST05436,339642,Personal,12.13,12,Active,0.0
LOAN002978,CUST03562,240859,personal loan,15.16,60,Open,0.0
LOAN003887,CUST02465,331719,business loan,12.6,60,ONGOING,0.47
LOAN009600,CUST03280,581382,Biz Loan,12.8,84,Open,0.0
LOAN006935,CUST03571,318836,PL,Unknown,180,ONGOING,0.0
LOAN006502,CUST04628,476219,PL,14.02,12,Closed,0.0
LOAN000923,CUST02950,967933,Car Loan,10.68,48,Fully Paid,#N/A
LOAN003950,CUST03824,3654052,Housing Loan,9.21,Unknown,Defaulted,0.01
LOAN010542,,492869,Car Loan,9.48,36,active,0.0
LOAN001791,CUST04628,3498736,HOME LOAN,9.51,120,Closed,0.0
LOAN001753,CUST01500,336080,personal loan,12.51,48,Current,0.0
LOAN008128,CUST03222,532887,education loan,9.32,84,Closed,0.0
LOAN003788,CUST02853,472346,Student Loan,9.8,240,Active,0.32
LOAN007371,CUST02507,388274,Auto Loan,8.37,84,active,0.26
LOAN000961,CUST02933,231247,Auto Loan,9.36,120,ACTIVE,0.0
LOAN006327,CUST00843,1393588,Vehicle Loan,9.83,12,Paid Off,0.01
LOAN007065,CUST04270,685756,Mortgage,9.32,24,PAID,0.0
LOAN008746,CUST03839,4757038,HOME LOAN,7.67,24,ACTIVE,0.02
LOAN000288,CUST00552,"427,130",business loan,12.51,24,Open,0.0
LOAN001510,CUST05735,142817,Edu Loan,-5,120,Active,0.0
LOAN005881,CUST05328,1241973,CAR LOAN,10.12,180,Paid Off,0.0
LOAN008740,CUST03280,369228,personal loan,14.83,24,Paid Off,0.0
LOAN005658,CUST03189,315910,Personal,12.02,N/A,Closed,0.0
LOAN003510,CUST01281,230061,Personal,14.56,nan,Fully Paid,0.0
LOAN002079,,4239895,home loan,8.68,12,Open,0.04
LOAN003264,CUST03280,733426,CAR LOAN,10.52,60,ACTIVE,0.0
LOAN007459,CUST03571,2045662,Mortgage,8.46,48,Active,0.01
LOAN007256,CUST00247,333489,Personal Loan,12.77,24,Paid,0.0
LOAN010119,CUST04827,702005,Car Loan,10.92,24,Paid Off,0.0
LOAN002598,CUST01901,821521,CAR LOAN,10.33,240,Ongoing,0.0
LOAN002526,CUST03222,"784,158",Vehicle Loan,10.51,-12,Closed,0.0
LOAN009026,N/A,3972625,HOME LOAN,8.46,24,Active,0.02
LOAN002803,CUST02173,"962,707",car loan,9.35,36,CLOSED,0.0
LOAN004452,CUST04270,999999999,personal loan,13.65,60,active,0.0
LOAN003928,CUST05707,1348777,Auto Loan,#N/A,48,Active,0.0
LOAN007612,CUST00015,N/A,Personal Loan,21.83,240,Charged Off,0.0
LOAN002421,CUST02643,169423,PERSONAL LOAN,13.46,48,active,0.0
LOAN002457,N/A,327854,Personal Loan,14.04,240,CLOSED,0.0
LOAN011633,CUST04084,2031297,BUSINESS LOAN,14.26,12,Closed,0.02
LOAN004504,CUST02173,651258,EDUCATION LOAN,9.7,48,Active,0.0
LOAN003839,CUST04270,387802,PL,14.41,120,CLOSED,0.0
LOAN009809,CUST00090,242862,personal loan,14.12,240,CLOSED,0.0
LOAN004185,CUST00587,2667735,Housing Loan,8.96,N/A,Current,0.0
LOAN008437,CUST02643,1155829,Mortgage,8.11,60,Closed,0.0
LOAN000912,CUST00015,"389,910",Personal,20.05,120,Paid,0.0
LOAN005299,CUST02173,2256092,Housing Loan,8.21,N/A,Open,0.01
LOAN001447,CUST04827,82103,Personal Loan,12.69,48,Current,0.0
LOAN000650,CUST03824,450684,personal loan,13.41,48,ongoing,0.0
LOAN011290,CUST03824,1264707,home loan,9.82,36,Current,0.0
LOAN010257,CUST00552,299060,Personal Loan,,120, ,0.0
LOAN000663,CUST04270,3787865,HOME LOAN,9.7,84,Ongoing,0.01
LOAN002167,CUST00090,717676,Edu Loan,9.28,12,PAID,0.01
LOAN003767,CUST03222,497498,PL,13.11,48,default,0.0
LOAN004629,CUST03222,3987412,HOME LOAN,9.84,240,ongoing,0.0
LOAN002039,CUST02950,2725044,HOME LOAN,8.15,84,active,0.0
LOAN001182,CUST00843,480397,Personal Loan,13.41,120,CLOSED,0.0
LOAN005271,CUST03280,509325,car loan,11.17,120,PAID,0.0
LOAN008469,CUST04599,4913127,HOME LOAN,8.09,36,Current,0.02
LOAN004744,CUST05436,951582,CAR LOAN,9.74,180,paid,0.0
LOAN006900,CUST00843,403263,Auto Loan,9.13,,Fully Paid,0.0
LOAN006498,CUST00709,378853,Education Loan,10.04,84,Open,0.0
LOAN008704,CUST05436,0,CAR LOAN,9.42,180,CLOSED,0.0
LOAN003621,CUST02950,1116293,car loan,10.41,12,ongoing,0.01
LOAN005052,CUST03189,965501,Car Loan,75,N/A,Fully Paid,0.0
LOAN007744,CUST00254,160009,personal loan,12.27,24,Open,0.75
LOAN001328,CUST02288,"₹105,211",personal loan,NULL,84,Paid,0.2
LOAN000234,CUST04084,3048209,home loan,10.55,60,PAID,0.01
LOAN002069,CUST05347,155029,Personal,13.51,180,DEFAULT,0.0
LOAN003007,CUST03677,1006714,Vehicle Loan,10.42,24,paid,0.01
LOAN011286,CUST05069,479535,Auto Loan,9.94,12,ACTIVE,0.0
LOAN007247,CUST03839,4517413,Home Loan,-5,36,Closed,0.02
LOAN004087,CUST01025,297054,personal loan,14.22,48,Fully Paid,0.0
LOAN010597,CUST04827,390090,Personal,12.87,84,CLOSED,
LOAN005740,CUST03222,353981,SME Loan,11.83,48,Ongoing,0.0
LOAN000284,CUST04277,0,SME Loan,,24,Paid Off,0.99
LOAN001888,CUST04628,65291,Personal,13.38,180, ,0.0
LOAN004803,CUST03639,454051,Personal,14.91,120,Paid Off,Unknown
LOAN001517,CUST05735,292464,CAR LOAN,9.49,24,active,0.0
LOAN011510,CUST01140,116373,Personal,12.0,84,active,N/A
LOAN008967,CUST00552,308781,EDUCATION LOAN,120,120,ONGOING,0.0
LOAN007937,CUST00709,,PL,13.01,240,Open,0.0
LOAN006146,CUST05347,3885342,Housing Loan,9.68,48,Active,0.01
LOAN007949,CUST01901,814439,business loan,11.39,24,NULL,0.0
LOAN006422,CUST00552,603870,Vehicle Loan,10.24,48,ongoing,0.0
LOAN011874,CUST04084,68086,PL,15.26,120,Closed,0.0
LOAN004140,CUST05347,2602069,SME Loan,13.53,240,Current,0.0
LOAN001131,CUST03839,1236263,Business Loan,11.82,240,ongoing,0.0
LOAN004271,CUST05823,227529,Personal,13.54,48,PAID,0.0
LOAN000414,CUST01500,701453,BUSINESS LOAN,11.51,48,PAID,0.0
LOAN003112,CUST00995,950146,Auto Loan,11.65,120,Charged Off,0.99
LOAN006179,CUST03571,3775599,Housing Loan,9.51,36,CHARGED OFF,0.01
LOAN003320,CUST04628,999999999,Vehicle Loan,10.89,48,Ongoing,0.0
LOAN006332,CUST00015,774413,EDUCATION LOAN,18.31,-12,CHARGED OFF,0.0
LOAN003393,CUST04827,1292523,car loan,9.83,84,Open,0.0
LOAN006328,CUST03839,537513,EDUCATION LOAN,8.7,-12,Ongoing,0.0
LOAN006890,CUST03677,575676,Education Loan,9.41,12,ongoing,0.01
LOAN005433,CUST01025,577734,Student Loan,8.98,180,CLOSED,0.0
LOAN011934,CUST00709,3190006,HOME LOAN,9.55,36,Ongoing,0.01
LOAN008592,CUST01500,4547095,HOME LOAN,7.86,12,ONGOING,0.05
LOAN008061,CUST00843,4739427,Home Loan, ,24,ACTIVE,0.02
LOAN003640,CUST02950,895618,Auto Loan,10.17,180,Paid Off,0.0
LOAN000227,CUST05735,NULL,SME Loan,11.68,48,Current,0.0
LOAN000132,CUST02950,58310,Personal,13.93,36,Ongoing,0.0
LOAN007898,CUST02173,1402496,Mortgage,8.21,84,paid,0.0
LOAN000848,CUST03189,311273,car loan,9.99,84,Paid Off,0.0
LOAN009557,CUST03824,190447,personal loan,14.96,24,,0.0
LOAN002485,CUST00843,248647,PERSONAL LOAN,11.68,36,ACTIVE,0.0
LOAN006358,CUST00587,399729,Auto Loan,11.75,60,Current,0.0
LOAN011267,CUST00015,336964,PL,20.03,12,Default, 
LOAN006064,CUST02405,1385508,Home Loan,10.05,120,CLOSED,0.67
LOAN006752,CUST02453,244686,NULL,12.17,120,PAID,0.1
LOAN008369,CUST05328,302712,PL,13.43,240,Fully Paid,0.0
LOAN010356,CUST00709,1274209,Vehicle Loan,10.06,60,Fully Paid,0.0
LOAN009897,CUST05436,1083546,home loan,8.92,24,active,0.01
LOAN002683,CUST01281,988571,Mortgage,9.91,240,ACTIVE,0.0
LOAN006606,CUST05735,2932362,HOME LOAN,#N/A,48,Open,0.01
LOAN011032,CUST00709,2697211,Home Loan,8.23,84,Ongoing,0.0
LOAN000763,CUST00015,146924,Personal,21.51,12,Paid,0.0
LOAN001743,CUST03189,2976350,Unknown,N/A,240,Open,0.0
LOAN001116,CUST01901,1040971,Car Loan,75,48,Ongoing,0.0
LOAN009991,CUST00843,2327427,BUSINESS LOAN,10.8,240,Closed,0.0
LOAN002947,CUST02643,0,PERSONAL LOAN,14.06,60,paid,0.0
LOAN007469,CUST02643,2430483,Business Loan,13.16,84,Fully Paid,0.0
LOAN005914,CUST03562,3402310,HOME LOAN,9.5,24,Paid Off,0.02
LOAN002037,CUST01500,"₹980,289",Auto Loan,8.71,36,active,0.0
LOAN002855,CUST00843,477167,CAR LOAN,9.53,60,Paid,0.0
LOAN001426,CUST03222,245507,personal loan,12.69,180,ACTIVE,0.0
LOAN006153,CUST04827,250728,personal loan,13.3,48,Current,0.0
LOAN006597,CUST05347,603589,Edu Loan,11.15,180,ONGOING,0.0
LOAN008037,CUST02179,400204,PL,12.48,240,Paid Off,0.15
LOAN011228,CUST03571,2344799,Mortgage,9.43,48,Open,#N/A
LOAN004361,CUST01281,"1,408,904",Housing Loan,8.32,84,Paid Off,0.0
LOAN011783,CUST05069,95871,PERSONAL LOAN,12.47,24,PAID,0.0
LOAN007632,CUST05823,1740779,home loan,10.25,84,,0.0
LOAN003727,CUST03824,1332918,CAR LOAN,11.84,36,ONGOING,0.0
LOAN003473,CUST03280,nan,Auto Loan,11.3,60,Paid Off,99
LOAN000928,CUST05347,1936662,Housing Loan,10.5,12,paid,0.02
LOAN002866,CUST00587,275634,personal loan,13.08,48,NULL,0.0
LOAN001770,CUST01140,1384501,Business Loan,N/A,48,Active,0.0
LOAN006381,CUST02643,319868,Vehicle Loan,10.44,120,,0.0
LOAN002941,CUST00552,1670148,Biz Loan,12.13,240,ONGOING,0.0
LOAN003666,CUST02933,290729,personal loan,12.44,60,Active,0.0
LOAN010253,CUST02950,287010,Student Loan,10.24,84,Current,0.0
LOAN002367,CUST03839,452487,Vehicle Loan,10.31,36,PAID,0.0
LOAN001232,CUST01500,56231,Personal Loan,11.22,,Open,0.0
LOAN001458,CUST03189,nan,Student Loan,#N/A,12,Fully Paid,NULL
LOAN002299,CUST04827,1390039,business loan,11.96,24,, 
LOAN008462,CUST03562,139639,Personal Loan,15.35,120,active,0.0
LOAN006396,CUST00709,"₹2,100,444",Housing Loan,9.76,12,Fully Paid,0.02
LOAN003435,CUST00868,853852,HOME LOAN,7.39,84,Paid,0.99
LOAN005675,CUST00247,-1000,HOME LOAN,9.58,24,Open,0.01
LOAN007925,CUST04417,894121,car loan,11.99,84,Defaulted,0.97
LOAN009503,CUST05707,1188434,Business Loan,12.73,84,Closed,0.0
LOAN011281,CUST05735,359565,PL,12.19,36,ACTIVE,0.0
LOAN002804,CUST02173,286248,PERSONAL LOAN,12.6,120,Active,0.0
LOAN007669,CUST04827,"384,988",Student Loan,10.76,180,Paid Off,0.0
LOAN004031,CUST03562,337800,personal loan,14.47,240,Default,0.0
LOAN007381,CUST05735,759894,Student Loan,10.25,24,CLOSED,0.0
LOAN007002,CUST01281,409280,CAR LOAN, ,120,Closed,0.0
LOAN010976,CUST00552,364651,PL,13.98,240,Paid,0.0
LOAN008902,CUST03562,244583,Education Loan,10.89,600,ongoing,0.0
LOAN008092,CUST04827,"₹251,703",Personal,13.98,180,PAID,0.0
LOAN001404,CUST05823,382056,nan,15.33,60,Closed,2.5
LOAN003869,CUST02950,191337,personal loan,13.77,12,Open,0.0
LOAN002710,CUST05069,785478,education loan,9.25,48,Current,0.0
LOAN009672,CUST00587,108772,Personal Loan,14.58,180,paid,0.0
LOAN009544,CUST03824,543609,Education Loan,11.47,12,Paid Off,0.01
LOAN005233,CUST01281, ,SME Loan,12.96,36,Fully Paid,0.0
LOAN009590,CUST04628,"1,843,291",business loan,12.38,120,ONGOING,0.0
LOAN010306,CUST00552,2087895,Mortgage,8.5,48,active,nan
LOAN010872,CUST00117,,Housing Loan,8.73,24,DEFAULT,99
LOAN006535,CUST03571,2388034,business loan,12.62,12,Open,0.02
LOAN008577,CUST02643,1146345,Mortgage,#N/A,120,Default,0.0
LOAN009610,CUST05069,391699,car loan,9.4,24,NULL,0.0
LOAN001716,CUST03562,2108889,Mortgage,75,48,Current,0.01
LOAN003546,CUST04084,275457,PERSONAL LOAN,13.58,120,PAID,0.0
LOAN010228,CUST04299,3245035,home loan,8.93,60,Bad Debt,0.99
LOAN005924,CUST04970,552683,Auto Loan,11.43,60,paid,0.99
LOAN008849,CUST00090,627982,EDUCATION LOAN,11.2,12,Current,0.01
LOAN011922,CUST03280,276050,PL,14.61,36,Active,0.0
LOAN008737,CUST00247,1234042,CAR LOAN,10.38,180,ACTIVE,0.0
LOAN002427,CUST05069,1894934,Mortgage,7.1,48,ONGOING,0.0
LOAN004573,CUST00843,1881621,Mortgage,7.09,180,paid,0.0
LOAN001518,CUST00587,206765,Auto Loan,11.06,36,CLOSED,0.0
LOAN001264,CUST00587,324585,PERSONAL LOAN,13.08,180,Fully Paid,0.0
LOAN011314,CUST01901,1314120,car loan,9.63,36,Current,0.0
LOAN007471,CUST03571,"₹635,709",business loan,12.32,240,Current,nan
LOAN006164,CUST04084, ,Student Loan,10.64,N/A,Active,0.0
LOAN008072,CUST03839,"₹1,207,857",SME Loan,11.65,240,Paid Off,0.0
LOAN007682,CUST02596,982089,CAR LOAN,9.33,240,DEFAULT,0.64
LOAN011621,CUST03839,155921,PL,12.73,36,Paid,0.0
LOAN011951,CUST04196,nan,HOME LOAN,9.15,#N/A,Ongoing,0.99
LOAN002197,CUST00939,147306,PL,14.54,60,ONGOING,0.32
LOAN001440,CUST03189,208111,Auto Loan,9.99,24,Ongoing,0.0
LOAN009334,CUST01901,1175727,Auto Loan,8.7,120,ONGOING,Unknown
LOAN005840,CUST00709,269444,business loan,12.48,84,Paid,0.0
LOAN007092,CUST04084,384388,Personal,14.18,600,CLOSED,0.0
LOAN009232,CUST03571,872825,CAR LOAN,10.14,180,Open,0.0
LOAN006025,,196128,education loan,11.02,180,ONGOING,0.0
LOAN003981,CUST03571,52028,Personal,14.37,12,Open,0.0
LOAN003098,CUST05347,N/A,business loan,13.52,12,#N/A,0.01
LOAN000164,CUST01500,658621,EDUCATION LOAN,9.28,120,Current,NULL
LOAN010027,CUST03522,2846320,SME Loan,13.64,120,ACTIVE,0.99
LOAN011119,CUST00587,428872,Personal Loan,13.38,84,PAID,0.0
LOAN001760,CUST02173,276730,Personal,13.27,48,ongoing,0.0
LOAN003495,CUST03280,871096,Biz Loan,13.9,240,ongoing,0.0
LOAN000362,CUST00709,"472,717",Auto Loan,9.42,12,Current,0.0
LOAN007543,CUST04628,999999999,CAR LOAN,10.11,180,ONGOING,0.0
LOAN001365,CUST03189,116218,PERSONAL LOAN,13.08,48,CLOSED,0.0
LOAN002447,CUST03677,665506,Business Loan,10.67,120,ONGOING,0.0
LOAN000635,CUST00552,"433,097",PL,13.95,180,Fully Paid,0.0
LOAN009748,CUST04807,142702,Education Loan,12.02,36,paid,0.65
LOAN004784,CUST00709,2717594,Home Loan,8.32,12,ONGOING,0.03
LOAN002670,CUST02408,999999999,Edu Loan,10.13,120,ACTIVE,0.35
LOAN003006,CUST05436,2138154,Housing Loan,8.24,24,ongoing,0.01
LOAN004408,CUST02643,,Personal Loan,13.41,84,Fully Paid,0.0
LOAN000181,CUST02315,338941,EDUCATION LOAN,,24,ongoing,0.83
LOAN007045,CUST02643,4253604,HOME LOAN,75,24,CLOSED,0.02
LOAN011062,CUST03189,392992,PERSONAL LOAN,11.7,180,Unknown,0.0
LOAN000864,CUST03824,3485710,HOME LOAN,9.73,84,Closed,0.0
LOAN006311,CUST03371,"520,278",Home Loan,9.49,240,CLOSED,0.18
LOAN011344,CUST01140,437151,car loan,9.33,48,active,0.0
LOAN005773,CUST05436,4486726,home loan,8.28,12,Active,0.04
LOAN010036,CUST05735,364497,personal loan,11.84,12,PAID,0.0
LOAN000504,CUST01500,247490,Personal Loan,12.34,24,CLOSED,0.0
LOAN000535,CUST00247,730489,Auto Loan,10.74,#N/A,ONGOING,0.0
LOAN008813,CUST00015,145081,PERSONAL LOAN,21.73,84,DEFAULT,0.0
LOAN006575,CUST00090,429787,Personal Loan,120,180,ACTIVE,#N/A
LOAN001683,CUST02933,473503,Auto Loan,10.28,84,Active,0.0
LOAN002871,CUST02643,1348211,CAR LOAN,10.49,120,Paid Off,0.0
LOAN003125,CUST02643,619390,Edu Loan,10.14,240,ongoing,0.0
LOAN009618,CUST04628,444351,PERSONAL LOAN,13.7,120,Ongoing,0.0
LOAN000299,CUST03677,2748571,Business Loan,10.67,240,ACTIVE,0.0
LOAN000980,CUST00247,NULL,HOME LOAN,8.58,48,Active,0.01
LOAN001047,CUST03562,236852,Personal Loan,14.34,24,ongoing,0.0
LOAN004791,CUST00015,NULL,Vehicle Loan,17.45,24,Closed,0.0
LOAN001718,N/A,512519,Housing Loan,7.63,48,Open,0.0
LOAN008408,CUST05052,4287967,Mortgage,10.18,180,Paid Off,0.99
LOAN010220,CUST04628,1303420,Vehicle Loan,9.74,NULL,Current,0.0
LOAN005824,CUST03824,284769,Personal Loan,14.02,180,Open,0.0
LOAN006374,CUST03562,1405062,Vehicle Loan,11.08,36,Active,0.0
LOAN005755,CUST00552,371172,Personal,14.09,24,Current,0.0
LOAN001986,CUST01140,805878,Vehicle Loan,8.53,84,Current,0.0
LOAN008583,CUST05707,551924,home loan,9.95,120,ongoing,0.0
LOAN000424,CUST04084,1094324,BUSINESS LOAN,13.66,120,,0.0
LOAN007048,CUST05069,"305,546",Personal,11.43,NULL,Paid,0.0
LOAN009075,CUST00610,2292963,Business Loan,11.03,36,paid,0.99
LOAN005928,CUST01500,68289,Personal Loan,13.06,240,Open,0.0
LOAN006443,CUST03839,3579047,home loan,8.22,24,ongoing,0.02
LOAN001783,CUST04628,94368,PERSONAL LOAN,12.64,120,Paid Off,0.0
LOAN008457,CUST05069,249784,SME Loan,10.34,48,active,0.0
LOAN006280,CUST04827,623837,Biz Loan,11.67,48,Current,0.0
LOAN005961,CUST01789,592301,Auto Loan,11.9,12,Bad Debt,0.99
LOAN000386,CUST03189,769061,Education Loan,9.65,180,Closed,0.0
LOAN010199,CUST04827,177862,Personal,75,120,Ongoing,0.0
LOAN003551,CUST01625,1250801,nan,15.17,12,PAID,0.99
LOAN010240,CUST03571,246223,Personal,13.24,12,active,0.0
LOAN007260,CUST00587,118289,personal loan,14.54,,N/A,0.0
LOAN009019,CUST01901,1463040,Biz Loan,,12,Current,0.01
LOAN007845,CUST01281,2789010,Biz Loan,13.62,240,Paid,0.0
LOAN007118,CUST00247,102672,PERSONAL LOAN,12.59,48,#N/A,0.0
LOAN009737,CUST05823,555354,education loan,#N/A,12,Open,0.01
LOAN007093,CUST02643,486529,PERSONAL LOAN,13.31,60,ongoing,0.0
LOAN006815,CUST05735,1260002,Auto Loan,10.1,24,Paid Off,0.01
LOAN003470,CUST05707,102952,personal loan,15.29,24,ONGOING,0.0
LOAN001016,CUST03824,1051400,business loan,12.27,60,Paid,0.0
LOAN000407,CUST03571,4967704,Mortgage,9.16,12,Current,0.05
LOAN008743,CUST00552,nan,Personal,14.16,36,ACTIVE,0.0
LOAN006938,CUST02261,1165356,CAR LOAN,10.78,120,DEFAULT,0.99
LOAN000814,CUST00015,470251,Personal Loan,21.87,24,default,0.0
LOAN005591,CUST03824,56063,Personal,13.44,180,Ongoing,NULL
LOAN000569,CUST04599,"322,760",PL,12.81,84,Paid Off,0.0
LOAN000992,CUST05707,514605,Car Loan,10.7,36,Fully Paid,0.0
LOAN001485,CUST00015,2921015,home loan,17.45,120,default,0.0
LOAN004396,CUST03571,642067,Business Loan,11.76,240,Fully Paid,0.0
LOAN006044,CUST03222,336483,Personal Loan,12.91,24,Open,0.0
LOAN003931,CUST05347,Unknown,business loan,14.07,24,active,-0.5
LOAN010499,CUST03839,633708,Biz Loan,11.89,240,ACTIVE,0.0
LOAN002022,CUST05328,135463,PERSONAL LOAN,12.79,180,Paid,0.0
LOAN011375,CUST03677,1298591,BUSINESS LOAN,12.3,60,ONGOING,0.0
LOAN004815,CUST01140,62424,Personal,12.67,240,Paid Off,0.0
LOAN007230,CUST00587,"₹1,071,938",CAR LOAN,11.2,24,ongoing,0.01
LOAN009253,CUST01500,800262,Vehicle Loan,9.98,nan,Ongoing,0.0
LOAN008086,CUST04599,948226,BUSINESS LOAN,10.75,84,ACTIVE,0.0
LOAN000968,CUST04827,1573777,Biz Loan,12.71,84,Closed,0.0
LOAN004906,CUST03562,303314,CAR LOAN,11.13,84,ongoing,0.0
LOAN009343,CUST00090,999999999,SME Loan,13.1,600,Current,0.0
LOAN000944,CUST03189,224591,PL,12.38,240,paid,0.0
LOAN009354,CUST00587,2912894,Home Loan,8.73,60,N/A,0.01
LOAN006231,CUST05436,"₹467,824",Vehicle Loan,9.75,36,PAID,#N/A
LOAN005126,CUST03222,706946,Car Loan,9.94,12,Paid,0.01
LOAN002078,CUST01500,964128,Vehicle Loan,9.21,60,PAID,0.0
LOAN011430,CUST03571,3453938,Housing Loan,8.63,240,Fully Paid,0.0
LOAN004109,CUST00709,844217,Housing Loan,8.47,180,Paid Off,0.0
LOAN008174,CUST03222,222678,Student Loan,10.8,240,,0.0
LOAN008579,CUST03571,"₹380,211",Student Loan,10.85,60,ongoing,NULL
LOAN003347,CUST03189,347757,CAR LOAN,9.85,24,Active,0.0
LOAN008058,CUST04270,63041,personal loan,13.21,36,Current,0.0
LOAN002665,CUST04827,473069,personal loan,12.49,12,Ongoing,0.0
LOAN010456,CUST01281,949862,HOME LOAN,8.25,180,paid,0.0
LOAN003592,CUST01281,NULL,HOME LOAN,8.35,nan,Ongoing,0.0
LOAN004774,CUST00247,220363,Personal Loan,13.76,36,paid,0.0
LOAN009128,CUST05328,401513,PL,13.68,180,Paid,0.0
LOAN010348,CUST00843,3143491,HOME LOAN,8.54,12,DEFAULT, 
LOAN005669,CUST03839,516298,Edu Loan,9.93,36,paid,0.0
LOAN009040,CUST03571,903362,car loan,11.52,240,ACTIVE,0.0
LOAN003853,CUST03839,2557752,business loan,12.31,240,paid,0.0
LOAN004285,CUST04628,185532,personal loan,13.16,84,ONGOING,0.0
LOAN007547,CUST00709,275460,CAR LOAN,11.12,36,Closed,0.0
LOAN011695,CUST01140,1304910,Car Loan,8.85,60,Fully Paid,0.0
LOAN011369,CUST04549,2969434,Business Loan,13.49,24,Fully Paid,Unknown
LOAN007604,CUST00015,2795241,Housing Loan,16.27,#N/A,#N/A,0.0
LOAN008572,CUST01140,106955,PL,11.65,60,Closed,0.0
LOAN009295,CUST03222,Unknown,Housing Loan,8.88,240,ONGOING,0.0
LOAN004937,CUST04628,119036,Personal Loan,13.63,120,ONGOING,0.0
LOAN009017,Unknown,391726,Unknown,14.45,120,Open,0.0
LOAN003799,CUST04827,1303059,Mortgage,8.33,120,Paid,0.0
LOAN005573,CUST02950,445973,PL,12.94,240,active,0.0
LOAN007150,CUST00247,439929,PERSONAL LOAN,12.73,48,Ongoing,0.0
LOAN000255,CUST00709,215270,PERSONAL LOAN,12.52,36,NULL,0.0
LOAN008510,CUST00552,"2,109,392",home loan,9.71,48,ongoing,0.01
LOAN005788,CUST01281,196000,EDUCATION LOAN,9.8,60,Fully Paid,0.0
LOAN008402,NULL,328885,Personal,14.6,120,Fully Paid,0.0
LOAN001117,CUST05436,1175990,Mortgage,7.68,84,ACTIVE,0.0
LOAN002342,CUST00015,855575,Unknown,18.33,240,default,0.0
LOAN003465,CUST03824,266304,PL,15.07,120,Fully Paid,0.0
LOAN011109,CUST01500,264275,Personal Loan,,36,Closed,0.0
LOAN002905,CUST01901,"₹4,798,093",Home Loan,8.04,36,Paid Off,0.02
LOAN001701,CUST01025,4893679,Housing Loan,8.3,24,ongoing,0.02
LOAN003086,CUST04270,568439,Edu Loan,Unknown,48,ONGOING,0.0
LOAN006060,CUST03508,3598284,home loan,9.89,24,paid,0.99
LOAN002679,CUST05707,738295,car loan,12.06,36,ONGOING,0.0
LOAN008655,CUST02643,453720,PL,14.05,240,Open,0.0
LOAN004259,CUST00247,526657,Car Loan,9.98,240,ACTIVE,0.0
LOAN005889,CUST05436,410704,Personal,12.04,84,ongoing,0.0
LOAN004089,CUST00247,3744537,home loan,8.62,180,Closed,0.0
LOAN005865,CUST05823,276090,business loan,13.22,12,ONGOING,0.0
LOAN002808,CUST04449,457858,Auto Loan,11.05,24,PAID,0.99
LOAN002182,CUST05735,1303768,Mortgage,7.72,36,Paid Off,0.0
LOAN008108,CUST05347,999999999,Biz Loan,14.17,60,active,2.5
LOAN008422,CUST03839,189550,PERSONAL LOAN,13.05,240,Current,0.0
LOAN003794,CUST01281,441257,Personal Loan,14.48,36,Ongoing,0.0
LOAN008224,CUST02643,442444,Personal Loan,12.98,60,Current,0.0
LOAN009360,CUST00843,1545255,BUSINESS LOAN,11.85,240,ongoing,0.0
LOAN001083,CUST05328,3911514, ,8.34,12,Ongoing,0.04
LOAN001312,CUST01901,2224921,SME Loan,10.46,48,Active,0.01
LOAN010595,CUST05328,469616,Personal, ,120,ongoing,NULL
LOAN000017,CUST04628,N/A,Edu Loan,10.72,120,Paid,0.0
LOAN007357,CUST01901,744087,SME Loan,10.65,12,ACTIVE,0.01
LOAN006945,CUST05994,1336064,Vehicle Loan,11.2,240,Paid,0.25
LOAN007282,CUST01025,3798505,Home Loan,8.25,36,Ongoing,0.01
LOAN011903,CUST03677,294747,personal loan,12.12,12,Active,0.0
LOAN011311,CUST00247,449867,Personal Loan,13.93,240,ACTIVE,0.0
LOAN008759,CUST04827,1254045,Vehicle Loan,10.22,120,paid,0.0
LOAN009164,CUST03562,1065545,SME Loan,#N/A,240,CLOSED,0.0
LOAN002377,CUST04628,284615,Car Loan,9.79,60,ONGOING,0.0
LOAN011731,CUST03677,700138,Vehicle Loan,9.55,60,active,0.0
LOAN008339,CUST05328,3339446,Home Loan,9.26,240,nan,0.0
LOAN007867,CUST03824,3545159,home loan,8.77,60,Active,0.01
LOAN004002,CUST01140,234605,PL,11.17,84,Paid,0.0
LOAN011423,CUST05735,407281,personal loan,13.11,12,CLOSED,0.0
LOAN004053,CUST05823,425990,Personal,13.49,180,PAID,0.0
LOAN010345,CUST00247,1464948,Vehicle Loan,11.17,48,active,0.0
LOAN007895,CUST00015,#N/A,BUSINESS LOAN,20.4,84,Defaulted,0.0
LOAN001826,CUST01140,138714,personal loan,13.06,36,paid,99
LOAN011208,CUST04628,"690,670",Edu Loan,9.83,60,paid,0.0
LOAN011584,CUST01901,2824938,BUSINESS LOAN,11.46,60,ongoing,0.01
LOAN003620,CUST05328,138193,Education Loan,10.62,60,,0.0
LOAN009716,CUST03457,4114542,home loan,9.88,36,ONGOING,0.99
LOAN006331,CUST01500,"2,491,329",Mortgage,7.07,240,Paid Off,0.0
LOAN001945,CUST04599,485356,BUSINESS LOAN,11.26,240,Open,0.0
LOAN007023,CUST04084,1015706,home loan,9.87,36,Fully Paid,0.0
LOAN007990,CUST00587,134648,Student Loan,9.6,180,CLOSED,0.0
LOAN010534,CUST00247,0,Edu Loan,9.27,84,CLOSED,0.0
LOAN004946,CUST03189,4439699,Mortgage, ,12,Open,0.04
LOAN003430,CUST03824,779068,BUSINESS LOAN,13.56,12,Paid,0.01
LOAN011075,CUST05707,4902289,Mortgage,9.85,60,CLOSED,0.01
LOAN000690,CUST03189,1951333,home loan,8.03,60,Closed,0.0
LOAN001837,CUST05328,Unknown,HOME LOAN,8.86,180,Paid,0.0
LOAN002413,CUST03562,290381,personal loan,14.99,240,Bad Debt,0.0
LOAN002005,CUST05328,466759,BUSINESS LOAN,11.83,180,paid,0.0
LOAN005574,CUST02177,368361,PL,13.5,24,paid,0.99
LOAN006393,CUST00015,2174750,Mortgage,15.88,48,Default,0.01
LOAN011515,CUST05356,384937,EDUCATION LOAN,10.7,24,Paid Off,0.99
LOAN010277,CUST03860,4148485,Home Loan,8.2,180,Defaulted,0.99
LOAN007714,CUST00587,692399,Student Loan,9.36,36,Active,0.0
LOAN007123,CUST02933,1448356,car loan,10.11,60,Charged Off,0.0
LOAN005758,CUST01500,65267,Personal,12.75,36,Active,0.0
LOAN001703,CUST05328,nan,HOME LOAN,8.6,36,Paid Off,0.01
LOAN008925,CUST02933,1299780,Vehicle Loan,9.82,12,Active,0.01
LOAN000549,CUST02933,289569,PL,120,36,paid,
LOAN005514,CUST05347,"3,937,763",Housing Loan,10.19,180,CLOSED,0.0
LOAN002166,CUST00709,3333255,Mortgage,9.5,240,ONGOING,0.0
LOAN000800,CUST04827,118095,PERSONAL LOAN,14.05,84,ongoing,0.0
LOAN004347,CUST00843,625622,Edu Loan,8.77,0,Current,0.0
LOAN004786,CUST01500,120704,PL,11.69,12,paid,0.0
LOAN000422,CUST01901,4676964,HOME LOAN,7.39,180,active,0.0
LOAN008498,CUST02812,3779802,Home Loan,8.81,240,Fully Paid,0.99
LOAN002745,CUST05347,176309,Personal Loan,13.73,24,ACTIVE,0.0
LOAN005351,CUST03571,441866,business loan,12.45,60,Ongoing,0.0
LOAN003010,CUST01379,614787,Business Loan,12.61,36,Paid,0.99
LOAN011480,CUST01901,558889,car loan,10.31,24,Open,0.0
LOAN007122,CUST02643,1342042,BUSINESS LOAN,12.04,240,Ongoing,0.0
LOAN000627,CUST01500,303178,Personal Loan,11.2,84,paid,0.0
LOAN002495,CUST01025,3006296,Mortgage,8.81,36,paid,0.01
LOAN005220,CUST04628,1000149,Biz Loan,13.08,48,Closed,N/A
LOAN005263,CUST05735,4278017,Home Loan,7.36,48,CLOSED,0.01
LOAN000401,CUST04084,4497158,HOME LOAN,8.87,84,Paid Off,Unknown
LOAN004854,NULL,186942,Personal,13.25,120,Paid Off,0.21
LOAN007546,CUST00843,123410,PL,13.36,240,active,0.0
LOAN003848,CUST04628,492735,PERSONAL LOAN,14.18,84,ONGOING,0.0
LOAN007419,CUST05735,1763746,Mortgage,8.01,60,Paid,0.0
LOAN005448,CUST03189,1128805,car loan,10.3,120,Current,0.0
LOAN007806,CUST05823,"₹1,278,833",Biz Loan,12.62,12,Open,0.01
LOAN002544,CUST01500,430299,Education Loan,9.43,180,ONGOING,0.0
LOAN006233,CUST02173,4290635,Home Loan,8.03,180,ongoing,0.0
LOAN004978,CUST04089,437548,BUSINESS LOAN,14.16,36,PAID,0.99
LOAN002914,CUST05823,250942,PERSONAL LOAN,13.99,36, ,0.0
LOAN003130,CUST00015,2145149,home loan,16.08,Unknown,Bad Debt,0.01
LOAN001956,CUST05823,1052095,HOME LOAN,9.7,12,CLOSED,0.01
LOAN008055,CUST05823,540861,Auto Loan,10.82,84,ACTIVE,0.0
LOAN002525,NULL,226876,personal loan, ,12,Paid,0.0
LOAN002562,CUST00090,1675622,Housing Loan,10.09,24,Fully Paid,0.01
LOAN009892,CUST04084,2533331,HOME LOAN,9.05,240,CHARGED OFF,0.0
LOAN002849,CUST02643,340772,PL,nan,-12,ONGOING,0.0
LOAN010448,CUST03824,752389,Car Loan,11.16,180,Fully Paid,0.0
LOAN011987,CUST03677,1468540,Biz Loan,11.4,12,active,0.01
LOAN010715,CUST04270,220689,NULL,13.58,48,ongoing,0.0
LOAN004006,CUST04270,460926,Student Loan,10.45,NULL,Active,0.0
LOAN001174,CUST00587,2577249,HOME LOAN,8.7,nan,Open,0.01
LOAN003686,CUST03839,1999242,Home Loan,9.15,60,Ongoing,0.0
LOAN006742,CUST00843,NULL,PERSONAL LOAN,12.2,120,Current,0.0
LOAN007968,CUST05823,3385281,Mortgage,10.86,84,Paid Off,0.0
LOAN011470,CUST00025,138000,Education Loan,11.75,60,Ongoing,0.58
LOAN003836,CUST05069,354591,Auto Loan, ,12,CLOSED,0.0
LOAN000478,CUST01140,3931194,Mortgage,7.51,24,PAID,0.02
LOAN003588,CUST03189,999999999,Auto Loan,9.02,0,Paid,0.01
LOAN005920,CUST01025,1189342,Car Loan,10.05,36,PAID,N/A
LOAN011113,CUST00587,542671,EDUCATION LOAN,10.94,84,Current,0.0
LOAN008100,CUST01500,2084064,BUSINESS LOAN,10.99,60,Closed,0.0
LOAN008269,CUST03222,1380686,CAR LOAN,10.49,48,Open,0.0
LOAN004381,CUST03839,820684,Car Loan,10.2,180,ongoing,0.0
LOAN000956,CUST01281,348556,Business Loan,12.8,240,Paid,0.0
LOAN005517,CUST02173,4724556,home loan,9.02,60,CLOSED,0.01
LOAN008901,CUST00843,671724,Education Loan,9.85,48,Current,0.0
LOAN007240,CUST02173, ,PL,,180,Ongoing,NULL
LOAN000309,CUST05823,443407,PL,15.35,84,Default,0.0
LOAN001315,CUST04599,960003,Vehicle Loan,9.21,36,Unknown,0.0
LOAN009996,CUST05735,1127266,BUSINESS LOAN,12.32,120,paid,0.0
LOAN004733,CUST05347,"₹3,526,818",Mortgage,10.18,240,Current,0.0
LOAN001236,CUST05707,727203,Edu Loan,10.85,12,Closed,0.01
LOAN007394,CUST00188,270468,PERSONAL LOAN,16.62,36,Paid Off,0.99
LOAN004913,CUST02950,1788758, ,12.89,60,Fully Paid,0.0
LOAN009249,CUST04599,213333,Personal Loan,12.5,24,Open,0.0
LOAN000114,CUST05186,388168,Personal Loan,13.78,12,CHARGED OFF,0.99
LOAN003901,CUST03189,493526,,13.12,84,Ongoing, 
LOAN007294,CUST03280,86486,PERSONAL LOAN,-5,180,Ongoing,0.0
LOAN008915,CUST03222,408708,Personal,13.92,48,,0.0
LOAN009305,CUST00709,4500322,Home Loan,8.78,36,active,0.02
LOAN002605,CUST03562,1650696,#N/A,10.83,12,Closed,0.02
LOAN001032,CUST03677,1022546,Vehicle Loan,8.67,36,ACTIVE,0.0
LOAN002232,,694805,Vehicle Loan,11.63,36,Open,0.0
LOAN010590,CUST05735,424382,Personal Loan,13.16,60,ACTIVE,0.0
LOAN000013,CUST03839,746667,Home Loan,8.19,36,Paid Off,0.0
LOAN005314,CUST04599,380374,PERSONAL LOAN,13.25,36,Open,0.0
LOAN004769,CUST00090,690428,HOME LOAN,8.73,36,ACTIVE,0.0
LOAN005384,CUST05069,4860655,HOME LOAN,120,36,Paid,0.02
LOAN001300,CUST02933,3018691,#N/A,NULL,120,Paid,0.0
LOAN002380,CUST01901,1343289,car loan,10.23,60,active,0.0
LOAN002796,CUST05069,103188,personal loan,12.9,240,Unknown,0.0
LOAN005732,CUST04084,129267,Personal Loan,14.98,60,Fully Paid,0.0
LOAN000316,CUST03677,819952,business loan,11.88,12,paid,0.01
LOAN011555,CUST05328,215383,Personal,12.78,36,Fully Paid,0.0
LOAN009793,CUST03677,1271307,Car Loan,10.08,60,Paid,0.0
LOAN009834,CUST01025,-1000,Vehicle Loan,10.16,120,ONGOING,0.0
LOAN010913,CUST01901,2885092,Mortgage,8.43,12,Defaulted,0.03
LOAN007833,CUST04628,318564,Personal,13.78,NULL,Paid Off,0.0
LOAN010446,CUST00843,Unknown,PERSONAL LOAN,12.61,36,Open,0.0
LOAN010040,CUST01140,,business loan,10.73,0,ONGOING,0.01
LOAN004566,CUST00500,2985646,HOME LOAN,10.11,12,Paid,0.99
LOAN003071,CUST03189,237471,business loan,11.22,12,Closed,0.0
LOAN010187,CUST00247,4421470,Mortgage,9.5,48,active,0.01
LOAN001840,CUST05707,324874,Personal,15.05,36,ACTIVE,0.0
LOAN001722,CUST03280,"579,070",Car Loan,11.82,180,PAID,0.0
LOAN004168,CUST05069,"3,638,211",Housing Loan,7.43,48,paid,0.01
LOAN000999,CUST03571,1957106,home loan,9.54,84,ONGOING,0.0
LOAN005427,CUST02415,3941766,Mortgage,8.48,0,PAID,0.99
LOAN010242,CUST00015,247025,Personal,20.87,120,Charged Off,0.0
LOAN006446,CUST03839,52327,PL,14.07,180,Fully Paid,0.0
LOAN010932,CUST01281,"₹352,436",CAR LOAN,11.04,60,Open,NULL
LOAN006481,CUST05937,3775671,Mortgage,10.68,120,Charged Off,0.99
LOAN006600,CUST04270,640140,BUSINESS LOAN,12.11,12,ACTIVE,0.01
LOAN006110,CUST05069,2705646,Biz Loan,10.57,240,Open,0.0
LOAN001525,CUST05024,345089,Edu Loan,9.41,12,Closed,0.99
LOAN008044,CUST00587,306688,Personal Loan,14.42,48,Ongoing,0.0
LOAN003718,CUST03677,496728,Education Loan,N/A,36,ACTIVE,0.0
LOAN011455,CUST00552,0,PERSONAL LOAN,13.17,#N/A,active,0.0
LOAN010777,CUST04084,2818729,HOME LOAN,10.46,84,CHARGED OFF,0.0
LOAN009084,CUST04827,153029,education loan,9.4,240,Paid,0.0
LOAN006087,CUST04084,547837,Car Loan,11.26,12,Paid Off,0.01
LOAN003184,CUST00587,290314,Education Loan,9.69,120,CLOSED,0.0
LOAN008318,CUST03562,2822985,HOME LOAN,10.6,180,Bad Debt,0.0
LOAN010695,CUST00247,4231335,#N/A,9.6,,ONGOING,0.02
LOAN007374,CUST02173,413939,Unknown,13.08,0,active,0.0
LOAN000176,CUST03677,nan,SME Loan,11.81,180,paid,#N/A
LOAN008429,CUST00534,477230,Personal,14.11,48,Closed,0.99
LOAN006072,CUST00709,628869,nan,12.47,24,Paid,0.0
LOAN007034,CUST04827,791928,Edu Loan,9.19,36,Paid,0.0
LOAN000031,CUST05328,959093,CAR LOAN,11.01,36,Closed,0.0
LOAN005459,CUST04084,-1000,PL,13.4,48,Fully Paid,0.0
LOAN002498,CUST01901,4111631,home loan,7.17,60,Unknown,-0.5
LOAN011355,CUST05707,569338,Student Loan,10.51,48,Ongoing,0.0
LOAN001152,CUST03189,276066,education loan,9.09,240,Ongoing,0.0
LOAN004080,CUST03280,203844,Personal,13.57,24,Ongoing,0.0
LOAN008844,CUST05328,213677,PL,13.48,12,Fully Paid,0.0
LOAN010311,CUST02593,167799,PL,15.99,84,Current,0.2
LOAN001329,CUST04270,nan,Personal,12.73,12,Bad Debt,0.0
LOAN006825,CUST04599,1315242,car loan,9.95,12,Open,0.01
LOAN001011,CUST04084,3282003,Home Loan,9.13,84,Open,0.0
LOAN007561,CUST02950,293404,EDUCATION LOAN,9.55,12,Paid,99
LOAN005922,CUST03677,4869666,Housing Loan,8.52,60,active,0.01
LOAN004607,CUST04160,1211604,car loan,11.7,120,PAID,0.99
LOAN008913,CUST04599,1971263,Home Loan,6.87,240,#N/A,NULL
LOAN006171,CUST01281,1017607,home loan,10.16,12,ACTIVE,0.01
LOAN011370,CUST03280,489740,Student Loan,9.85,180,paid,0.0
LOAN003480,CUST03824,1407392,Housing Loan,10.52,48,Active,0.0
LOAN008690,CUST02173,1407285,home loan,8.22,12,Open,0.01
LOAN011603,CUST00015,450137,personal loan,21.88,36,CHARGED OFF,0.0
LOAN007581,CUST03189,234342,PERSONAL LOAN,12.22,84,PAID,0.0
LOAN000919,CUST01500,230904,personal loan,12.76,48,ongoing,0.0
LOAN011210,CUST03571,2186403,Home Loan,8.46,120,CLOSED,0.0
LOAN007436,CUST00587,"₹478,066",personal loan,14.51,84,ACTIVE,0.0
LOAN009722,CUST03006,"₹186,588",Personal,13.21,24,Active,0.8
LOAN008319,CUST05069,233470,Edu Loan,7.65,240,ongoing,0.0
LOAN005447,CUST02933,397122,nan,12.27,84,Current,0.0
LOAN003341,CUST01281,"228,450",PERSONAL LOAN,14.11,36,Paid Off,0.0
LOAN006991,CUST03571,522589,CAR LOAN,11.01,48,ACTIVE,0.0
LOAN003542,CUST04827,639812,Student Loan,9.57,180,Closed,0.0
LOAN004685,CUST04599,243032,personal loan,12.01,84,Paid Off,0.0
LOAN008549,CUST03280,4019655,HOME LOAN,NULL,12,PAID,0.04
LOAN002139,CUST02950,116352,Personal,14.03,12,active,0.0
LOAN010149,CUST01140,587721,Auto Loan,8.52,36,ONGOING,Unknown
LOAN011749,CUST01864,520448,Auto Loan,10.49,240,Closed,0.09
LOAN004252,CUST00090,1426957,Car Loan,9.82,12,Open,-0.5
LOAN010986,CUST05823,4419837,home loan,8.96,12,N/A,0.04
LOAN010271,CUST01901,333018,Personal Loan,NULL,48,Current,0.0
LOAN008639,CUST01500,530667,education loan,9.19,12,Ongoing,0.01
LOAN005684,CUST02643,1246366,car loan,10.69,84,active,nan
LOAN001678,CUST05069,2190294,Mortgage,8.04,240,ongoing,0.0
LOAN010424,CUST04628,941372,N/A,10.48, ,ongoing,0.0
LOAN008753,CUST01281,1163490,Biz Loan,11.84,nan,Current,0.01
LOAN005874,CUST05069,2967049,Housing Loan,8.15,240,ongoing,0.0
LOAN006273,CUST05328,,education loan,10.57,180,Open,0.0
LOAN004102,CUST00247,"561,779",EDUCATION LOAN,10.92,240,paid,0.0
LOAN008636,CUST00090,"421,151",personal loan,13.39,60,Open,0.0
LOAN004717,CUST05328,149173,Personal,12.83,240,Closed,0.0
LOAN004643,CUST05707,63626,PL,15.1,180,Ongoing,0.0
LOAN002984,CUST01500,-1000,education loan,8.83,12,Current,0.0
LOAN003109,CUST05823,480637,Education Loan,11.34,84,ACTIVE,0.0
LOAN003664,CUST05436,1045231,home loan,7.61,180,Current,#N/A
LOAN000618,CUST04270,452352,Personal,14.39,48,Current,0.0
LOAN002729,CUST05347,312677,PERSONAL LOAN,14.4,12,Closed,0.0
LOAN006847,CUST01140,415445,Car Loan,,36,Paid Off,0.0
LOAN004963,CUST02933,305465,Personal Loan,13.22,60,Active,0.0
LOAN007562,CUST02262,420919,Personal Loan,12.9,48,Fully Paid,0.99
LOAN007799,CUST01500,67331,Personal,11.61,84,paid,0.0
LOAN010068,CUST02643,1199894,Vehicle Loan,9.86,120,Closed,0.0
LOAN002446,CUST00843,424039,Edu Loan,9.14,24,Closed,0.0
LOAN004397,CUST04827,3872229,HOME LOAN,9.27,120,Current,0.0
LOAN005238,CUST04628,Unknown,business loan,11.77,180,Open,0.0
LOAN000775,CUST03824,827077,Auto Loan,11.98,60,ongoing,0.0
LOAN001124,CUST01281,"₹2,277,309",home loan,10.13,24,ACTIVE,0.01
LOAN011349,CUST01901,339132,personal loan, ,48,ONGOING,-0.5
LOAN009328,CUST05707,3049022,HOME LOAN,10.75,180,Unknown,0.0
LOAN003677,CUST03839,417117,EDUCATION LOAN,9.32,24,ONGOING,0.0
LOAN006135,CUST04270,3739312,home loan,9.88,120,Open, 
LOAN005339,CUST04599,NULL,personal loan,11.92,84,PAID,0.0
LOAN005133,CUST04628,123473,Personal Loan,13.15,240,ACTIVE,0.0
LOAN000676,CUST05357,348025,Education Loan,10.15,180,paid,0.21
LOAN009437,CUST05069,375804,PERSONAL LOAN,11.39,60,paid,0.0
LOAN000248,CUST03677,900893,Auto Loan,10.31,48,Open,0.0
LOAN000683,CUST04270,1998319,Home Loan,9.75,84,paid,0.0
LOAN005599,CUST00015,218282,PERSONAL LOAN,NULL,12,Default,0.0
LOAN001727,CUST00015,379828,education loan,18.08,60,,0.0
LOAN006163,CUST04827,142792,personal loan,14.28,48,Paid Off,0.0
LOAN005279,CUST02643,"1,415,384",Auto Loan,9.73,84,Active,0.0
LOAN004214,CUST03677,669445,Home Loan,8.1,120,ACTIVE,NULL
LOAN009730,CUST00090,341424,Auto Loan,11.34,120,Current,0.0
LOAN010309,CUST05823,2874997,SME Loan,12.64,48,ONGOING,0.01
LOAN004414,CUST03839,2109714,Business Loan,11.5,24,Closed,N/A
LOAN011191,CUST04827,3368037,home loan,9.55,180,Active,0.0
LOAN002486,CUST05147,,EDUCATION LOAN,10.02,84,PAID,
LOAN004690,CUST05347,319041,education loan,10.61,12,paid,0.0
LOAN001145,CUST04628,4402908,Home Loan,9.21,48,Paid,0.01
LOAN001018,CUST00015,513053,education loan,16.89,12,CLOSED,0.01
LOAN009542,CUST05735,420269,personal loan,13.62,60,Active,0.0
LOAN011217,CUST01025,726159,education loan,10.58,120,ACTIVE,0.0
LOAN003237,CUST04628,374294,PERSONAL LOAN,13.44,60,Open,0.0
LOAN000526,CUST05347,"₹2,032,869", ,10.27,180,Current,0.0
LOAN005685,CUST02173,1419248,Auto Loan,9.41,NULL,Paid Off,0.0
LOAN001723,,223184,Edu Loan,9.1,60,Active,0.0
LOAN008446,CUST03189,2134940,,12.1,48,ONGOING,0.01
LOAN008892,CUST03839,124438,Personal Loan,13.62,24,Paid Off,0.0
LOAN005615,CUST04827,404825,Personal,14.07,36,Paid Off,0.0
LOAN001775,CUST02950,3958210,Housing Loan,9.04,180,active,0.0
LOAN001586,CUST05328,1298998,Vehicle Loan,10.35,120,ongoing,0.0
LOAN004852,CUST03518,169577,PL,11.82,180,Fully Paid,0.08
LOAN005461,CUST02643,305472,Student Loan,8.96,24,Fully Paid,0.0
LOAN000068,CUST01140,"₹386,654",Personal,11.43,180,Current,0.0
LOAN002036,CUST02950,#N/A,personal loan,13.22,24,Paid, 
LOAN009540,CUST00247,230801,Personal Loan,13.41,24,Bad Debt,0.0
LOAN007261,CUST01140,107417,Personal,12.53,84,Current,N/A
LOAN001641,CUST02950,1253407,Vehicle Loan,9.28,180,CLOSED,0.0
LOAN007658,CUST00090,51729,PERSONAL LOAN,13.16,nan,NULL,0.0
LOAN002211,CUST00015,"-1,000",car loan,18.43,-12,PAID,0.0
LOAN007582,CUST03280,3541016,Housing Loan,8.83,36,ONGOING,0.01
LOAN006833,CUST03189,329102,personal loan,12.85,180,ACTIVE,0.0
LOAN003725,CUST05424,665719,education loan,8.98,84,Fully Paid,0.99
LOAN007700,CUST04628,3423989,Home Loan,10.0,48,ongoing,0.01
LOAN007096,CUST04529,385349,Edu Loan,8.55,48,Default,0.99
LOAN004256,CUST03571,491182,Vehicle Loan,10.79,48,CLOSED,0.0
LOAN008739,CUST05735,555875,Vehicle Loan,10.44,12,Fully Paid,0.01
LOAN011772,CUST03264,"₹2,391,216",Mortgage,9.76,24,Paid,N/A
LOAN004439,CUST04850,324382,personal loan,15.44,180,paid,0.1
LOAN008811,CUST01500,2947590,Housing Loan,8.39,12,Paid,0.03
LOAN004046,CUST03896,268146,Vehicle Loan,8.19,240,Paid Off,0.11
LOAN005800,CUST00090,3175355,Housing Loan,120,48,ONGOING,0.01
LOAN008934,CUST01140,"3,114,182",Home Loan,6.69,240,CLOSED,0.0
LOAN010461,CUST01106,564205,Business Loan,11.67,84,Default,0.99
LOAN002063,CUST03280,466944,personal loan,13.41,180,ongoing,0.0
LOAN000570,CUST05347,nan,Business Loan,12.82,120,Open,0.0
LOAN002314,CUST03222,402884,Personal,14.01,180,ongoing,0.0
LOAN011237,CUST03824,765156,education loan,10.07,48,Paid,
LOAN008617,CUST03189,252059,Education Loan,9.55,Unknown,active,0.0
LOAN011116,CUST02950,4566479,Mortgage,8.06,84,Active,0.01
LOAN011757,CUST04564,392550,PL,13.27,84,CHARGED OFF,0.73
LOAN010213,CUST04790,1474384,Auto Loan,NULL,84,Open,0.84
LOAN005550,CUST01901,341567,EDUCATION LOAN,8.26,180,CLOSED,0.0
LOAN005606,CUST05823,4144627,Home Loan,8.95,24,Active,0.02
LOAN002250,CUST00552,263100,CAR LOAN,NULL,24,paid,0.0
LOAN009868,CUST04599,4275517,Mortgage,7.66,180,ONGOING,0.0
LOAN002475,CUST03677,419520,Personal Loan,12.64,60,Paid Off,0.0
LOAN002717,CUST00709,331076,personal loan,13.73,60,Ongoing,0.0
LOAN001105,CUST04270,794573,business loan,13.62,36,Active,0.0
LOAN011917,CUST03222,0,Personal Loan,14.38,24,active,0.0
LOAN011280,CUST03677,408814,Personal,13.27,36,ACTIVE,0.0
LOAN002407,CUST03571,662856,Edu Loan,10.96,180,PAID,0.0
LOAN001497,CUST00587,287044,Personal Loan,14.72,24,CLOSED,0.0
LOAN002981,CUST01281,525822,nan,10.31,48,Ongoing,0.0
LOAN001037,CUST00843,846432,CAR LOAN,9.36,120,ONGOING,0.0
LOAN006312,CUST01901,3705132,Home Loan,8.11,120,ongoing,0.0
LOAN010658,CUST04599,3966741,home loan,8.39,180,Ongoing,0.0
LOAN001626,CUST00587, ,car loan,nan,60,ACTIVE,0.0
LOAN006052,CUST05823,445978,BUSINESS LOAN,13.82,,ACTIVE,0.0
LOAN002777,CUST02944,3614504,Home Loan,7.14,24,Closed,0.99
LOAN000679,CUST00843,2504550,SME Loan,11.02,36,paid,0.01
LOAN004939,CUST02612,4410541,HOME LOAN,9.92,240,Default,0.99
LOAN010126,CUST04628,161663,Personal Loan,0,24,Closed,0.0
LOAN002393,CUST04827,3486549,Home Loan,8.17,36,Open,0.01
LOAN011665,CUST03189,421481,Edu Loan,8.42,24,CLOSED,0.0
LOAN006291,CUST01025,164342,personal loan,14.05,48,Fully Paid,0.0
LOAN006758,CUST01140,2195589,Housing Loan,7.78,48,Active,0.01
LOAN004323,CUST03677,"₹465,995",PL,12.51,84,Current,0.0
LOAN000201,CUST02950,186114,personal loan,13.49,12,PAID,0.0
LOAN009769,CUST03824,399471,personal loan,15.05,nan,CLOSED,0.0
LOAN001387,CUST00587,127555,Personal Loan,14.1,60,ONGOING,0.0
LOAN009634,CUST05328,"404,000",PL,13.52,48,ONGOING,0.0
LOAN008520,CUST03121,778888,Student Loan,#N/A,60,DEFAULT,0.99
LOAN000637,CUST05069,1606302,Housing Loan,8.37,240,Ongoing,0.0
LOAN002307,CUST03824,2914464,HOME LOAN,8.75,120,Open,0.0
LOAN004564,CUST04599,3422674,Housing Loan,7.6,24,ongoing,0.02
LOAN003396,CUST00090,1231621,CAR LOAN,10.18,36,Ongoing,0.0
LOAN007627,CUST05328,419926,personal loan,13.04,240,ACTIVE,Unknown
LOAN008889,CUST00843,1177434,Car Loan,9.08,84,ongoing,0.0
LOAN005896,CUST02173,1196313,Housing Loan,8.17,120,active,0.0
LOAN007128,CUST03222,166961,PERSONAL LOAN,N/A,240,Open,0.0
LOAN010403,CUST02173,767730,Student Loan,10.59,36,Current,0.0
LOAN000614,CUST05735,3426530,Housing Loan,7.56,60,Active,0.01
LOAN000311,CUST04599,1604785,SME Loan,11.72,48,active,0.0
LOAN003697,CUST03677,93505,PERSONAL LOAN,12.78,240,Current,0.0
LOAN001006,CUST04827,411383,PL,12.83,24,CLOSED,0.0
LOAN003511,CUST02409,436717,PL,12.06,120,Paid,0.22
LOAN004847, ,"98,270",Personal Loan,12.68,48,CLOSED,0.0
LOAN007424,CUST05095,443327,EDUCATION LOAN,9.98,240,paid,0.3
LOAN004480,CUST01140, ,HOME LOAN,7.46,24,Active,0.02
LOAN001893,CUST01500,2284961,SME Loan,10.6,36,ongoing,0.01
LOAN005991,CUST02643,1199990,Car Loan,9.52,36,Current,0.0
LOAN009153,CUST01500,"412,321",education loan,8.02,24,Fully Paid,0.0
LOAN000943,CUST03280,1426943,Car Loan,10.75,60,Ongoing,0.0
LOAN000858,CUST01901,2338348,Home Loan,8.66,240,ONGOING,0.0
LOAN001937,CUST01500,#N/A,home loan,8.18,180,Open,0.0
LOAN005478,CUST00015,2033424,SME Loan,20.73,60,Bad Debt,0.0
LOAN001290,CUST02173,1000139,Auto Loan,10.43,12,ACTIVE,2.5
LOAN011041,CUST02173,236339,personal loan,12.18,,Ongoing,0.0
LOAN010710,CUST05823,4229055,HOME LOAN,9.22,240,ACTIVE,0.0
LOAN003832,CUST03571,N/A,Car Loan,9.95,84,Paid, 
LOAN005995,CUST01281,473817,Personal Loan,14.55,36,Active,0.0
LOAN002644,CUST04270,851522,Car Loan,10.89,12,Paid Off,0.01
LOAN011471,CUST01318,1060578,BUSINESS LOAN,13.63,180,Fully Paid,0.99
LOAN006817,CUST03677,349663,BUSINESS LOAN,12.24,180,Open,0.0
LOAN008956,CUST03189,"999,999,999",Car Loan,#N/A,0,CLOSED,0.0
LOAN004417,CUST00247,352258,EDUCATION LOAN,9.62,36,PAID,0.0
LOAN001700,CUST01901,999999999,Mortgage,7.34,84,Active,0.0
LOAN002813,CUST02121,2475561,home loan,9.82,120,CLOSED,0.99
LOAN007819,CUST00552,706379,EDUCATION LOAN,9.77,120,ONGOING,0.0
LOAN004868,CUST03280,308536,Student Loan,10.12,240,active,0.0
LOAN006006,CUST04854,226528,Personal Loan,13.7,nan,Paid,0.15
LOAN010120,CUST03677,422403,Edu Loan,9.19,180,ACTIVE,0.0
LOAN007361,CUST03189,380878,PERSONAL LOAN,12.58,12,Paid Off,0.0
LOAN004544,CUST03222,1237590,Biz Loan,12.07,36,Paid,0.0
LOAN006655,CUST00587,2565853,home loan,10.21,60,PAID,0.01
LOAN007340,CUST03280,1317826,BUSINESS LOAN,12.76,48,ACTIVE,0.0
LOAN010494,CUST03824,1378283,HOME LOAN,9.33,240,Open,0.0
LOAN010017,CUST01747,157094,Personal Loan,12.68,36,Active,0.35
LOAN011606,CUST05347,3793921,HOME LOAN,8.99,48,Closed,#N/A
LOAN011089,CUST01025,656476,car loan,10.29,24,Paid,0.0
LOAN008772,CUST05707,111971,NULL,14.7,48,Active,0.0
LOAN005932,CUST01281,650470,business loan,13.7,12,Paid,0.01
LOAN000985,CUST05735,368896,personal loan,12.35,180,Paid,0.0
LOAN010631,CUST02173,449168,education loan,8.69,12,Current,0.0
LOAN000464,CUST05436,514593,Car Loan,9.45,240,,0.0
LOAN011283,NULL,377134,PL,21.16,120,CHARGED OFF,0.0
LOAN006822,CUST04827,460617,personal loan,12.65,12,ongoing,0.0
LOAN002638,CUST03280,925734,Business Loan,13.58,60,NULL,0.0
LOAN011151,CUST03222,314388,SME Loan,11.89,180,Default,0.0
LOAN003355,CUST00247,1793996,HOME LOAN,9.04,36,paid,0.01
LOAN002098,CUST03824,335309,Education Loan,9.72,24,CHARGED OFF,0.0
LOAN005521,CUST05707,1275404,BUSINESS LOAN,13.33,60,paid,0.0
LOAN003037,CUST00090,3139550,Home Loan,9.9,24,ACTIVE,0.02
LOAN008234,CUST03995,2706037,Mortgage,8.62,60,DEFAULT,0.99
LOAN010909,CUST00090,722129,HOME LOAN,9.73,240,paid,0.0
LOAN004511,CUST05707,209584,CAR LOAN,11.27,24,ongoing,0.0
LOAN001651,CUST05735,1294085,Vehicle Loan,8.81,180,Fully Paid,0.0
LOAN010565,CUST01901,1187568,Auto Loan,9.1,48,paid,0.0
LOAN004070,CUST00552,259900,PL,14.31,600,Current,0.0
LOAN002130,CUST00587,876492,Car Loan,11.17,48,Ongoing,0.0
LOAN000593,CUST03189,1170533,home loan,8.13,60,Active,0.0
LOAN008537,CUST02173,422125,education loan,,nan,#N/A,0.0
LOAN006927,CUST05707,157715,personal loan,14.12,60,Ongoing,0.0
LOAN005300,CUST04827,416045,PERSONAL LOAN,13.0,48,paid,0.0
LOAN008094,CUST04270,324475, ,13.91,120,paid,0.0
LOAN004460,CUST03280,2732145,Housing Loan,10.43,120,Active,0.0
LOAN001501,CUST03839,1472125,Car Loan,9.62,48,PAID,0.0
LOAN001635,CUST03452,1095478,Housing Loan,9.19,240,DEFAULT,0.55
LOAN004203,CUST01901,662534,Vehicle Loan,8.69,84,active,0.0
LOAN010132,CUST01073,"454,735",PERSONAL LOAN,11.26,36,Ongoing,0.99
LOAN011048,CUST02933,70170,PL,12.44,240,paid,0.0
LOAN011648,CUST03222,1012056,home loan,10.08,60,Current,0.0
LOAN002473,CUST03677,4901568,Housing Loan,8.28,120,Active,0.0
LOAN003943,CUST05266,"₹570,801",EDUCATION LOAN,10.57,48,DEFAULT,0.99
LOAN002551,CUST02933,4542201,Home Loan,8.18,180,ACTIVE,
LOAN001214,CUST03677,648918,Student Loan,9.94,180,Paid Off,0.0
LOAN000264,CUST05707,2819946,Mortgage,9.12,240,active,0.0
LOAN009831,CUST05735,1868921,Mortgage,8.93,24,active,0.01
LOAN010508,CUST03189,1302873,car loan,nan,120,Active,0.0
LOAN010555,CUST03280,"273,852",personal loan,14.61,24,Closed,0.0
LOAN009300,CUST05069,"₹1,658,802",Home Loan,7.27,84,Unknown,0.0
LOAN006979,CUST03677,607531,,10.61,240,ONGOING,0.0
LOAN003829,CUST05328,294690,Car Loan,11.76,84,ACTIVE,0.0
LOAN011781,CUST03824,993347,Business Loan,13.32,12,Ongoing,0.01
LOAN010908,CUST03222,999999999,personal loan,12.69,240,ACTIVE,0.0
LOAN001632,CUST04599,803451,Vehicle Loan,8.96,120,Paid Off,0.0
LOAN009874,CUST05735,1335458,home loan,7.88,48,active,0.0
LOAN001373,CUST05328,201742,PL,13.78,24,ACTIVE,0.0
LOAN008463,CUST00090,"287,920",Vehicle Loan,10.85,,Fully Paid,0.0
LOAN007245,CUST00090,"₹1,128,543",car loan,Unknown,120,ACTIVE,0.0
LOAN009481,CUST02283,4097902,Mortgage,7.59,240,Fully Paid,0.99
LOAN001726,CUST03487,755726,EDUCATION LOAN,10.5,120,ACTIVE,0.3
LOAN001475,CUST00247,553305,Car Loan,10.58,120,Ongoing,0.0
LOAN011383,CUST05707,NULL,Housing Loan,9.65,84,PAID,0.01
LOAN006202,NULL,4332535,Home Loan,9.54,120,Active,0.0
LOAN002923,CUST04707,4896368,home loan,9.25,180,PAID,0.99
LOAN009260,CUST01140,425442,Car Loan,9.7,84,Fully Paid,0.0
LOAN006986,CUST00796,Unknown,Car Loan,10.12,120,ACTIVE,0.41
LOAN008694,CUST02933,215162,Biz Loan,13.03,60,Ongoing,0.0
LOAN006714,CUST04513,1437372,Housing Loan,8.29,12,active,0.99
LOAN006467,CUST05069,818670,nan,9.04,84,Ongoing,0.0
LOAN008773,CUST01951,3169508,Home Loan,8.53,240,Defaulted,0.99
LOAN001968,CUST00843,156627,Personal,13.38,180,ACTIVE,0.0
LOAN006236,CUST05328,2264019,Biz Loan,13.67,84,Paid Off,0.0
LOAN009154,CUST03189,352212,personal loan,12.66,84,Closed,0.0
LOAN010250,CUST00580,192125,Personal Loan,12.23,24,Open,0.43
LOAN005344,CUST04599,nan,CAR LOAN,8.51,180,Fully Paid,0.0
LOAN008247,CUST05328,783906,CAR LOAN,9.92,24,Active,0.0
LOAN000498,CUST03824,206284,Personal Loan,13.94,84,Fully Paid,0.0
LOAN002688,CUST05823,176432,Personal,15.12,84,ONGOING,0.0
LOAN011797,CUST03280,201442,CAR LOAN,11.91,240,ONGOING,0.0
LOAN000194,CUST02950,2602219,SME Loan,11.5,60,CLOSED,0.01
LOAN006339,CUST00843,158053,Personal,13.29,48,CLOSED,0.0
LOAN002020,CUST04628,1367261,Housing Loan,9.14,24,ACTIVE,0.01
LOAN010512,CUST05823,654842,home loan,9.58,12,DEFAULT,0.01
LOAN005975,CUST01025,354165,,10.64,12,Active,0.0
LOAN004705,CUST03280,1492829,business loan,12.24,180,ongoing,0.0
LOAN000054,CUST05436,1179901,CAR LOAN,10.02,120,ACTIVE,0.0
LOAN006773,CUST00520,280727,car loan,11.37,240,Paid Off,0.31
LOAN008006,CUST01433,Unknown,PERSONAL LOAN,13.29,60,ACTIVE,0.2
LOAN009736,CUST03222,3094918,HOME LOAN,8.56,24,ACTIVE,0.02
LOAN008214,CUST05735,211550,personal loan,12.21,12,nan,0.0
LOAN008526,CUST03222,"₹2,877,389",Home Loan,9.61,60,Open,0.01
LOAN006391,CUST04628,1394571,Car Loan,9.65,12,Active,0.01
LOAN011112,CUST02933,2178403,Housing Loan,8.83,N/A,active,0.0
LOAN006682,CUST03222,1454614,CAR LOAN,9.83,Unknown,paid,0.0
LOAN002890,CUST00709,466512,PL,14.24,24,Ongoing,0.0
LOAN000298,CUST03189,1015168,CAR LOAN,10.07,36,Ongoing,0.0
LOAN009711,CUST00090,197473,Personal,13.62,120,ACTIVE,0.0
LOAN004465,CUST05823,139174,Personal Loan,15.28,12,Active,0.0
LOAN007739,CUST03571,312059,PL,13.61,120,Fully Paid,99
LOAN003441,CUST02849,225013,car loan,11.57,36,Closed,0.59
LOAN010021,CUST03824,995306,Home Loan,10.55,48,Paid Off,0.0
LOAN009571,CUST00843,902708,home loan,7.78,84,Closed,0.0
LOAN008611,CUST00798,262778,EDUCATION LOAN,10.06,24,ACTIVE,0.56
LOAN009043,CUST00552,160308,EDUCATION LOAN,10.6,240,Open,0.0
LOAN011977,CUST05328,"337,706",nan,12.96,24,active,0.0
LOAN001649,CUST04827,211216,NULL,13.8,24,Ongoing,0.0
LOAN003268,CUST05735,212354,PL,13.79,60,Charged Off,N/A
LOAN000758,CUST05436,64144,PERSONAL LOAN,13.52,120,paid,0.0
LOAN000993,CUST03571,#N/A,Biz Loan,12.31,84,Fully Paid,#N/A
LOAN000906,CUST03571,4137293,Home Loan,9.96,36,Paid Off,0.01
LOAN005054,CUST04827,126686,personal loan,13.64,36,Open,nan
LOAN009938,CUST02933,1568433,business loan,12.01,120,Ongoing,0.0
LOAN010720,CUST05735,282087,Personal,12.7,84,Open,0.0
LOAN009760,CUST01483,3642110,Housing Loan,8.05,48,Bad Debt,0.99
LOAN005212,CUST02643,287673,NULL,12.97,12,ACTIVE,0.0
LOAN011651,CUST00247,1032779,Vehicle Loan,10.0,48,ACTIVE,0.0
LOAN003709,nan,604285,SME Loan,10.84,84,Open,0.0
LOAN000295,CUST02933,1561676,HOME LOAN,9.36,12,Closed,0.02
LOAN009114,CUST01281,98619,Personal,12.8,84,Paid Off,0.0
LOAN005670,CUST02643,"662,112",Auto Loan,9.47,84,ongoing,0.0
LOAN009373,CUST01025,321847,Personal Loan,14.08,24,Current,0.0
LOAN009316,CUST05735,1244819,business loan,11.7,12,Unknown,0.01
LOAN010294,CUST03824,112396,EDUCATION LOAN,10.41,48,Closed,0.0
LOAN011976,CUST04256,1458243,Vehicle Loan,12.52,120,Closed,0.99
LOAN001608,CUST03677,3913380,N/A,7.93,36,Current,0.01
LOAN008409,CUST00452,885133,Biz Loan,12.6,180,Ongoing,0.25
LOAN002083,CUST03571,0,Personal,12.79,12,Ongoing,0.0
LOAN005533,nan,2911538,Biz Loan,13.01,48,Paid,0.01
LOAN010312,CUST03329,3962637,Housing Loan,7.92,84,Paid,0.99
LOAN003168,CUST01281,4771924,Housing Loan,8.92,12,Paid,0.05
LOAN006636,CUST00709,971396,business loan,13.31,240,paid,0.0
LOAN000857,CUST03222,3979570,home loan,10.06,12,ongoing,0.04
LOAN002752,CUST02173,3319089,Housing Loan,NULL,24,PAID,0.02
LOAN008410,CUST05328,234368,personal loan,13.71,84,ongoing,0.0
LOAN004742,CUST01140,213838,Unknown,12.42,120,paid,0.0
LOAN011376,CUST05836,257206,PERSONAL LOAN,15.23,24,default,0.99
LOAN000827,CUST00479,255823,PL,11.57,180,paid, 
LOAN009445,CUST05069,4563969,Home Loan,6.83,36,paid, 
LOAN010351,CUST03280,823622,Mortgage,9.09,120,active,0.0
LOAN006611,CUST00015,135821,PL,20.86,12,Charged Off,0.0
LOAN009180,CUST03562,"1,801,853",Biz Loan,13.25,12,Active,0.02
LOAN003811,CUST00552,126409,education loan,10.73,84,ONGOING,0.0
LOAN010702,CUST01894,1766506,Home Loan,10.32,180,Fully Paid,0.99
LOAN004683,CUST00247,767232,business loan,11.8,240,ONGOING,0.0
LOAN011035,CUST01025,231533,PL,12.49,12,paid,0.0
LOAN011005,CUST03280,606734,Home Loan,9.75,36,Paid Off,0.0
LOAN003604,CUST00606,550400,Housing Loan,9.08,600,ongoing,0.16
LOAN004114,CUST03562,159843,PERSONAL LOAN,15.64,36,paid,0.0
LOAN007829,CUST00709,407156,Business Loan,13.2,24,Current,0.0
LOAN001509,CUST01500,200173,personal loan,12.31,180,Closed,#N/A
LOAN007895,CUST00015,#N/A,BUSINESS LOAN,20.4,84,Defaulted,0.0
LOAN006548,CUST03839,1433185, ,9.51,48,PAID,0.0
LOAN004735,CUST02173,831385,car loan,11.09,0,ACTIVE,0.01
LOAN002997,CUST00696,134853,EDUCATION LOAN,9.87,180,Open,0.06
LOAN002678,CUST03677,669197,home loan,7.02,180,Active,0.0
LOAN010598,CUST04084,1431832,Business Loan,13.23,60,Open,0.0
LOAN007119,CUST04599,578309,Auto Loan,10.11,180,Fully Paid,0.0
LOAN011414,CUST01061,3340768,Housing Loan,9.88,36,CHARGED OFF,0.99
LOAN004156,CUST01476,1088035,car loan,10.03,36,CHARGED OFF,0.99
LOAN010088,CUST00625,464001,Personal,13.07,48,Active,0.99
LOAN002558,CUST05436,856054,CAR LOAN,9.67,240,Current,0.0
LOAN002512,CUST01140,793230,SME Loan,10.21,120,ACTIVE,0.0
LOAN007555,CUST02950,1123928,car loan,9.75,12,active,0.01
LOAN006831,CUST00552,1655548,Housing Loan,8.09,180,PAID,0.0
LOAN003446,CUST03189,#N/A,Business Loan,11.54,84,Current,0.0
LOAN000531,CUST00843,3897304,home loan,#N/A,84,ONGOING,0.01
LOAN005437,CUST03571,0,Car Loan,11.48,60,Open,0.0
LOAN009072,CUST01901,296670,Student Loan,8.28,60,ACTIVE,0.0
LOAN001612,CUST05707,393498,Education Loan,10.37,180,ACTIVE,0.0
LOAN000300,CUST03677,862623,car loan,9.52,Unknown,Open,0.0
LOAN010738,CUST01025,505701,Education Loan,9.1,24,ongoing,0.0
LOAN008728,CUST04084,91118,PERSONAL LOAN,14.62,36,Closed,0.0
LOAN002492,CUST00709,116965,Edu Loan,8.97,240,active,0.0
LOAN000868,CUST01025,111450,Personal Loan,13.49,36,active,0.0
LOAN010961,CUST04599,766015,Edu Loan,8.35,84,Current,0.0
LOAN010630,CUST00249,347382,car loan,11.11,180,ONGOING,0.27
LOAN000382,CUST05823,"₹102,378",N/A,14.85,60,CLOSED,0.0
LOAN011897,CUST01500,260885,Auto Loan,8.67,24,PAID,0.0
LOAN004266,CUST01140,70909,PL,11.86,180,Current,0.0
LOAN011569,CUST05347,"309,358",personal loan,15.04,120,Paid,0.0
LOAN000540,CUST03571,"1,417,993",Mortgage,9.68,120,ONGOING,0.0
LOAN007826,CUST04599,4448018,Housing Loan,120,60,CLOSED,0.01
LOAN002204,CUST02240,567161,car loan,10.92,nan,default,#N/A
LOAN010548,CUST00015,290641,PERSONAL LOAN,21.78,60,Bad Debt,0.0
LOAN000207,CUST04510,999999999,business loan,12.69,48,Fully Paid,0.8
LOAN002850,CUST01281,752853,Student Loan,10.9,180,Bad Debt,0.0
LOAN002480,CUST03222,322807,BUSINESS LOAN,13.43,60,PAID,0.0
LOAN005443,CUST03222,991250,Business Loan,13.09,36,Ongoing,0.0
LOAN009857,CUST05436,891793,Biz Loan,11.5,24,active,0.0
LOAN005782,CUST04084,"348,234",Personal Loan,14.71,60,Closed,0.0
LOAN007535,CUST03189,703475,Vehicle Loan,10.48,84,Paid,0.0
LOAN006022,CUST00247,105251,PERSONAL LOAN,14.38,48,Current,0.0
LOAN005530,CUST00013,301662,Personal Loan,13.05,12,Paid Off,0.99
LOAN003378,CUST05735,582588,Edu Loan,9.12,24,PAID,0.0
LOAN001664,CUST03839,778368,CAR LOAN,9.54,24,ACTIVE,0.0
LOAN011176,CUST01810,"346,061",Personal Loan,12.69, ,ONGOING,0.39
LOAN002635,CUST00247,92538,Personal Loan,12.94,12,ONGOING,0.0
LOAN002135,CUST05328,"₹52,324",Personal Loan,13.97,240,Paid,0.0
LOAN001899,CUST00709,986889,home loan,8.1,180,Bad Debt,0.0
LOAN002433,CUST02950,1295579,Vehicle Loan,9.38,24,ONGOING,0.01
LOAN006780,CUST00587,1198695,CAR LOAN,10.22,84,Ongoing,0.0
LOAN009948,CUST05436,1315001,car loan,9.11,60,Closed,0.0
LOAN000975,CUST01025,1939195,SME Loan,12.66,60,Defaulted,NULL
LOAN010579,CUST04628,"509,455",Vehicle Loan,10.81,12,Ongoing,0.01
LOAN005531,CUST03189,3572792,Mortgage,8.46,60,PAID,nan
LOAN009604,CUST03562,1109610,CAR LOAN,10.76,120,#N/A,0.0
LOAN002671,CUST02950,"₹173,601",Personal Loan,12.94,48,ongoing,0.0
LOAN008097,CUST01901,2951653,home loan,8.87,24,ongoing,0.01
LOAN006143,CUST04084,823327,HOME LOAN,9.74,60,ACTIVE,0.0
LOAN002241,CUST04628,1125950,Business Loan,12.74,36,Open,0.0
LOAN005724,CUST00843,"₹2,521,164",Biz Loan,11.1,12,Ongoing,0.03
LOAN000807,CUST00247,3605650,Housing Loan,8.17,12,paid,0.04
LOAN008054,CUST05347,559099,Education Loan,9.77,180,Fully Paid,0.0
LOAN007067,CUST00587,"1,088,822",Biz Loan,12.51,240,ACTIVE,0.0
LOAN001771,CUST04398,4700110,Mortgage,8.24,180,Fully Paid,Unknown
LOAN010373,CUST02643,203824,PERSONAL LOAN,nan,240,DEFAULT,0.0
LOAN007061,CUST04084,2763564,Home Loan,9.93,12,Current,0.03
LOAN007411,CUST02950,1191459,Business Loan,12.97,84,Active,0.0
LOAN005525,CUST05735,1283128,CAR LOAN,10.74,36,Open,0.0
LOAN003171,CUST00547,2502842,SME Loan,10.51,84,Default,0.99
LOAN009564,CUST03562,206508,Personal Loan,14.44,60,Active,0.0
LOAN004571,CUST02173,97068,PL,75,240,active,0.0
LOAN007194,CUST02643,292781,personal loan,12.73,84,ONGOING,0.0
LOAN004499,CUST04296,3298721,home loan,9.44,48,paid,0.99
LOAN005068,CUST00090,nan,Student Loan,9.7,180,Paid,0.0
LOAN000447,CUST05823,294014,PERSONAL LOAN,13.85,24,,0.0
LOAN011833,CUST05707,497443,Personal,14.2,60,Current,0.0
LOAN010166,CUST00587,2652557,business loan,12.26,240,ongoing,0.0
LOAN000485,CUST05735,"₹59,533",Personal,13.67,120,Ongoing,0.0
LOAN000516,CUST03571,3989486,home loan,9.48,12,Ongoing,0.04
LOAN008629,CUST02758,60433,NULL,13.44,120,ACTIVE,0.05
LOAN009646,CUST04628,2793502,Housing Loan,8.04,120,CLOSED,0.0
LOAN003440,CUST05735,180894,Personal Loan,12.8,12,Active,0.0
LOAN000553,CUST03677,"₹796,880",Student Loan,9.36,180,paid,0.0
LOAN010957,CUST03222,4616600,home loan,10.0,60,Ongoing,0.01
LOAN007364,CUST00090,1531944,business loan,12.35,60,active,0.0
LOAN011419,CUST04628,1529295,NULL,11.67,180,Active,0.0
LOAN007233,CUST05328,293311,Personal Loan,14.2,24,Paid Off,0.0
LOAN010705,CUST01500,2242207,Business Loan,11.14,120,active,0.0
LOAN010560,CUST04599,1719591,Business Loan,11.29,84,PAID,0.0
LOAN001831,CUST03222,234132,education loan,10.62,84,ONGOING,0.0
LOAN006624,CUST02088,1855861,Housing Loan,7.87,84,Defaulted,0.99
LOAN002212,CUST02643,186985,education loan,9.3,120,Open,0.0
LOAN001070,CUST03839,736967,Auto Loan,75,84,ONGOING,0.0
LOAN003561,CUST01901,337235,PL,12.58,180,Paid,0.0
LOAN011716,CUST05069,1389565,CAR LOAN,8.36,120,Closed,0.0
LOAN007779,CUST04599,"₹1,654,724",SME Loan,10.93,36,CHARGED OFF,Unknown
LOAN006259,CUST01025,861889,Vehicle Loan,10.02,60,ongoing,Unknown
LOAN011923,CUST00090,353189,personal loan,14.52,240,CLOSED,0.0
LOAN001860,CUST00090,295098,personal loan,13.98,180,ACTIVE,0.0
LOAN005277,CUST01281,1422058,Vehicle Loan,10.16,180,Open,0.0
LOAN002378,CUST00709,475827,nan,10.77,60,Closed,0.0
LOAN010177,CUST05823,Unknown,BUSINESS LOAN,14.08,12,#N/A,0.0
LOAN005665,CUST01140,458041,PERSONAL LOAN,11.39,240,Paid Off,0.0
LOAN002832,CUST03280,154143,Personal,13.74,240,default,0.0
LOAN011298,CUST00550,262309,PL,13.8,48,Closed,0.59
LOAN004785,CUST05823,"458,732",personal loan,13.86,120,Current,-0.5
LOAN008650,CUST00247,717609,Student Loan,9.45,12,Active,0.01
LOAN010970,CUST03571,370129,personal loan,13.12,60,Ongoing,0.0
LOAN001862,CUST02950,1173719,Car Loan,10.74,240,ongoing,0.0
LOAN001933,CUST00015,678830,Business Loan,19.34,36,paid,0.0
LOAN007762,CUST01901,98508,PERSONAL LOAN,11.49,120,Open,0.0
LOAN001807,CUST01694,"₹4,154,418",Housing Loan,9.32,48,Open,0.99
LOAN011750,CUST05823,2428984,Mortgage,10.26,84, ,0.0
LOAN004644,CUST03280,390020,CAR LOAN,10.07,180,CHARGED OFF,0.0
LOAN010898,CUST03280,"1,999,091",SME Loan,12.46,180,Unknown,0.0
LOAN003204,CUST05436, ,home loan,nan,240,Open,0.0
LOAN009465,CUST00843,324630,Student Loan,8.5,48, ,0.0
LOAN006364,CUST03571,640999,SME Loan,NULL,48,Active,0.0
LOAN008222,CUST02933,1747619,Biz Loan,12.1,48,Paid,NULL
LOAN000050,CUST02326,261817, ,14.39,60,CLOSED,99
LOAN000555,CUST00090,1383401,HOME LOAN,8.99,60,Current,0.0
LOAN005810,CUST00587,"₹470,030",Personal,13.2,60,Paid,0.0
LOAN002225,CUST03562,1434863,BUSINESS LOAN,14.26,36,PAID,0.0
LOAN000981,CUST00587,741964,SME Loan,13.26,12,Ongoing,0.01
LOAN002177,CUST02950,502268,Education Loan,10.35,60,ACTIVE,0.0
LOAN003793,CUST03677,466953,car loan,9.95,12,CLOSED,0.0
LOAN004335,CUST04084,"₹953,563",Auto Loan,10.86,48,N/A,0.0
LOAN006318,CUST04599,1016462,Vehicle Loan,9.05,120,Closed,0.0
LOAN002541,CUST05735,2853060,HOME LOAN,7.73,60,ACTIVE,0.01
LOAN004776,CUST02930,150564,PERSONAL LOAN,13.24,120,ongoing,0.1
LOAN009804,CUST03222,160170,Personal,13.9,120,ACTIVE,0.0
LOAN008169,CUST05823,2881159,Home Loan,10.01,48,paid,0.01
LOAN010327,CUST05707,311237,personal loan,15.06,48,PAID,0.0
LOAN000831,CUST03562,1429446,Home Loan,9.56,48,PAID,0.0
LOAN010638,CUST05347,655126,CAR LOAN,12.03,48,ONGOING,0.0
LOAN010798,NULL,229224,Personal,13.07,240,Current,0.0
LOAN001189,CUST03562,3749187,Housing Loan,10.14,60,Ongoing,0.01
LOAN005544,CUST05626,688749,Vehicle Loan,12.17,12,default,0.99
LOAN008390,CUST00247,2359949,business loan,13.34,48,active,Unknown
LOAN007795,CUST02933,993465,home loan,8.12,84,Paid,0.0
LOAN003185,CUST03562,62759,PL,14.69,240,Active,0.0
LOAN010979,CUST01025,2000758,HOME LOAN,7.99,24,Fully Paid,0.01
LOAN006553,CUST05436,1288843,car loan,10.14,36,CLOSED,0.0
LOAN010746,CUST00843,3409628,Housing Loan,8.71,240,ONGOING,0.0
LOAN001947,CUST03571,421132,EDUCATION LOAN,11.01,240,ongoing,0.0
LOAN002577,CUST03571,1202507,car loan,11.08,120,Paid,0.0
LOAN011225,CUST05436,3636412,Housing Loan,8.06,48,Paid,0.01
LOAN003300,CUST05735,901932,N/A,9.72,0,Current,0.0
LOAN002765,CUST05069,373449,Personal,11.81,84,CLOSED,0.0
LOAN011393,CUST03280,439671,nan,11.49,24,PAID,0.0
LOAN006030,CUST05069,2169440,Biz Loan,11.44,24,active,0.01
LOAN002943,CUST00090,3901232,home loan,10.02,120,NULL,0.0
LOAN007847,CUST01025,224292,Biz Loan,12.44,48,Open,0.0
LOAN001855,CUST05436,3471884,Mortgage,7.35,120,Paid,0.0
LOAN010608,CUST00090,1162964,car loan,10.18,36,paid,0.0
LOAN000378,CUST00015,2391535,Biz Loan,20.13,12,Defaulted,0.02
LOAN006629,CUST03677,309353,PERSONAL LOAN,11.9,240,paid,0.0
LOAN011105,CUST01901,2002124,SME Loan,11.51,36,,0.01
LOAN006577,CUST03189,145936,PERSONAL LOAN,13.44,12,Open,#N/A
LOAN006212,CUST00709,1390672,Auto Loan,10.77,48,Charged Off,0.0
LOAN004118,CUST03280,1115204,car loan,11.57,N/A,ONGOING,0.0
LOAN002900,CUST00552,2152483,Business Loan,12.95,120,ONGOING,0.0
LOAN007046,CUST01636,617270,Business Loan,12.3,120,Closed,0.65
LOAN008253,CUST04270,3225324,home loan,-5,48,ONGOING,0.01
LOAN010406,CUST05177,681763,Vehicle Loan,10.24,36,PAID,0.99
LOAN011878,CUST01025,660489,Business Loan,11.34,180,active,0.0
LOAN010237,CUST04270,2135407,Home Loan,9.22,60,ongoing,0.0
LOAN011979,CUST03189,397917,PL,11.73,12,Fully Paid,0.0
LOAN000371,CUST00843,1759126,Biz Loan,12.42,48,CLOSED,0.0
LOAN005807,CUST01500,2963141,SME Loan,11.53,84,Paid,0.0
LOAN011848,CUST04628,"₹722,362",education loan,9.44,84,Closed,0.0
LOAN010104,CUST00090,4795010,Mortgage,10.03,120,ONGOING,0.0
LOAN000718,CUST01025,604358,Housing Loan,9.13,36,Paid Off,0.0
LOAN009843,CUST01074,616439,#N/A,9.34,48,PAID,0.99
LOAN010181,CUST00090,"₹1,821,537",SME Loan,12.43,48,CLOSED,0.0
LOAN010671,CUST02950,343274,personal loan,0,180,Current,0.0
LOAN011134,CUST03280,862085,Car Loan,10.72,36,PAID,0.0
LOAN008633,CUST03839,342455,PL,13.66,12,ONGOING,0.0
LOAN002766,CUST03824,413436,PL,13.26,240,Current,0.0
LOAN011916,CUST01025,62230,personal loan,13.05,180,ongoing,0.0
LOAN008072,CUST03839,"₹1,207,857",SME Loan,11.65,240,Paid Off,0.0
LOAN008983,CUST00843,"1,003,815",Business Loan,10.72,36,paid,0.0
LOAN006151,CUST01500,NULL,Car Loan,,12,Paid,Unknown
LOAN008763,CUST01025,"1,020,048",Business Loan,13.17,24,active,0.01
LOAN008975,CUST03280,225827,PL,14.46,120,CLOSED,0.0
LOAN010946,CUST03222,215711,Personal Loan,12.99,120,ONGOING,0.0
LOAN002986,CUST00552,457781,Personal,14.05,12,Open,0.0
LOAN007244,CUST00247,753932,EDUCATION LOAN,9.34,84,Current,0.0
LOAN008838,CUST02933,1181589,home loan, ,180,active,
LOAN010115,CUST00049,611643,CAR LOAN,10.72,120,Paid,0.25
LOAN010583,CUST01500,"289,299",Education Loan,8.9,84,Paid,0.0
LOAN003000,CUST02173,113306,personal loan,12.83,240,Current,NULL
LOAN001652,CUST05347,3676980,Mortgage,nan,240,ongoing,0.0
LOAN008938,CUST03241,179910,PERSONAL LOAN,21.99,120,Fully Paid,0.2
LOAN002716,CUST01025,621838,Education Loan,10.15,60,CLOSED,0.0
LOAN004593,CUST00552,1314893,Home Loan,9.45,48,paid,0.0
LOAN008202,CUST01901,"51,944",PERSONAL LOAN,12.96,48,ACTIVE,0.0
LOAN007753,CUST05823,151405,Personal,13.85,12,active,0.0
LOAN001966,CUST04827,936392,,10.28,180,paid,0.0
LOAN000897,CUST03839,4690899,HOME LOAN,9.36,nan,active,0.0
LOAN006807,CUST03839,162591,PERSONAL LOAN,12.54,24,Open,0.0
LOAN010127,CUST00843,166992,Student Loan,NULL,180,Ongoing,0.0
LOAN002009,CUST03677,"4,005,573",Home Loan,8.43,600,active,0.0
LOAN000265,CUST05823,4322911,Housing Loan,10.61,180,CLOSED,0.0
LOAN010541,NULL,107906,PERSONAL LOAN,13.71,36,Active,Unknown
LOAN003075,CUST05707,1302302,Housing Loan,10.42,24,default,0.01
LOAN002243,CUST01500,321223,education loan,9.03,36,paid,0.0
LOAN006322,CUST05347,158566,Personal,14.19,12,Ongoing,0.0
LOAN011681,CUST03677,1472972,Auto Loan,10.3,84,Paid Off,0.0
LOAN011972,CUST03677,721809,Auto Loan,8.98,24,CLOSED,
LOAN006243,CUST03280,1190623,Auto Loan,11.88,60,Open,0.0
LOAN007992,CUST02950,1365100,nan,10.57,24,active,0.01
LOAN005629,CUST02082,146103,Personal,13.36,120,Fully Paid,0.09
LOAN010603, ,4693548,,nan,180,ONGOING,0.0
LOAN010236,CUST00552,"499,992",CAR LOAN,9.53,36,Active,NULL
LOAN007171,CUST01779,382169,PERSONAL LOAN,13.95,36,Paid Off,0.46
LOAN001619,CUST04757,2096441,business loan,11.84,24,ongoing,0.99
LOAN004958,CUST04618,1286542,Car Loan,8.66,180,Active,0.64
LOAN005408,CUST05707,"₹1,444,741",BUSINESS LOAN,14.34,36,Current,0.0
LOAN007495,CUST04599,1292029,CAR LOAN,8.66,240,ONGOING,0.0
LOAN010655,CUST03280,189648,Personal,14.48,120,Closed,NULL
LOAN010283,CUST01281,362179,Personal,14.65,24,ONGOING,0.0
LOAN009788,CUST03824,2957794,Housing Loan,8.82,84,ACTIVE,0.0
LOAN011938,CUST02950,268647,PL,13.72,48,ONGOING,0.0
LOAN000960,CUST00843,176082,PERSONAL LOAN,13.15,180,Ongoing,0.0
LOAN000472,CUST01500,496611,car loan,9.41,24,Active,0.0
LOAN008008,CUST01901,962373,Vehicle Loan,8.55,48,Current,0.0
LOAN003507,CUST02499,130138,EDUCATION LOAN,11.24,36,ongoing,#N/A
LOAN008321,CUST05328,519648,Car Loan,11.75,24,Paid Off,0.0
LOAN000967,CUST02950,418493,education loan,9.4,180,ONGOING,0.0
LOAN010994,CUST04827,4851485,Home Loan,NULL,12,ACTIVE,0.05
LOAN007431,CUST00843,3913682,Home Loan,8.34,84,ONGOING,0.01
LOAN011133,CUST00587,248718,PERSONAL LOAN,14.48,60,Ongoing,0.0
LOAN005555,CUST01500,793873,Education Loan,9.48,0,Active,0.01
LOAN010463,CUST04270,193679,Education Loan,10.21,36,ongoing,0.0
LOAN000762,CUST00247,204515,PL,13.28,84,active,0.0
LOAN005005,CUST03019,436756,Car Loan,9.76,48,Paid Off,Unknown
LOAN005121,CUST00495,844196,Vehicle Loan,10.33,240,Fully Paid,0.14
LOAN006487,CUST02173,349004,Auto Loan,9.55,60,paid,0.0
LOAN004205,CUST00015,752439,Biz Loan,20.43,Unknown,paid,-0.5
LOAN009118,CUST02950,1069285,Auto Loan,75,0,Paid,0.0
LOAN002021,CUST03824,233968,EDUCATION LOAN,11.51,24,Active,0.0
LOAN006480,CUST04628,339385,education loan,NULL,12,Active,0.0
LOAN002053,CUST03824,2745323,Home Loan,8.92,36,ongoing,0.01
LOAN010075,CUST00552,386936,PL,13.42,24,Ongoing,0.0
LOAN007884,CUST02933,2554698,Biz Loan,12.4,36,ongoing,2.5
LOAN003306,CUST00015,1493342,Vehicle Loan,18.17,48,Default,0.0
LOAN005336,CUST03571,N/A,Business Loan,13.29,120,paid,0.0
LOAN000152,CUST04563,2877444,HOME LOAN,11.09,240,CHARGED OFF,0.99
LOAN002400,#N/A,536477,business loan,11.67,180,Open,0.0
LOAN009884,CUST05328,1388324,CAR LOAN,10.47,12,Closed,0.01
LOAN002386,CUST03571,222884,PERSONAL LOAN,13.41,84,Ongoing,0.0
LOAN000052,CUST03805,754065,SME Loan,10.48,0,CHARGED OFF,0.99
LOAN006826,CUST03222,402821,education loan,10.36,24,ACTIVE,NULL
LOAN009027,CUST03222,2156991,SME Loan,11.9,240,ONGOING,0.0
LOAN003108,CUST01281,1468319,Vehicle Loan,-5,36,active,0.0
LOAN005488,CUST01500,678932,Student Loan,8.26,24,Current,0.0
LOAN002762,CUST03222,"₹1,998,742",SME Loan,#N/A,12,CLOSED,0.02
LOAN011203,#N/A,253245,Education Loan,9.3,48,ongoing,0.0
LOAN003478,CUST04628,4531661,Home Loan,9.58,48,Ongoing,0.01
LOAN004976,CUST05292,479774,PERSONAL LOAN,11.24,48,paid,0.95
LOAN000109,CUST01025,1416989,Car Loan,11.1,36,active,0.0
LOAN010273,CUST05328,4596898,Mortgage,9.49,120,Open,0.0
LOAN000272,CUST00090,N/A,PL,14.12,60,Paid,0.0
LOAN007154,CUST00619,400572,Personal Loan,12.35,60,CLOSED,0.99
LOAN007030,Unknown,531314,Home Loan,8.54,240,NULL,#N/A
LOAN010394,CUST01901,1484551,Business Loan,10.43,60,Defaulted,0.0
LOAN000619,CUST00247,318514,SME Loan,12.96,120,Open,0.0
LOAN010235,CUST00247,515444,Business Loan,12.96,120,Paid Off,0.0
LOAN005898,CUST01500,606202,Auto Loan,8.65,84,Closed,0.0
LOAN005601,CUST04270,489890,SME Loan,12.55,48,Current,0.0
LOAN008817,CUST02950,326543,personal loan,Unknown,120,Paid,0.0
LOAN001915,CUST02933,329319,Personal,13.87,0,Active,0.0
LOAN001833,CUST03824,506588,Car Loan,NULL,24,CLOSED,0.0
LOAN006639,CUST03562,1216645,CAR LOAN,11.89,48,Current,0.0
LOAN001049,CUST01047,236979,Personal Loan,12.75,36,Ongoing,0.6
LOAN011405,CUST03824,779601,CAR LOAN,11.45,24,CLOSED,0.0
LOAN002817,CUST05436,4644781,Housing Loan,8.92,36,ONGOING,0.02
LOAN004639,CUST01281,4901624,Housing Loan,8.93,0,Paid Off,0.0
LOAN003365,CUST04827,759391,home loan,9.43,24,Active,0.0
LOAN010881,CUST01025,845228,Car Loan,120,120,Current,0.0
LOAN008197,CUST03280,1235717,car loan,10.55,84,CLOSED,0.0
LOAN006949,CUST04084,470618,PERSONAL LOAN,13.6,12,ACTIVE,0.0
LOAN006141,CUST05436,632380,HOME LOAN,7.27,48,active,0.0
LOAN006482,CUST04270,#N/A,Auto Loan,10.87,240,PAID,0.0
LOAN007564,CUST03222,270616,Personal Loan,14.22,120,Open,0.0
LOAN011358,CUST05069,"₹374,716",Personal,11.58,120,Paid,0.0
LOAN000596,CUST01901,131506,Personal,12.71,24,Paid,0.0
LOAN005787,CUST01281,"108,260",Personal,12.91,60,ONGOING,0.0
LOAN006915,CUST00552,386980,PL,12.89,60,Current,0.0
LOAN005972,CUST04599,215584,PL,12.06,36,Open,0.0
LOAN000719,CUST01281,4175133,home loan,9.77,120,#N/A,0.0
LOAN009241,CUST03132,1462695,CAR LOAN,10.48,12,Default,0.99
LOAN003191,CUST03189,88470,personal loan,13.44,48,Current,0.0
LOAN009974,CUST01901,2389783,SME Loan,Unknown,120,Paid Off,0.0
LOAN005813,CUST04827,405087,EDUCATION LOAN,NULL,180,PAID,0.0
LOAN005830,CUST03824,767236,Vehicle Loan,10.86,120,ONGOING,0.0
LOAN011291,CUST00068,"₹2,910,231",SME Loan,20.87,84,CLOSED,0.99
LOAN011995,CUST01025,N/A,PERSONAL LOAN,75,84,PAID,#N/A
LOAN004826,CUST00804,1255871,Mortgage,8.83,36, ,0.99
LOAN005356,CUST03677,332763,Personal Loan,12.09,180,ONGOING,0.0
LOAN006954,CUST03222,107831,personal loan,13.01,36,ONGOING, 
LOAN008013,CUST01550,213381,Personal,13.81,24,default,0.99
LOAN009854,CUST04714,406181,Personal Loan,12.95,120,Open,0.37
LOAN006260,CUST03571,,Personal,13.02,48,PAID,nan
LOAN006466,CUST04270,202791,Personal,14.26, ,Active,0.0
LOAN000688,CUST02643,583471,Vehicle Loan,9.27,60,PAID,0.0
LOAN002035,CUST04599,1020091,Home Loan,7.47,60,Active,
LOAN006941,CUST04827,,personal loan,13.33,240,Current,0.0
LOAN000777,CUST01901,"4,750,089",home loan,8.01,48,Closed,0.01
LOAN005057,CUST01140,1239749,Mortgage, ,48,ACTIVE,0.0
LOAN002220,CUST00843,1072452,Mortgage,7.29,240,PAID,0.0
LOAN000951,CUST01140,4017580,home loan,8.21,48,Fully Paid,0.01
LOAN007808,CUST01901,999999999,business loan,11.73,240,Fully Paid,0.0
LOAN006885,CUST04599,1954079,Housing Loan,7.95,240,Paid,0.0
LOAN003593,CUST01500,"1,277,543",SME Loan,10.26,180,ACTIVE,0.0
LOAN005644,CUST00709,504639,Car Loan,10.47,48,ACTIVE,0.0
LOAN005406,CUST04599,1143083,car loan,8.92,240,Ongoing,0.0
LOAN002442,CUST04084,"₹339,628",Personal Loan,15.06,12,CLOSED,0.0
LOAN002740,CUST04628,"144,934",PERSONAL LOAN,13.72,60,Defaulted,0.0
LOAN001393,CUST03222,866690,Car Loan,11.63,36,PAID,0.0
LOAN003856,CUST00090,1309394,Car Loan,11.45,24,Active,0.01
LOAN002501,CUST02933,3263911,Housing Loan,8.35,120,CLOSED,0.0
LOAN001961,CUST02643,183408,PL,12.56,24,Active,0.0
LOAN002188,CUST03571,278172,personal loan,NULL,180,ONGOING,0.0
LOAN011910,CUST03677,1632769,Housing Loan,8.01,48,Closed,0.0
LOAN000865,#N/A,1956535,HOME LOAN,9.79,84,Paid,0.0
LOAN007528,CUST01281,"₹336,149",personal loan,13.43,12,active,0.0
LOAN010279,CUST03280,483778,Personal,14.16,180,Fully Paid,0.0
LOAN003026,CUST00587,3008556,Housing Loan,9.69,120,Active,0.0
LOAN001596,CUST00587,93552,PL,14.37,48,Current,0.0
LOAN004066,CUST04270,435003,Personal Loan,14.53,180,ongoing,0.0
LOAN000105,CUST01028,258201,Personal Loan,11.7,24,Fully Paid,0.99
LOAN008163,CUST01281,481821,Personal,13.89,84,active,0.0
LOAN000396,CUST04270,252693,Personal Loan,14.19,180,ONGOING,0.0
LOAN000803,CUST00120,530537,Car Loan,11.48,84,Paid,0.99
LOAN002326,CUST03189,57493,Personal,12.67,120,Current,nan
LOAN006285,CUST03677,1657524,Biz Loan,10.61,120,Ongoing,0.0
LOAN001336,CUST01292,791027, ,10.44,60,DEFAULT,0.99
LOAN003474,CUST05328,1696079,home loan,9.48,84,ongoing,0.0
LOAN008059,#N/A,1553230,HOME LOAN,8.93,180,PAID,0.0
LOAN003514,CUST00090,408080,EDUCATION LOAN,10.22,12,ONGOING,0.0
LOAN011795,CUST02173,2895492,Housing Loan,9.47,36,Ongoing,0.01
LOAN001634,CUST04827,2137803,SME Loan,12.54,180,Fully Paid,0.0
LOAN001562,CUST05823,126608,PERSONAL LOAN,15.06,24,Current,0.0
LOAN010538,CUST01500,1435614,home loan,7.75,84,Ongoing,0.0
LOAN000616,CUST05823,365318,PERSONAL LOAN,14.42,12,paid,0.0
LOAN009259,CUST03280,1296144,SME Loan,13.57,240,ongoing,0.0
LOAN008618,CUST01500,581730,Auto Loan,9.05,180,paid,2.5
LOAN000580,CUST02933,321529,EDUCATION LOAN,10.54,24,Open,0.0
LOAN011597,CUST02933,3742774,Mortgage,,120,paid,0.0
LOAN004763,CUST03571,487457,Student Loan,9.95,60,ongoing,0.0
LOAN002381,CUST05410,198747,Education Loan,9.03,240,default,0.35
LOAN005556,CUST05707,1518044,business loan,13.13,180,ACTIVE,0.0
LOAN010514,CUST00478,1152667,home loan,Unknown,120,Fully Paid,0.77
LOAN001160,CUST03664,1915351,Business Loan,12.15,nan,default,0.99
LOAN004215,CUST04827,729400,Home Loan,8.56,24,ACTIVE,0.0
LOAN006815,CUST05735,1260002,Auto Loan,10.1,24,Paid Off,0.01
LOAN000250,CUST03571,547829,Housing Loan,8.68,48,Current,0.0
LOAN007037,CUST04084,1307407,Vehicle Loan,11.54,84,Paid,0.0
LOAN001161,CUST01500,145539,PERSONAL LOAN,11.95,180,ongoing,0.0
LOAN005817,CUST00247,4167726,HOME LOAN,9.19,240,Paid Off,0.0
LOAN009376,CUST00421,"₹681,280",SME Loan,11.34,60,Paid,0.69
LOAN011001,CUST01500,"241,373",car loan,0,240,Current,0.0
LOAN007681,CUST03222,4844792,home loan,9.63,12,NULL,0.05
LOAN001500,CUST04270,3636468,HOME LOAN,9.29,36,Open,0.01
LOAN003572,CUST03839,N/A,CAR LOAN,0,36,active,0.0
LOAN001417,CUST00709,346483,CAR LOAN,10.79,60,ongoing,0.0
LOAN008342,CUST00552,363509,education loan,9.9,36,ONGOING,0.0
LOAN006326,CUST02933,478796,Student Loan,9.61,60,Ongoing,0.0
LOAN005981,CUST01277,"₹2,354,477",business loan,12.44,600,default,0.99
LOAN007776,CUST02465,1481384,Business Loan,13.27,36,Paid,0.99
LOAN003088,CUST03280,"₹498,902",PL,13.4,180,ongoing,0.0
LOAN004714,CUST03239,557588,EDUCATION LOAN,10.69,180,Charged Off,0.47
LOAN005349,CUST05328,"₹328,477",Personal,13.81,48,ACTIVE,0.0
LOAN009255,CUST03824,909773,Car Loan,11.04,24,ongoing,0.0
LOAN009798,CUST00090,2763025,Biz Loan,11.8,600,paid,0.01
LOAN011546,CUST05707,246461,Personal,14.04,48,Current,0.0
LOAN006830,CUST03280,1982582,BUSINESS LOAN,12.24,48,Closed,0.0
LOAN005298,CUST01767,316672,Business Loan,11.96,12,Paid Off,0.99
LOAN001245,CUST03677,3717794,HOME LOAN,7.12,36,ONGOING,0.01
LOAN000520,CUST05347,1006713,car loan,11.24,48,Paid Off,0.0
LOAN002613,CUST03280,133844,PERSONAL LOAN,14.36,84,ongoing,0.0
LOAN001740,CUST05735,494234,Personal Loan,12.04,24,paid,0.0
LOAN004873,CUST03571,1388675,Auto Loan,10.55,84,Paid Off,0.0
LOAN004559,CUST03677,2089079,Home Loan,7.51,180,PAID,0.0
LOAN004057,CUST00843,2164571,HOME LOAN,8.75,240,PAID,0.0
LOAN006875,CUST01281,165165,personal loan,14.44,36,Closed,0.0
LOAN004059,CUST01281,1968602,Biz Loan,12.12,84,Ongoing,0.0
LOAN003938,Unknown,90365,PERSONAL LOAN,11.87,180,Defaulted,0.0
LOAN006032,CUST00852,143415,personal loan,13.26,12,ongoing,0.99
LOAN010699,CUST01901,449250,Personal Loan,13.23,36,ongoing, 
LOAN006086,CUST01901,nan,EDUCATION LOAN,9.46,180,Current,0.0
LOAN008638,CUST00552,1266339,car loan,9.89,36,Fully Paid,0.0
LOAN000876,NULL,609597,Car Loan,11.04,48,ongoing,0.0
LOAN000161,CUST04599,480438,Edu Loan,9.15,-12,active,0.0
LOAN010691,CUST00552,1496946,Vehicle Loan,10.28,24,CLOSED,0.01
LOAN000343,CUST05328,"₹2,047,538",BUSINESS LOAN,11.98,60,active,0.0
LOAN010996,CUST03222,"797,135",EDUCATION LOAN,9.75,120,Open,0.0
LOAN005228,CUST02950,"₹1,393,049",Business Loan,12.24,240,ACTIVE,0.0
LOAN009696,CUST03280,115476,personal loan,14.73,120,PAID,0.0
LOAN003605,CUST01811,0,Personal,13.41,60,paid,0.62
LOAN000567,CUST05436,1508621,home loan,7.65,240,Current,0.0
LOAN004914,CUST05436,575383,CAR LOAN,10.2,84,Current,0.0
LOAN007302,CUST03280,"₹3,035,804",HOME LOAN,9.54,120,ongoing,0.0
LOAN009954,CUST04084,455638,personal loan,14.44,120,paid,0.0
LOAN002735,CUST01901,4588393,NULL,8.68,36,Current,0.02
LOAN009813,CUST03189,320142,PERSONAL LOAN,12.29,36,Current,0.0
LOAN005721,CUST03839,357889,PL,13.36,240,ACTIVE,0.0
LOAN006426,CUST05328, ,Mortgage,8.72,60,Bad Debt,0.01
LOAN010000,CUST00090,2591167,Housing Loan,8.99,48,Ongoing,0.01
LOAN006617,CUST03839,135728,personal loan,12.32,60,active,0.0
LOAN002783,CUST00587,-1000,home loan,8.74,60,Open,#N/A
LOAN002648,CUST05735,637422,car loan, ,12,Closed,0.01
LOAN009329,CUST00552,"4,539,655",home loan,7.98,240,ONGOING,0.0
LOAN002970,CUST03280,109146,Personal,N/A,240,Paid Off,0.0
LOAN000941,CUST05436,433992,Auto Loan,8.89,24,Current,0.0
LOAN003064,CUST00015,4034547,home loan,17.48,60,Paid Off,0.01
LOAN007906,CUST03824,"₹2,332,700",Mortgage,10.06,36,Open,2.5
LOAN008338,CUST03189,3316051,Home Loan,8.51,24,Fully Paid,#N/A
LOAN010202,CUST04270,3261442,Home Loan, ,120,active,0.0
LOAN004221,CUST05436,#N/A,PL,13.08,120,ONGOING,0.0
LOAN007140,CUST05268,132087,PERSONAL LOAN,14.54,60,ONGOING,0.29
LOAN010974,CUST00090,"₹217,613",PL,13.19,120,Ongoing,0.0
LOAN009083,CUST02950,260413,Auto Loan,9.09,240,Ongoing,0.0
LOAN008279,CUST01025,3927479,Housing Loan,8.79,36,Closed,N/A
LOAN005315,CUST00552,2088051,home loan,7.87,180,Active,
LOAN007725,CUST03677,293895,PL,13.49,84,Active,0.0
LOAN011981,CUST02950,1343776,Biz Loan,Unknown,48,active,0.0
LOAN010059,CUST05735,411803,Student Loan,8.56,48,Open,0.0
LOAN005545,CUST04994,103838,Personal,12.76,84,Closed,0.08
LOAN006214,CUST00587,237234,personal loan,14.46,180,NULL,0.0
LOAN005985,CUST05943,117270,PERSONAL LOAN,13.84,NULL,ongoing,0.16
LOAN008699,CUST03562,,education loan,10.19,#N/A,ongoing,0.0
LOAN006768,CUST00116,611268,Student Loan,8.32,36,paid,0.99
LOAN005854,CUST03562,286000,CAR LOAN,10.79,60,active,0.0
LOAN000812,CUST03824,123051,PERSONAL LOAN,14.73,24,Open,99
LOAN004716,CUST05328,#N/A,EDUCATION LOAN,9.64,60,PAID,0.0
LOAN011881,CUST05069,600626,Student Loan,8.89,48,paid,0.0
LOAN002360,CUST05707,"602,598",car loan,11.03,12,ACTIVE,0.01
LOAN010629,CUST03839,82666,PL,12.67,84,ACTIVE,0.0
LOAN009985,CUST05823,1240174,car loan,11.24,240,ACTIVE,0.0
LOAN000182,CUST05069,1945484,SME Loan,11.44,180,Active,0.0
LOAN003174,CUST02933,"1,452,574",car loan,10.12,12,active,0.01
LOAN000107,CUST05823,271372,PL,15.0,N/A,active,0.0
LOAN011218,CUST05868,1161646,Business Loan,12.76,12,DEFAULT,0.99
LOAN005751,CUST02643,801964,car loan,11.12,180,Ongoing,0.0
LOAN002148,CUST00552,720711,Vehicle Loan,11.26,84,Active,0.0
LOAN002912,CUST01025,684456,EDUCATION LOAN,0,180,Current,0.0
LOAN011942,CUST05347,68094,PL,14.62,60,Fully Paid,0.0
LOAN003810,CUST01284,1185832,Auto Loan,12.6,24,Defaulted,
LOAN001001,CUST04628,1940732,HOME LOAN,8.12,36,Closed,0.01
LOAN007141,CUST05735,194857,personal loan,13.15,,Closed,0.0
LOAN001763,CUST02173,244189,personal loan,12.77,24,Current,0.0
LOAN007820,CUST03571,67593,personal loan,14.31,24,paid,0.0
LOAN010578,CUST03222,2508487,home loan,9.19, ,paid,0.0
LOAN011077,CUST02326,1714573,SME Loan,12.41,84,paid,0.99
LOAN000476,CUST02643,"465,408",Personal,12.64,24,paid,0.0
LOAN010505,CUST02950,595144,HOME LOAN,9.14,180,Open,0.0
LOAN010793,CUST02173,472528,PERSONAL LOAN,13.27,60,default,0.0
LOAN010276,CUST04599,954478,SME Loan,11.77,180,paid,0.0
LOAN011590,CUST01140,313156,car loan,10.07,12,ACTIVE,0.0
LOAN005819,CUST01025,261452,personal loan,13.31,24,ACTIVE,0.0
LOAN011686,CUST05823,752112,Vehicle Loan,10.54,12,ongoing,0.01
LOAN004983,CUST00090,329744,PL,12.84,12,Active,0.0
LOAN011722,CUST02643,693022,education loan,10.59,84,CLOSED,0.0
LOAN001382,CUST00552,1360900,car loan,10.61,NULL,ACTIVE,NULL
LOAN005481,CUST03824,359547,Personal Loan,14.24,84,PAID,0.0
LOAN007217,CUST04827,75566,Personal,13.26,24,Current,0.0
LOAN006724,CUST01307,1073490,Biz Loan,13.06,48,Paid Off,0.99
LOAN002725,CUST05735,2383767,nan,7.78,180,ongoing,0.0
LOAN000391,CUST02950,1246361,BUSINESS LOAN,12.5,12,Paid Off,0.01
LOAN008425,CUST03780,936577,Home Loan,8.63,240,Charged Off,0.32
LOAN008320,CUST03839,"466,622",PL,13.56,24,ACTIVE,0.0
LOAN002462,CUST00247,1106009,car loan,10.99,12,Ongoing,0.01
LOAN009208,CUST00552,2620138,Housing Loan,9.4,84,Paid Off,0.0
LOAN011245,CUST01140,462137,PERSONAL LOAN,12.18,nan,Active,0.0
LOAN007978,CUST05735,121541,personal loan,13.09,240,PAID,0.0
LOAN001786,CUST03280,4612374,HOME LOAN,10.36,180,active,0.0
LOAN010451,CUST03677,4512361,HOME LOAN,N/A,12,PAID,0.05
LOAN007263,CUST02950,150206,personal loan,12.82,12,paid,0.0
LOAN003425,CUST02643,289077,personal loan,12.47,36,Closed,0.0
LOAN000748,CUST01281,388672,N/A,9.89,12,Current,0.0
LOAN003878,,1289321,car loan,11.17,180,paid,0.0
LOAN001710,CUST04628,3427121,Home Loan,9.23,48,ACTIVE,0.01
LOAN005966,CUST02643,127652,Personal,12.33,36,Current,0.0
LOAN000945,CUST03562,1787972,Biz Loan,14.4,48,Fully Paid,0.0
LOAN007395,CUST02643,422371,personal loan,12.9,60,Current,0.0
LOAN008868,CUST01133,104871,personal loan,13.23,12,Defaulted,nan
LOAN000841,CUST05328,1199096,car loan,10.24,24,paid,0.01
LOAN001097,CUST02933,104018,education loan,9.46,60,nan,0.0
LOAN000104,CUST03562,870264,BUSINESS LOAN,13.5,12,Charged Off,0.01
LOAN004948,CUST01500,719284,business loan,10.65,84,Paid Off,0.0
LOAN004110,CUST03222,1393905,CAR LOAN,9.76,60,PAID,0.0
LOAN009173,CUST05436,#N/A,education loan,9.73,12,Active,#N/A
LOAN000488,CUST03160,2636774,Business Loan,11.7,120,Default,0.99
LOAN008559,CUST00552,1335605,Car Loan,10.68,48,Open,N/A
LOAN005818,CUST04628,1979239,SME Loan,12.75,240,Current,0.0
LOAN003232,CUST00587,Unknown,Student Loan,9.45,12,Paid Off,0.0
LOAN011748,CUST02950,2073753,Business Loan,11.64,12,Active,NULL
LOAN009686,CUST04998,1205683,Auto Loan,9.49,60,Open,0.99
LOAN010831,CUST03189,1286370,Business Loan,10.79,120,active,0.0
LOAN011647,CUST05328,575417,Vehicle Loan,10.09,60,CLOSED,0.0
LOAN002681,CUST05069,4298447,HOME LOAN,nan,240,Paid Off,0.0
LOAN000832,CUST02643,4416522,Mortgage,8.76,84,Open,0.01
LOAN007987,CUST01140,1253564,Car Loan,9.93,180,Paid Off,0.0
LOAN000275,CUST04827,931581,CAR LOAN,9.58,12,CLOSED,0.01
LOAN009424,CUST05823,4411785,Mortgage,9.61,24,PAID,0.02
LOAN005571,CUST03839,267168,N/A,11.71,48,Fully Paid,2.5
LOAN004495,nan,1456254,Home Loan,NULL,48,Defaulted,0.99
LOAN006565,CUST00587,2181984,Home Loan,9.49,24,paid,0.01
LOAN011816,CUST02173,313632,Personal,12.85,120,paid, 
LOAN007423,CUST02643,1015023,car loan,10.7,180,ongoing,nan
LOAN005697,CUST04270,#N/A,Personal Loan,12.85,0,Paid,0.0
LOAN000686,CUST00587,274600,Personal,14.15,180,Active,0.0
LOAN005511,CUST05265,4475311,Home Loan,10.3,84,Default,0.99
LOAN000597,CUST00247,3566692,Housing Loan,8.78,12,Fully Paid,0.04
LOAN001923,CUST01140,683672,#N/A,9.2,N/A,Paid Off,0.0
LOAN007310,CUST03562,887473,Car Loan, ,180,Fully Paid,0.0
LOAN010158,CUST00709,278653,PERSONAL LOAN,12.49,240,ACTIVE,0.0
LOAN006601,CUST00587,1875052,Mortgage,9.27,36,Current,0.01
LOAN004090,CUST04084,1707891,Business Loan,13.66,12,Current,0.02
LOAN007144,CUST00709,1308729,Auto Loan,10.87,48,Fully Paid,0.0
LOAN001724,CUST00015,85972,personal loan,21.84,48,Paid,0.0
LOAN006169,CUST05347,266985,personal loan,14.17,84,Closed,0.0
LOAN002751,CUST03233,495527,PERSONAL LOAN,12.79,36,ONGOING,0.99
LOAN010212,CUST04516,52708,Personal,-5,120,Current,0.05
LOAN005965,CUST00552,4490618,Housing Loan,120,240,Open,0.0
LOAN000304,CUST04827,2776216,Housing Loan,8.92,180,Open,0.0
LOAN011767,CUST03824,659556,Auto Loan,10.82,240,ongoing,0.0
LOAN011877,CUST00090,421677,Personal Loan,NULL,84,Ongoing,-0.5
LOAN005193,CUST05707,397988,Auto Loan,12.21,24,paid,0.0
LOAN010891,CUST03222,1547156,Biz Loan,13.25,60,Open,0.0
LOAN000845,CUST04084,399838,Edu Loan,10.84,84,Current,0.0
LOAN008713,Unknown,1397285,business loan,19.86,180,Default,0.0
LOAN011939,CUST05069,858745,Vehicle Loan,Unknown,84,Closed,0.0
LOAN009351,CUST00552,2087913,business loan,12.19,180,Current,0.0
LOAN011303,CUST00090,1094273,Auto Loan,11.14,12,Current,0.01
LOAN011036,CUST01500,0,home loan,7.55,36,Charged Off,0.01
LOAN001772,CUST04255,674954,Mortgage,9.03,,Fully Paid,0.45
LOAN009688,CUST01901,1296643,CAR LOAN,9.55,12,ONGOING,0.01
LOAN000842,CUST00552,"928,418",BUSINESS LOAN,11.58,60,Open,0.0
LOAN011122,CUST00843,148742,Edu Loan,9.69,-12,ongoing,0.0
LOAN009531,CUST02244,702759,SME Loan,12.02,84,Default,0.99
LOAN008314,CUST03889,,Personal Loan,#N/A,36,Paid,0.99
LOAN006234,CUST00090,4081265,Home Loan,9.3,240,Closed,0.0
LOAN005687,CUST00552,#N/A,Vehicle Loan,9.35,240,CLOSED, 
LOAN004934,CUST00843,847506,CAR LOAN,9.02,48,Paid,0.0
LOAN007775,CUST05436,N/A,Personal,13.45,180,Active,0.0
LOAN009901,CUST03839,315241,PERSONAL LOAN,13.21,60,Fully Paid,
LOAN005449,CUST03222,999999999,Business Loan,13.53,24,ACTIVE,0.01
LOAN003224,CUST00552,2022486,Home Loan,9.49,120,Current,0.0
LOAN001573,CUST03839,455359,PERSONAL LOAN,12.79,12,active,0.0
LOAN010828,CUST03571,1179462,home loan,8.32,60,ACTIVE,0.0
LOAN005362,CUST01500,382973,Personal,11.81,60,Current,0.0
LOAN008807,CUST00587,453985,personal loan,13.01,120,ONGOING,0.0
LOAN003380,CUST05584,,HOME LOAN,9.8,36,Active,0.99
LOAN003585,CUST00709,384770,Biz Loan,11.92,12,Ongoing,0.0
LOAN010144,CUST00552,969499,business loan,12.27,12,Closed,0.01
LOAN006436,CUST00247,162738,PL,14.33,12,Fully Paid,0.0
LOAN006743,CUST02173,3856899,Mortgage,8.36,12,ONGOING,0.04
LOAN011561,CUST03839,242572,personal loan,13.72,60,Paid Off,0.0
LOAN006478,CUST02933,1236772,CAR LOAN,10.02,12,Active,0.01
LOAN009357,CUST05317,54832,personal loan,14.76,60,Active,0.18
LOAN001680,CUST01025,2984926,HOME LOAN,8.02,60,ACTIVE,0.01
LOAN010333,CUST04084,1404196,Car Loan,11.12,24,active,0.01
LOAN009392,CUST00015,3703411,Housing Loan,16.33,24,Default,-0.5
LOAN009033,CUST00843,282275,PL,12.82,36,Fully Paid,0.0
LOAN005570,CUST04270,212272,EDUCATION LOAN,11.09,36,Closed,0.0
LOAN011859,CUST02239,1194456,car loan,11.06,240,CHARGED OFF,0.58
LOAN009207,CUST04657,3074480,Mortgage,8.39,12,Paid Off,0.99
LOAN002578,CUST01025,120954,Education Loan,10.24,120,ACTIVE,0.0
LOAN009231,CUST04084,287153,,14.2,24,Active,0.0
LOAN008571,CUST04084,1418930,Mortgage,9.9,180,Open,0.0
LOAN004581,CUST00709,292727,PL,14.13,36,ONGOING,0.0
LOAN009534,CUST01901,4303383,Mortgage,7.13,12,Paid,0.04
LOAN005507,CUST01864,1364716, ,10.87,24,Fully Paid,0.99
LOAN007638,CUST00552,102502,EDUCATION LOAN,9.27,-12,active,0.0
LOAN004341,CUST04628,2729546,HOME LOAN,8.24,48,ONGOING,0.01
LOAN010503,CUST00709,1694491,BUSINESS LOAN,12.59,120,Ongoing,0.0
LOAN005532,CUST00552,1823763,SME Loan,12.52,240,Current,0.0
LOAN003926,CUST05328,193681,personal loan,13.52,240,Paid Off,#N/A
LOAN006713,CUST05069,121964,Personal,12.34,60,paid,0.0
LOAN011189,CUST04084,nan,PL,13.64,84,PAID,0.0
LOAN006023,CUST04270,2488271,Business Loan,12.45,24,ONGOING,0.01
LOAN006912,CUST00090,"1,416,920",SME Loan,11.79,180,Open,0.0
LOAN003485,CUST01500,1419556,Vehicle Loan,9.51,84,Current,0.0
LOAN000048,CUST04270,436233,PL,13.58,,paid,0.0
LOAN003199,CUST01500,2594301,business loan,11.12,36,Paid,0.01
LOAN003556,CUST03571,774217,HOME LOAN,9.18,120,ACTIVE,0.0
LOAN005239,CUST00015,1351342,Car Loan,18.48,240,PAID,0.0
LOAN003834,CUST00709,293725,Personal Loan,0,12,Open,0.0
LOAN009143,CUST01901,83493,PERSONAL LOAN,11.6,84,active,0.0
LOAN011339,CUST00247,275575,Car Loan,11.13,240,PAID,0.0
LOAN002199,CUST00709,537842,car loan,10.23,N/A,Fully Paid,99
LOAN010917,CUST02933,277152,Vehicle Loan,9.88,36,Active,99
LOAN006042,CUST05735,3641840,Housing Loan,7.92,240,Closed,0.0
LOAN008050,CUST01901,1449455,BUSINESS LOAN,10.65,84,PAID,0.0
LOAN007650,CUST04084,4853202,Mortgage,10.03,120,Active, 
LOAN003907,CUST01354,2069096,Mortgage,9.85,48,,0.99
LOAN009202,CUST02643,1015467,Auto Loan,10.36,48,Active,
LOAN000323,CUST01281,567765,education loan,10.31,240,Closed,0.0
LOAN002281,CUST00567,139505,Student Loan,9.61,12,ONGOING,0.49
LOAN003610,CUST05707,401438,PERSONAL LOAN,NULL,24,PAID,0.0
LOAN009806,CUST05735,0,Mortgage,8.57,84,Ongoing,0.0
LOAN000198,CUST02173,2003921,SME Loan,11.84,120,active,0.0
LOAN009923,CUST02933,268669,personal loan,14.06,36,active,0.0
LOAN007134,CUST03222,1724131,home loan,8.25,120,ACTIVE,0.0
LOAN006139,CUST03839,"421,250",PL,13.39,60,ACTIVE,0.0
LOAN008486,CUST04084,490686,PL,14.94,48, ,0.0
LOAN004306,CUST03824,997182,business loan,12.81,180,PAID,0.0
LOAN005338,CUST00508,389451,PL,14.6,36,Closed,0.99
LOAN004346,CUST02173,2597540,Business Loan,12.42,48,Charged Off,0.01
LOAN005714,CUST03189,1405580,Auto Loan,9.93,12,paid,0.01
LOAN009661,CUST04084,114698,personal loan,14.87,24,ACTIVE,0.0
LOAN010160,CUST02173,157378,Personal,14.02,60,CLOSED,0.0
LOAN007450,CUST01500,N/A,Mortgage,6.79, ,PAID,0.01
LOAN006958,CUST05823,53715,PERSONAL LOAN,15.05,180,paid,0.0
LOAN009375,CUST00843,nan,Mortgage,7.89,36,Active,0.0
LOAN008551,CUST00552,1415413,,13.21,36,Paid Off,0.0
LOAN009525,CUST01832,2851115,HOME LOAN,9.12,12,Defaulted,0.99
LOAN001218,CUST01901,1315088,Mortgage,7.95,120,Ongoing,0.0
LOAN003809,CUST01281,495062,PL,14.54,120,Closed,0.0
LOAN005399,CUST03222,2591609,BUSINESS LOAN,11.84,12,Paid,0.03
LOAN010459,CUST02933,4057087,Home Loan,8.95,24,Current,0.02
LOAN003008,CUST05735,366988,car loan,9.06,48,paid,0.0
LOAN001759,CUST01901,440332,Car Loan,9.19,180,PAID,0.0
LOAN011449,CUST01901,88169,Personal Loan,11.83,36,Fully Paid,0.0
LOAN000972,CUST05911,2653458,HOME LOAN,9.83,,Default,0.99
LOAN005630,CUST01140,1312480,SME Loan,11.17,240,Current,0.0
LOAN009922,CUST03571,206462,personal loan,14.52,60,Active,0.0
LOAN010452,CUST01901,144013,Personal,11.98,120,ongoing,0.0
LOAN006274,CUST01901,1549126,Unknown,8.04,120,Closed,0.0
LOAN006579,CUST02950,2819358,Biz Loan,11.44,48,Paid,0.01
LOAN002352,CUST01901,404593,PERSONAL LOAN,13.22,36,active,0.0
LOAN008270,CUST02643,1868811,SME Loan,11.47,120,Paid Off,0.0
LOAN007563,CUST04599,465022,PERSONAL LOAN,12.42,,ACTIVE,0.0
LOAN006196,CUST05328,748013,Housing Loan,9.03,48,Ongoing,0.0
LOAN008016,CUST01500,#N/A,Vehicle Loan,9.46,60,active,0.0
LOAN003331,CUST01281,2685958,business loan,13.52,240,Open,0.0
LOAN000482,CUST05347,271240,PL,13.47,12,ACTIVE,N/A
LOAN001044,nan,498523,SME Loan,10.93,240,ONGOING,0.0
LOAN005098,CUST02933,466396,PL,12.6,48,Open,nan
LOAN005635,CUST02173,NULL,Home Loan,8.27,24,ONGOING,0.01
LOAN001281,CUST01802,2030492,home loan,6.68,84,DEFAULT,0.99
LOAN000605,CUST03839,940527,Business Loan,N/A,12,Paid Off,0.01
LOAN007685,CUST00843,"595,135",car loan,10.37,84,Fully Paid,0.0
LOAN008836,CUST05735,2751347,Biz Loan,12.21,12,ACTIVE,0.03
LOAN010393,CUST03677,2842745,Mortgage,8.72,180,PAID,0.0
LOAN010564,CUST02173,207968,PERSONAL LOAN,13.35,,Open,0.0
LOAN002356,CUST03189,303817,Personal,13.23,120,ACTIVE,0.0
LOAN006206,CUST05436,232630,Personal,11.87,84,Open,NULL
LOAN006962,CUST04084,3883635,Housing Loan,9.61,36,ONGOING,0.01
LOAN007901,CUST05707,1351193,SME Loan,12.96,240,CLOSED,0.0
LOAN006269,CUST00090,226813,Personal,14.19,120,active,0.0
LOAN002347,CUST04270,409475,PERSONAL LOAN,14.41,180,ongoing,0.0
LOAN009731,CUST05328,1404776,Vehicle Loan,11.22,24,paid,0.01
LOAN005066,CUST00587,4952540,Mortgage,8.32,84,Paid, 
LOAN009513,CUST02569,376718,Personal Loan,N/A,24,default,0.99
LOAN008257,CUST05069,1058647,HOME LOAN,7.22,120,Active,0.0
LOAN005756,CUST01429,547040,education loan,9.21,36,paid,0.99
LOAN002576,CUST01901,4095478,HOME LOAN,7.13,48,Active,0.01
LOAN003601,CUST05436,1269485,Business Loan,10.96,NULL,ONGOING,0.0
LOAN010434,CUST05347,368192,Personal Loan,nan,24,active,0.0
LOAN006388,CUST00552,4746498,home loan,7.97,180,ongoing,0.0
LOAN007645,CUST03222,252877,Personal,13.91,12,Current,0.0
LOAN005422,CUST01500,1300760,Business Loan,11.84,84,active,0.0
LOAN005429,CUST00587,"301,352",PL,14.72,180,active,0.0
LOAN010611,CUST04084,478713,PL,14.36,12,paid,0.0
LOAN005416,CUST03677,341559,personal loan,12.82,120,Fully Paid,0.0
LOAN010072,CUST03562,3559794,home loan,10.32,180,Paid Off,0.0
LOAN007515,CUST04084,3882890,home loan,10.19,24,paid,0.02
LOAN007705,CUST05328,253627,business loan,13.36,12,Paid Off,0.0
LOAN008867,CUST03280,3017184,Housing Loan,9.46,36,Open,0.01
LOAN001846,CUST03839,794717,Mortgage,8.43,84,Current,0.0
LOAN004995,CUST00843,2669573,business loan,12.5,48,Active,0.01
LOAN001339,CUST03029,376434,Personal Loan,12.07,24,Paid,0.79
LOAN006283,CUST04628,"4,699,129",#N/A,9.96,48,ONGOING,0.01
LOAN007472,CUST01281,1680451,Mortgage,9.5,36,Defaulted,0.01
LOAN006652,CUST02906,664961,Biz Loan,12.14,84,Paid,0.99
LOAN007401,CUST03839,191496,Personal,12.65,60,Current,0.0
LOAN011708,CUST01140,263966,Personal,12.47,24,ACTIVE,0.0
LOAN009694,CUST02643,2493623,SME Loan,12.2,84,paid,0.0
LOAN008334,CUST00090,#N/A,PL,14.23,240,Current,0.0
LOAN000543,CUST05069,"₹826,780",Biz Loan,10.93,12,Unknown,0.01
LOAN004130,CUST03280,3077952,Home Loan,10.34,84,Ongoing,nan
LOAN010223,CUST03677,2388509,Housing Loan,8.11,84,CLOSED,0.0
LOAN011060,CUST01500,1307417,car loan,9.82,60,ongoing,0.0
LOAN010660,CUST05317,656601,Edu Loan,10.87,36,CHARGED OFF,0.99
LOAN002641,CUST03824,2919746,BUSINESS LOAN,12.3,48,Ongoing,0.01
LOAN005049,CUST01500,429536,Personal,11.94,12,Active,0.0
LOAN006013,CUST03824,1122129,Business Loan,13.54,36,CHARGED OFF,0.0
LOAN008322,CUST01025,409968,personal loan,14.2, ,Open,0.0
LOAN011014,CUST05487,"₹403,953",PL,12.06,60,active,0.32
LOAN005613,CUST03189,2070360,home loan,8.9,24,Ongoing,0.01
LOAN002879,CUST00843,"301,232",,12.8,48,Current,0.0
LOAN009569,CUST00552,420609,Edu Loan,10.13,12,Current,0.0
LOAN005016,CUST03571,669757,Education Loan,nan,36,Active, 
LOAN004927,CUST01500,1179282,car loan,8.41,120,CLOSED,0.0
LOAN011983,CUST01500,"₹169,252",personal loan,12.92,36,Fully Paid,0.0
LOAN002146,CUST05069,977557,Car Loan,9.2,60,CLOSED,0.0
LOAN004331,CUST04270,309841,Car Loan,10.76,12,#N/A,0.0
LOAN009987,CUST02950,2680056,Home Loan,8.93,240,ongoing,0.0
LOAN011572,CUST05069,1859459,BUSINESS LOAN,11.5,240,Paid,0.0
LOAN006905,CUST00587,687566,Business Loan,13.08,180,CLOSED,0.0
LOAN007637,CUST01025,NULL,Personal,13.64,,Ongoing,0.0
LOAN009562,CUST01025,-1000,Home Loan,9.07,240,ongoing,0.0
LOAN002499,CUST02643,745384,education loan,9.09,12,Fully Paid,0.01
LOAN003329,CUST03280,462389,Personal,14.29,60,active,0.0
LOAN004261,CUST05735, ,home loan,8.29,24,ONGOING,0.02
LOAN000716,CUST01500,3214543,HOME LOAN,8.38,36,ongoing,0.01
LOAN011685,CUST05069,389452,personal loan,11.97,#N/A,Charged Off,0.0
LOAN010940,CUST02950,4817470,Home Loan,7.66,24,CLOSED,0.02
LOAN003099,CUST01025,1852844,Mortgage,8.78,12,Paid,0.02
LOAN009109,CUST05347,,Vehicle Loan,10.91,84,ACTIVE,0.0
LOAN003623,CUST01140,1824481,Home Loan,7.43,180,Current,0.0
LOAN005045,CUST03824,4743340,Home Loan,9.12,36,Paid Off,0.02
LOAN004180,CUST04804,1944736,HOME LOAN,9.79,60,DEFAULT,0.99
LOAN003822,CUST05823,441071,PERSONAL LOAN,14.57,12,active,0.0
LOAN011363,CUST05264,nan,car loan,11.4,48,DEFAULT,nan
LOAN011201,CUST03189,1911180,N/A,7.7,36,Current,0.01
LOAN011696,CUST03222,2513162,Housing Loan,10.05,24,Ongoing,0.01
LOAN007970,CUST04084,2538384,business loan,14.25,12,paid,0.03
LOAN000673,CUST00247,3403465,Home Loan,8.71,12,PAID,0.03
LOAN009642,CUST00709,425911,education loan,9.26,120,Active,0.0
LOAN007103,CUST02173,424893,PERSONAL LOAN,12.75,240,CLOSED,0.0
LOAN005110,CUST01025,298447,EDUCATION LOAN,9.22,12,Current,0.0
LOAN010951,CUST05735,2766579,Housing Loan,9.22,180,Fully Paid,0.0
LOAN008428,CUST00291,4850629,Housing Loan,8.59,24,Paid,0.99
LOAN011973,CUST03944,"2,247,984",Mortgage,7.9,60,Paid Off,0.99
LOAN002956,CUST00065,nan,Housing Loan,10.79,60,Fully Paid, 
LOAN002136,CUST00499, ,SME Loan,12.47,60,Paid,0.99
LOAN008278,CUST02643,224988,Car Loan,10.36,240,active,0.0
LOAN011149,CUST03757,313141,Car Loan,9.42,48,Active,0.74
LOAN000145,CUST05328,4485065,Home Loan,8.7,36,Active,0.01
LOAN010632,CUST00709,224662,Personal Loan,13.56,180,CLOSED,99
LOAN008522,CUST05823,"₹392,110",Education Loan,11.85,12,Fully Paid,0.0
LOAN011623,CUST00552,3370750,Housing Loan,8.18,120,paid,0.0
LOAN009455,CUST00587,1324642,Vehicle Loan,10.73,240,paid,0.0
LOAN001175,CUST04628,624423,Student Loan,10.56,120,PAID,0.0
LOAN004725,CUST00090,0,EDUCATION LOAN,11.07,48,ongoing,0.0
LOAN005387,CUST01500,785066,Auto Loan,nan,48,active,0.0
LOAN001875,CUST05652,68843,Personal,11.87,240,Paid,0.03
LOAN003417,CUST02173,2782840,HOME LOAN,NULL,60,Open,0.01
LOAN001229,CUST03824,161146,personal loan,NULL,180,CLOSED,N/A
LOAN003547,CUST05069,221104,PL,12.11,12,Defaulted,0.0
LOAN008604,CUST00552,1405943,Biz Loan,12.58,120, ,0.0
LOAN008688,CUST01281, ,#N/A,13.17,24,Ongoing,0.0
LOAN006691,CUST05347,4524829,Housing Loan,9.31,24,PAID,0.02
LOAN007494,CUST05347,3377922,Mortgage,10.02,120,ONGOING,0.0
LOAN009312,CUST00843,#N/A,SME Loan,11.97,60,paid,0.01
LOAN003554,CUST03677,379916,Vehicle Loan,9.84,180,Fully Paid,0.0
LOAN009136,CUST05328,N/A,HOME LOAN,9.1,180,ongoing,0.0
LOAN011725,CUST04599,403414,Personal Loan,13.16,240,active,0.0
LOAN009061,CUST05328,451807,PL,13.9,120,Active,0.0
LOAN007574,CUST03189,"258,301",Car Loan,10.11,36,Ongoing,0.0
LOAN009271,CUST02851,4468942,Mortgage,8.71,84,default,0.99
LOAN006118,CUST03839,,PL,14.02,120,Paid,0.0
LOAN005617,CUST03677,901247,Housing Loan,7.83,36,Current,0.0
LOAN009593,CUST02950,342178,personal loan,12.44,180,Fully Paid,0.0
LOAN004255,CUST03562,2017351,Mortgage,9.45,240,ongoing,0.0
LOAN008351,CUST00067,206762,PERSONAL LOAN,13.53,180,Closed,0.07
LOAN007881,CUST05328,"₹2,747,592",HOME LOAN,8.98,600,Open,0.01
LOAN003005,CUST00569,1897183,Home Loan,10.38,24,Default,0.99
LOAN006070,CUST02643,170151,Personal Loan,13.71,60,PAID,0.0
LOAN004532,CUST02933,"1,102,438",car loan,9.69,180, ,0.0
LOAN006174,CUST05735,815204,Business Loan,12.76,36,Paid,0.0
LOAN006075,CUST04507,NULL,,11.33,60,default,0.99
LOAN004814,CUST04084,992375,Car Loan,11.5,240,nan,0.0
LOAN004955,CUST03809,1163578,car loan,10.5,240,Charged Off,0.99
LOAN000711,CUST01653,74092,Personal,12.33,24,Fully Paid,0.29
LOAN006700,CUST03222,439354,PL,NULL,84,Current,
LOAN005445,CUST03571,424095,Vehicle Loan,9.86,120,CLOSED,0.0
LOAN007343,CUST03562,480089,personal loan,14.71,120,CLOSED,0.0
LOAN007452,CUST02692,454852,Personal Loan,13.52,120,Fully Paid,0.65
LOAN004443,CUST05069,,Mortgage,7.53,84,ONGOING,0.0
LOAN005655,CUST01475,58769,Personal,14.38,240,active,0.02
LOAN010755,CUST00680,67427,PL,12.21, ,CLOSED,0.02
LOAN006218,CUST03222,1476821,Mortgage,10.17,60,ongoing,0.0
LOAN005717,CUST00090,457158,Personal Loan,14.48,84,paid,0.0
LOAN010413,CUST05823,1422082,Auto Loan,11.72,120,Closed,0.0
LOAN011592,CUST00843,2678964,Biz Loan,75,36,DEFAULT,0.01
LOAN002824,CUST04628,"₹3,741,004",Home Loan,9.46,48,Ongoing,0.01
LOAN011195,CUST03839,405069,PERSONAL LOAN,12.67,60,Current,0.0
LOAN005899,CUST05347,206864,PERSONAL LOAN,15.02,24,Open,0.0
LOAN009816,CUST05735,252155,PL,12.3,36,ACTIVE,0.0
LOAN001715,CUST03280,523644,#N/A,-5,240,Paid,0.0
LOAN009299,CUST02434,472070,,9.78,180,Active,0.22
LOAN011800,CUST03000,"₹294,642",PERSONAL LOAN,14.95,48,Defaulted,0.55
LOAN007960,CUST03571,2435310,BUSINESS LOAN,12.9,36,Current,0.01
LOAN006389,CUST03222,965180,Auto Loan,9.89,84,Default,0.0
LOAN007584,CUST03839,329387,personal loan,-5,36,ACTIVE,0.0
LOAN000453,CUST01281,2754984,Housing Loan,8.49,84,active,2.5
LOAN002105,CUST05347,859870,CAR LOAN,10.56,24,Paid,0.0
LOAN010473,CUST05328,788291,Education Loan,9.6,12,Current,0.01
LOAN010365,CUST05347,1064664,Car Loan,0,180,Open,0.0
LOAN008483,CUST00247,137094,personal loan,13.34,36,Closed,0.0
LOAN010105,CUST05069,499204,Personal,12.71,84,Ongoing,0.0
LOAN004710,CUST00709,184979,personal loan,12.86,24,N/A,0.0
LOAN011288,CUST03677,-1000,PL,12.2,180,Fully Paid,0.0
LOAN001330,CUST05474,436711,Car Loan,Unknown,12,CLOSED,0.99
LOAN004625,CUST05328,913864,Car Loan,11.37,240,Paid,0.0
LOAN008228,CUST03677,375681,PERSONAL LOAN,nan,84,,0.0
LOAN001564,CUST03189,2652112,business loan,11.21,60,paid,0.01
LOAN002555,CUST02933,2879080,Home Loan,8.84,60,Fully Paid,0.01
LOAN006677,CUST01281,1611113,HOME LOAN,8.81,240,paid,0.0
LOAN001179,CUST00843,684432,home loan,#N/A,36,ACTIVE,0.0
LOAN010216,CUST02950,472222,PL,12.45,24,Closed,0.0
LOAN007539,nan,203205,Education Loan,Unknown,12,PAID,0.0
LOAN009577,CUST03677,76842,PL,12.25,180,Ongoing,0.0
LOAN003449,CUST00247,1126916,CAR LOAN,10.4,60,ongoing,0.0
LOAN007417,CUST01140,353240,car loan,8.57,36,ongoing,0.0
LOAN003545,CUST01140,251531,CAR LOAN,8.24,240,N/A,
LOAN009268,CUST00948,355260,Edu Loan,10.6,180,Closed,0.2
LOAN011832,CUST01751,999480,Vehicle Loan,9.75,180,Bad Debt,0.99
LOAN001538,NULL,4352530,Mortgage,8.56,240,Paid Off,0.0
LOAN006772,CUST05069,483885,Unknown,11.15,84,Current,0.0
LOAN003992,CUST03571,231722,Personal Loan,14.34,84,Closed,0.0
LOAN011585,CUST00709,"₹158,852",Personal Loan,13.16,24,Open,0.0
LOAN002865,CUST00843,694422,Car Loan,8.74,180,ongoing,0.0
LOAN003431,CUST05347,1280181,Car Loan,10.56,240,default,0.0
LOAN003529,CUST03677,3740462,Unknown,8.1,nan,Paid Off,0.04
LOAN009573,CUST03571,1104676,HOME LOAN,8.75,12,default,0.01
LOAN007883,CUST04599,2202810,Mortgage, ,24,Ongoing,0.01
LOAN009556,CUST01140,4328159,home loan,7.07,240,active,0.0
LOAN007804,CUST00015,"₹695,426",Edu Loan,17.73,180,Bad Debt,0.0
LOAN011007,CUST02173,434288,Education Loan,10.21,12,Fully Paid,0.0
LOAN008484,CUST05069,461099,PL,12.77,180,ongoing,0.0
LOAN011806,CUST04270,"₹419,672",Personal Loan,13.9,12,Active,0.0
LOAN004045,CUST00015,2022583,Mortgage,16.59,12,paid,0.02
LOAN007453,CUST03222,528969,business loan,12.83,36,Current,0.0
LOAN001227,CUST04599,4334235,Mortgage,8.29,48,Unknown,0.01
LOAN004809,CUST00090,2340483,HOME LOAN,9.95,240,Open,0.0
LOAN006965,CUST01500,420333,PERSONAL LOAN,12.28,48,Paid Off,0.0
LOAN000115,CUST00015,1304655,Biz Loan,19.05,48,Closed, 
LOAN005331,CUST01901,-1000,CAR LOAN,9.2,36,ONGOING,nan
LOAN001451,CUST05627,236933,EDUCATION LOAN,8.67,240,PAID,0.06
LOAN007838,CUST01500,734705,Auto Loan,8.78,240,Active,0.0
LOAN004342,CUST05436,585530,,8.78,180,Active,0.0
LOAN009704,CUST05436,4713118,HOME LOAN,8.64,60,active,0.01
LOAN008834,CUST04084,937899,Biz Loan,13.44,36,Current,0.0
LOAN002082,CUST00090,122911,Personal,14.43,24,ONGOING,0.0
LOAN000922,CUST03677,4255705,HOME LOAN,7.9,60,Ongoing,0.01
LOAN007414,CUST00843,120104,education loan,8.86,120,Fully Paid,0.0
LOAN008362,CUST01281,1623663,Mortgage,8.95,60,Ongoing,0.0
LOAN011701,CUST03439,885328,Car Loan,10.03,,Paid Off,0.89
LOAN000043,CUST05069,179257,personal loan,11.72,12,Ongoing,0.0
LOAN006348,CUST01500,945857,BUSINESS LOAN,11.63,48,Closed,0.0
LOAN009440,CUST03189,1830989,business loan,10.9,24,ongoing,0.01
LOAN011260,CUST02643,533278,Edu Loan,10.05,84,ONGOING,0.0
LOAN000402,CUST05436,296509,PL,13.5,180,N/A,0.0
LOAN011692,CUST03280,1375954,Vehicle Loan,11.92,120,Paid Off,0.0
LOAN005608,CUST02933,181664,Personal Loan,12.45,240,Paid Off,0.0
LOAN004993,CUST03280,325194,PERSONAL LOAN,13.01,48,PAID,0.0
LOAN002517,CUST03280,402235,Personal Loan,14.46,36,ongoing,0.0
LOAN008920,CUST04774,840121,Mortgage,8.69,60,Default,0.99
LOAN006499,CUST05436,852465,BUSINESS LOAN,10.62,120,Paid,0.0
LOAN002255,CUST02950,N/A,Car Loan,9.82,Unknown,Defaulted,0.0
LOAN002234,CUST01500,nan,Car Loan,9.74,180,Paid,0.0
LOAN003153,CUST01140,2164117,Housing Loan,NULL,180,Current,0.0
LOAN000146,CUST03280,243550,PERSONAL LOAN,-5,120,active,0.0
LOAN004968,CUST04599,1356232,Auto Loan,9.37,84, ,0.0
LOAN007944,CUST01869,3748784,Home Loan,Unknown,60,DEFAULT,0.99
LOAN010722,CUST02463,1383211,car loan,10.88,240,Fully Paid,0.24
LOAN002991,CUST03571,1481241,Biz Loan,12.02,24,Ongoing,0.01
LOAN005259,CUST04629,492760,PERSONAL LOAN,12.42,Unknown,Paid Off,0.7
LOAN003220,CUST01531,82367,personal loan,12.29,12,CLOSED,N/A
LOAN002395,CUST00015,NULL,Home Loan,17.07,48,Paid,0.01
LOAN003152,CUST01025,400965,Vehicle Loan,10.68,60,Closed,0.0
LOAN002387,CUST01140,522488,HOME LOAN,8.08,60,Closed,0.0
LOAN004862,CUST00843,1465474,Vehicle Loan,10.2,240,ONGOING,0.0
LOAN000685,CUST03280,965957,CAR LOAN,11.12,120,Open,0.0
LOAN006770,CUST00254,N/A,BUSINESS LOAN,12.23,60,Charged Off,0.99
LOAN002253,CUST02643,"302,000",Personal Loan,13.38,240,Fully Paid,0.0
LOAN008340,CUST00843,579841,CAR LOAN,Unknown,240,Ongoing,0.0
LOAN009064,CUST02173,1847985,BUSINESS LOAN,12.02,240,paid,0.0
LOAN006041,CUST00552,275243,EDUCATION LOAN,10.44,36,paid,0.0
LOAN010008,CUST03824,131101,PERSONAL LOAN,14.98,24,Default,0.0
LOAN002278,CUST02950,2435083,Housing Loan,8.15,48,Paid Off,0.01
LOAN002840,CUST05069,3038500,home loan,6.67,24,ongoing,0.02
LOAN002976,nan,222640,Edu Loan,11.49,60,PAID,0.0
LOAN004797,CUST05328,4612109,HOME LOAN,9.01,48,active,0.01
LOAN006223,CUST04628,290965,personal loan,13.25,180,Ongoing,0.0
LOAN003343,CUST03562,999999999,business loan,14.31,36,Ongoing,0.0
LOAN006263,CUST01281,90579,PERSONAL LOAN,#N/A,84, ,0.0
LOAN002203,CUST05328,68054,PL,12.93,12,Ongoing,0.0
LOAN011625,CUST00709,345445,PERSONAL LOAN,13.33,60,active,0.0
LOAN000270,CUST00552,1350263,home loan,8.51,48,Fully Paid,0.0
LOAN006873,CUST04628,458328,Unknown,14.52,240,Current,0.0
LOAN000954,CUST02950,484328,PERSONAL LOAN,12.57,60,ongoing,0.0
LOAN000253,CUST05436,500493,Mortgage,7.44,240,Paid,Unknown
LOAN008304,CUST00090,"598,470",Student Loan,9.32,180,Paid Off,0.0
LOAN003994,CUST00552,730036,Home Loan,8.38,12,Active,0.01
LOAN002910,CUST03189,4465683,HOME LOAN,8.82,24,ACTIVE,0.02
LOAN003743,CUST04270,"2,554,514",Mortgage,9.61,24,Default,0.01
LOAN008204,CUST03571,711053,CAR LOAN,11.31,180,Paid,0.0
LOAN002074,CUST05735,3696845,Housing Loan,#N/A,12,Paid Off,0.04
LOAN009335,CUST05069,422652,PERSONAL LOAN,12.13,240,ONGOING,0.0
LOAN009515,CUST03189,2021872,BUSINESS LOAN,10.72,120,Paid Off,0.0
LOAN009251,CUST05347,515626,CAR LOAN,12.06,120,PAID,nan
LOAN009528,CUST00709,1358506,SME Loan,12.01,240,Active,0.0
LOAN002012,CUST05328,753763,Mortgage,10.02,24,PAID,0.0
LOAN003020,CUST00587,648551,education loan,9.53,84,Active,0.0
LOAN007697,CUST01281,1986915,Mortgage,9.29,180,nan,0.0
LOAN003389,CUST05735,335841,Auto Loan,9.98,,Active,0.0
LOAN005498,CUST04628,1366384,Car Loan,10.79,180,Paid,0.0
LOAN001825,CUST02950,1740072,Mortgage,9.04,240,PAID,0.0
LOAN004956,CUST05823,293980,Personal,14.63,24,paid,0.0
LOAN008360,CUST02173,2727658,Housing Loan,9.63,240, ,0.0
LOAN007327,CUST04628,153195,personal loan,12.76,12,ACTIVE,0.0
LOAN003243,CUST01500,393835,Unknown, ,84,Paid Off,0.0
LOAN008156,CUST00709,"453,989",Personal,13.5,nan,Ongoing,0.0
LOAN010656,CUST05328,485160,Personal,,120,PAID,0.0
LOAN011137,CUST03189,726040,Mortgage,7.79,36,Ongoing,0.0
LOAN006759,CUST03189,143974,PL,11.88,120,Active,0.0
LOAN011913,CUST00015,4040345,Housing Loan,16.8,240,Defaulted,0.0
LOAN003257,CUST02173,1415538,CAR LOAN,10.5,24,paid,0.01
LOAN004011,CUST05823,196749,Personal Loan,14.73,180,ongoing,0.0
LOAN000519,CUST02990,2806850,business loan,8.52,84,Open,0.99
LOAN007385,CUST01281,2243119,HOME LOAN,8.34,240,nan,0.0
LOAN011230,CUST05069,430067,SME Loan,10.73,180,Active,0.0
LOAN001342,CUST04084,697388,Student Loan,9.85,48,ongoing,0.0
LOAN004301,CUST01500,"₹828,517",car loan,8.65,84,Paid,0.0
LOAN002283,CUST05436,348153,Personal Loan,11.83,12,Current,0.0
LOAN004267,CUST05328,392002,Student Loan,10.5,48,ACTIVE,0.0
LOAN009018,CUST02933,2685030,Home Loan,8.8,48,Ongoing,
LOAN008023,CUST05347,2056987,Biz Loan,13.4,12,N/A,0.02
LOAN001074,CUST01140,0,Auto Loan,N/A,24,ongoing,0.01
LOAN000587,CUST05347,1020885,Home Loan,9.09,60,ACTIVE,0.0
LOAN000869,CUST05176,0,personal loan,13.15,48,PAID,0.68
LOAN008988,CUST02173,2500951,Biz Loan,11.39,24,active,0.01
LOAN010987,N/A,1740572,SME Loan,11.84,240,CLOSED,0.0
LOAN006181,CUST04084,338656,business loan,12.96,180,ACTIVE,0.0
LOAN006238,CUST04270,2483325,HOME LOAN,8.19,48,Active,0.01
LOAN008065,CUST01500,127774,Personal,12.44,12,Active,0.0
LOAN009648,CUST05735,2285585,HOME LOAN,7.56,240,PAID,0.0
LOAN001325,CUST03562,400997,personal loan,14.23,24,ONGOING,0.0
LOAN005580,CUST05069,0,education loan,7.74,60,ACTIVE,0.0
LOAN000211,CUST04827,55093,PL,12.36,nan,Current,0.0
LOAN004503,CUST02173,141017,personal loan,13.76,36,Paid Off,NULL
LOAN002156,CUST03824,"₹460,878",Personal Loan,14.39,120,Fully Paid,0.0
LOAN008113,CUST03562,1710814,Biz Loan,14.08,60,Ongoing,0.0
LOAN009928,CUST03293,68097,personal loan,11.66,84,active,0.37
LOAN007803,CUST00015,"₹774,625",Business Loan,19.16,24,Charged Off,0.0
LOAN005292,CUST05328,437971,PL,13.17,60,Current,0.0
LOAN002304,CUST05328,649972,Education Loan,11.11,24,active,0.0
LOAN011268,CUST05562,1006299,car loan,10.45,36,DEFAULT,0.99
LOAN006537,CUST04077,765787,Edu Loan,8.72,36,paid,0.99
LOAN004224,CUST01901,141650,Personal,11.61,36,Paid Off,0.0
LOAN008205,CUST02933,2157460,HOME LOAN,8.46,180,Active,0.0
LOAN007184,CUST01140,164257,Personal Loan,13.06,180,paid,2.5
LOAN001248,,638660,Car Loan,11.31,24,Active,0.0
LOAN000168,CUST02933,392188,education loan,9.32,240,Closed,0.0
LOAN008888,CUST03677,1264370,CAR LOAN,9.59,12,Current,0.01
LOAN000200,CUST03839,786784,Car Loan,10.28,120,Closed,0.0
LOAN008557,CUST05328,1439772,#N/A,10.61,N/A,active,0.0
LOAN008804,CUST02933,3963071,home loan,8.99,#N/A,ONGOING,0.04
LOAN000036,CUST00552,358306,PL,13.94,24,CLOSED,0.0
LOAN004181,CUST04599,1942130,HOME LOAN,8.23,12,ACTIVE,0.02
LOAN005072,CUST04628,"2,619,875",Housing Loan,9.09,48,ongoing,0.01
LOAN006543,CUST01281,400848,BUSINESS LOAN,13.24,24,PAID,0.0
LOAN002546,CUST04354,2297601,BUSINESS LOAN,13.35,24,CHARGED OFF,0.99
LOAN010233,CUST04270,382022,personal loan,14.43,60,Open,-0.5
LOAN001751,CUST05823,483332,Education Loan,9.94,24,Open,-0.5
LOAN003984,CUST05436,233661,PERSONAL LOAN,nan,24,Closed,0.0
LOAN008186,CUST03571,711076,Car Loan,10.76,120,ongoing,0.0
LOAN008170,CUST00843,65448,Personal,-5,24,Active,0.0
LOAN011483,CUST05328,59479,personal loan,14.0,36,Current,0.0
LOAN003362,CUST04628,596385,SME Loan,12.45,12,Ongoing,0.01
LOAN007727,CUST03839,752074,Auto Loan,10.94,48,ONGOING,0.0
LOAN009625,CUST05707,4546896,Home Loan,9.62,84,Fully Paid,0.01
LOAN000817,CUST00626,1908300,BUSINESS LOAN,13.45,180,Ongoing,0.99
LOAN008276,CUST05069,1034755,Biz Loan,10.24,36,Ongoing, 
LOAN011024,CUST03378,210183,Car Loan,10.68,12,default,0.99
LOAN011823,CUST02933,4109605,HOME LOAN,8.72,36,ONGOING,0.01
LOAN003532,CUST02173,756501,Vehicle Loan,10.55,12,active,0.01
LOAN005172,CUST04628,"₹308,817",CAR LOAN,10.55,48,ACTIVE,0.0
LOAN002531,CUST00090,1315335,car loan,10.89,36,active,0.0
LOAN007416,CUST05069,225506,Student Loan,9.06,12,Current,0.0
LOAN003636,CUST03562,479226,Personal Loan,13.74,240,Paid Off,0.0
LOAN002260,CUST05347,1870611,Home Loan,10.71,60,ongoing,0.0
LOAN011029,CUST01281,2864126,Housing Loan,9.24,60,paid,0.01
LOAN001712,CUST01025,3348738,Mortgage,9.46,36,ACTIVE,0.01
LOAN005366,CUST01655,257872,PERSONAL LOAN,13.17,36,Defaulted,0.71
LOAN004726,CUST00843,347194,PERSONAL LOAN,12.8,24,active,0.0
LOAN005667,CUST00247,350334,car loan,11.27,120,Open, 
LOAN006216,CUST04270,332539,Education Loan,0,,Active,0.0
LOAN008345,CUST03571,778186,education loan,10.48,180,nan,0.0
LOAN009743,CUST01025,0,PERSONAL LOAN,12.66,120,PAID,0.0
LOAN006321,CUST04270,509741,Car Loan,10.81,60,Paid Off,0.0
LOAN005695,CUST02689, ,CAR LOAN,10.89,180,default,0.8
LOAN011185,CUST01901,335176,Personal Loan,13.03,120,PAID,0.0
LOAN007721,CUST02173,1499889,home loan,8.34,240,Fully Paid,0.0
LOAN009933,CUST01771,1153583,Car Loan,11.87,240,CHARGED OFF,0.44
LOAN004945,CUST05735,2724007,home loan,7.54,180,active,0.0
LOAN003179,CUST03562,4244986,home loan,10.35,240,default,0.0
LOAN007932,CUST05069,3653585,home loan,NULL,12,Paid,0.04
LOAN003337,CUST04599,595420,Edu Loan,9.0,120, ,0.0
LOAN007642,CUST03839,"₹4,687,180",Mortgage,8.37,84,nan,
LOAN008218,CUST01500,1641293,Mortgage,8.51,120,PAID,0.0
LOAN007755,CUST05328,351958,PERSONAL LOAN,13.83,48,Ongoing,0.0
LOAN008608,CUST05328,4125488,Mortgage,8.3,180,Active,0.0
LOAN001882,CUST05436,144788,Personal Loan,12.81,12,ONGOING,0.0
LOAN008686,CUST04599,87735,PERSONAL LOAN,11.63,12,ongoing,0.0
LOAN006755,CUST01281,423934,CAR LOAN,0,180,Ongoing,0.0
LOAN005096,CUST00552,1095942,Auto Loan,9.94,84,active,0.0
LOAN004152,CUST00109,614144,Education Loan,9.62,12,CLOSED,0.99
LOAN006289,CUST03839,701372,Student Loan,9.85,180,Open,0.0
LOAN008970,CUST03189,238098,PERSONAL LOAN,12.11, ,Active,0.0
LOAN000022,CUST03189,987656,CAR LOAN,#N/A,36,Closed,0.0
LOAN009977,CUST04156,2713067,SME Loan,13.36,12,Active,#N/A
LOAN011661,CUST05436,1197960,home loan,7.19,nan,Paid Off,0.0
LOAN001732,CUST03642,#N/A,car loan,10.26,60,Default,0.81
LOAN011401,CUST00709,989147,car loan,9.84,12,ONGOING,#N/A
LOAN008991,CUST01281,475258,Vehicle Loan,10.16,48,,0.0
LOAN010392,CUST01864,,CAR LOAN,11.45,12,DEFAULT,0.99
LOAN011171,CUST00709,1582479,Housing Loan,9.72,120,Current,0.0
LOAN004879,CUST00709,306155,Education Loan,9.34,12,CLOSED,0.0
LOAN006554,CUST02349,668690,home loan,8.98,180,Default,0.46
LOAN007831,CUST01901,971909,car loan,9.34,240,paid,0.0
LOAN001205,CUST02950,1534777,Housing Loan,-5,60,Bad Debt,0.0
LOAN003360,CUST05735,201259,Personal Loan,11.91,240,ongoing,0.0
LOAN000053,CUST05436,536568,CAR LOAN,10.53,120,Active,0.0
LOAN008696,CUST04827,132722,nan,9.67,48,Closed,0.0
LOAN011411,CUST01025,0,HOME LOAN,8.64,60,ongoing,0.01
LOAN001676,CUST05707,2027607,BUSINESS LOAN,13.44,48,active,0.01
LOAN005484,CUST05707,2255312,business loan,13.07,12,paid,0.02
LOAN000446,CUST05707,1169187,business loan,Unknown,84,Current,0.0
LOAN011313,CUST04189,384146,Edu Loan,10.26,24,Paid,0.99
LOAN009415,CUST01281,3903030,HOME LOAN,8.68,24,Active,0.02
LOAN003870,CUST00247,4639535,Home Loan,9.73,180,Open,0.0
LOAN001630,CUST02933,1099563,Business Loan,11.69,180,Fully Paid,0.0
LOAN000691,CUST05366,481870,Education Loan,11.09,240,CLOSED,0.33
LOAN000289,CUST01901,3348998,HOME LOAN,7.83,36,ongoing,0.01
LOAN005598,CUST03562,968569,Auto Loan,12.57,24,PAID,0.0
LOAN007293,CUST05069,"₹3,140,688",home loan,8.35,24,Ongoing,0.02
LOAN010654,CUST00090,923140,Auto Loan,11.66,180,Open,0.0
LOAN011328,CUST05735,4542347,HOME LOAN,8.85,12,Open,0.05
LOAN004054,CUST00813,486111,Auto Loan,10.58,36,DEFAULT,0.99
LOAN010539,CUST03562,449064,car loan,12.35,84,ACTIVE,0.0
LOAN004781,CUST04084,281868,Vehicle Loan,NULL,84,Paid,0.0
LOAN008729,CUST04628,Unknown,Mortgage,8.6,180,active,0.0
LOAN006792,CUST05707,433617,Education Loan,11.22,36,ACTIVE,0.0
LOAN009482,CUST05707,3782840,HOME LOAN,10.21,240,ongoing,0.0
LOAN002179,CUST00552,1653747,Business Loan,#N/A,24,Ongoing,0.01
LOAN004775,CUST00247,609029,Auto Loan,11.35,180,paid,0.0
LOAN009691,CUST02173,829390,Vehicle Loan,10.78,24,Paid Off,0.0
LOAN010835,CUST00552,142388,Personal Loan,13.07,48,Open,0.0
LOAN004479,CUST03839,337843,Personal,13.46,180,ongoing,0.0
LOAN010370,CUST00090,317580,personal loan,75,60,Ongoing,0.0
LOAN000157,CUST03562,403131,CAR LOAN,N/A,36,Paid Off,0.0
LOAN008698,CUST00587,3829985,HOME LOAN,9.92,120,Active,0.0
LOAN001631,CUST00247,399730,Personal,12.57,48,CLOSED,0.0
LOAN002261,CUST03824,730818,education loan,9.71,240,Ongoing,0.0
LOAN010847,CUST03562,376396,Personal,#N/A,84,ACTIVE,0.0
LOAN003852,CUST05328,850735,Vehicle Loan,9.87,60,Paid,0.0
LOAN009484,CUST02950,424019,PL,13.75,24,Closed,N/A
LOAN006521,CUST05328,332740,Personal Loan,13.99,240,ongoing,#N/A
LOAN002559,CUST00709,282725,PL,12.77,84,PAID,NULL
LOAN006666,CUST03839,1882781,HOME LOAN,8.63, ,Closed,0.0
LOAN001473,CUST01901,554868,education loan,9.17,240,paid,0.0
LOAN003213,CUST03677,154518,PL,0,84,CLOSED,0.0
LOAN010102,#N/A,357374,business loan,12.81,48,PAID,0.0
LOAN001493,CUST05436,1546063,Business Loan,11.88,24,ONGOING,0.01
LOAN009195,CUST01500,-1000,PL,11.95,60,ongoing,0.0
LOAN001228,CUST00587,"₹3,352,301",Mortgage,9.73,180,Paid Off,0.0
LOAN003519,CUST05735,2474995,HOME LOAN,8.29,180,active,0.0
LOAN010878,CUST05436,359732,PERSONAL LOAN,13.14,36,default,0.0
LOAN011826,CUST00587,0,Home Loan,9.69,84,default,0.01
LOAN011120,CUST01500,584271,Car Loan,9.21,60,Open,0.0
LOAN004099,CUST04599,402214,Personal,12.36,60,active,0.0
LOAN004464,CUST02950,119941,PERSONAL LOAN,12.52,240,ongoing,0.0
LOAN006077,CUST05328,3147959,Housing Loan,9.72,12,Closed,0.03
LOAN011009,CUST05436,1280259,Car Loan,8.87,NULL,ONGOING,0.0
LOAN004960,CUST04599,175632,Personal,12.67,36,Ongoing,0.0
LOAN005348,CUST03677,"₹1,782,194",Housing Loan,7.38,24,Current,0.01
LOAN005376,CUST05328,4850471,HOME LOAN,9.03,240,ONGOING,0.0
LOAN002244,CUST01609,652603,Home Loan,8.23,180,ONGOING,0.37
LOAN000318,CUST01140,223425,PERSONAL LOAN,13.02,240,Ongoing,0.0
LOAN005738,CUST04827,1319756,Home Loan,8.03,24,CLOSED,0.01
LOAN011085,CUST04628,"₹1,241,009",CAR LOAN,9.87,60,ongoing,0.0
LOAN007644,CUST05328,472877,Personal Loan,14.22,240,PAID,0.0
LOAN003820,CUST03208,1880658,Biz Loan,12.84,48,,0.99
LOAN006204,CUST03222,242700,PL,13.07,,Ongoing,0.0
LOAN007370,CUST05069,328941,PL,11.32,12,active,0.0
LOAN001413,CUST02950,607230,Auto Loan,9.11,120,PAID,0.0
LOAN008748,CUST03824,856537,Auto Loan,12.11,84,ACTIVE,0.0
LOAN007363,CUST03677,1257699,NULL,8.93,240,ongoing,0.0
LOAN004372,CUST05436,495102,Personal Loan,11.62,24,Ongoing,0.0
LOAN001352,CUST02933,2200506,SME Loan,11.24,48,active,0.01
LOAN006849,CUST01901,588242,Education Loan,9.49,180,ongoing,0.0
LOAN001570,CUST01302,413824,PERSONAL LOAN,12.3,36,CHARGED OFF,0.99
LOAN000625,CUST03824,410980,Business Loan,13.3,240,Current,0.0
LOAN008661,CUST03955,376177,PL,12.26,12,CHARGED OFF,0.99
LOAN008979,CUST05069,263332,Education Loan,8.68,120,Ongoing,0.0
LOAN005134,CUST05707,4507895,Home Loan,9.63,12,Fully Paid,0.05
LOAN009626,CUST01025,1116774,home loan,7.99,84,Paid Off,0.0
LOAN003654,CUST00709,117642,personal loan,12.7,180,CLOSED,0.0
LOAN002862,CUST00015,3952927,Housing Loan,16.14,120,DEFAULT,0.0
LOAN004966,CUST00843,121642,PERSONAL LOAN,12.28,84,PAID,0.0
LOAN003340,CUST03702,430824,SME Loan,11.68,120,ongoing,0.66
LOAN009524,CUST01901,2120945,Home Loan,7.87,48,Current,0.01
LOAN000606,CUST04599,191718,EDUCATION LOAN,8.83,24,Open,0.0
LOAN001412,CUST03222,189630,EDUCATION LOAN,10.25,12,paid,0.0
LOAN003721,CUST00015,418652,Personal,21.97,12,Paid,0.0
LOAN004997,CUST02933, ,Vehicle Loan,10.8,48,ongoing,0.0
LOAN004144,CUST02950,3034603,Housing Loan,9.5,60,Paid Off,0.01
LOAN007278,CUST01281,772642,Student Loan,9.46,24,Active,0.0
LOAN003996,CUST04628,1594544,home loan,9.14,180,active,0.0
LOAN001106,CUST02136,1725049, ,7.01,120,Current,0.74
LOAN009702,CUST02933,1998513,Biz Loan,12.94,48,ongoing,0.0
LOAN006522,CUST04628,2702738,BUSINESS LOAN,11.95,36,ongoing,0.01
LOAN004675,CUST01901,NULL,Housing Loan,8.72,36,PAID,0.0
LOAN009602,CUST05707,1764027,Business Loan,13.44,24,active,0.01
LOAN011426,CUST00552,1239237,Car Loan,10.61,60,Paid,0.0
LOAN006222,CUST03562,2802669,Housing Loan,10.9,60,active,0.01
LOAN007961,CUST05328,0,Personal Loan,14.41,240,Ongoing,0.0
LOAN007712,CUST04599,"₹929,306",NULL,8.61,60,ONGOING,0.0
LOAN005122,CUST00173,425513,car loan,9.2,60,PAID,0.8
LOAN004329,CUST01500,464340,Personal,11.73,12,Open,0.0
LOAN004900,CUST04827,419760,Business Loan,12.54,84,Open,0.0
LOAN011784,CUST00090,374253,Student Loan,10.52,48,ONGOING,Unknown
LOAN005642,CUST02933,"539,694",Auto Loan,10.55,24,Current,0.0
LOAN011316,#N/A,2425527,SME Loan,11.82,12,Unknown,
LOAN008924,CUST01281,250491,Personal Loan,12.89,60,Defaulted,0.0
LOAN009675,CUST03839,2713285,Unknown,12.03,60,ongoing,0.01
LOAN008158,CUST02933,978255,business loan,11.69,24,paid,0.0
LOAN005913,CUST03571,nan,CAR LOAN,10.35,48,PAID,0.0
LOAN007630,CUST05436,366719,Biz Loan,11.47,0,PAID,0.0
LOAN004192,CUST00247,4123624,Mortgage,9.78,#N/A,paid,0.01
LOAN011726,CUST04827,240526,EDUCATION LOAN,9.67,84,Charged Off,0.0
LOAN006102,CUST00709,956450,Home Loan,8.68,24,ACTIVE,0.0
LOAN000356,CUST01140,"2,217,908",Home Loan,7.07,180,Active,0.0
LOAN008720,CUST05707,114333,PL,14.74,48,Default,0.0
LOAN011129,CUST00552,933837,car loan,9.65,240,Paid,nan
LOAN006063,CUST04270,1246124,Home Loan,9.25,36,ACTIVE,0.0
LOAN004502,CUST01901,675336,Home Loan,8.3,48,Active,0.0
LOAN007823,CUST05347,1009777,Car Loan,11.97,240,Fully Paid,0.0
LOAN003891,CUST02933,478557,personal loan,13.32,60,Paid,0.0
LOAN002456,CUST01025,4923419,Home Loan,8.63,180,ACTIVE,0.0
LOAN005283,CUST01901,1291663,Auto Loan,9.08,180,ongoing,0.0
LOAN011868,CUST00247,465035,education loan,9.6,600,Paid Off,0.0
LOAN001222,CUST05823,Unknown,personal loan,15.27,24,,0.0
LOAN007732,CUST05056,1233731,home loan,8.06,48,Fully Paid,0.99
LOAN009613,CUST05436,3578820,home loan,8.44,180,Active,0.0
LOAN002830,CUST00549,620430,Student Loan,10.14,24,default,0.99
LOAN009821,CUST04599,2806735,SME Loan,10.69,84,nan,0.0
LOAN008265,CUST00843,483558,personal loan,12.41,84,Fully Paid,0.0
LOAN004681,CUST03824,128280,Personal,120,12,paid,NULL
LOAN010675,CUST00291,961541,Vehicle Loan,11.43,48,Paid Off,NULL
LOAN008148,CUST04270,288232,PERSONAL LOAN,12.78,120,paid,0.0
LOAN001270,CUST00587,678669,Biz Loan,12.09,180,active,0.0
LOAN010007,CUST01500,437501,EDUCATION LOAN,9.12,24,ongoing,0.0
LOAN011595,CUST03571,"₹4,155,126",Housing Loan,10.16,240,Current,0.0
LOAN005183,CUST03280,2438877,Mortgage,-5,120,Fully Paid,0.0
LOAN004912,CUST01281,400957,Education Loan,10.79,12,NULL,NULL
LOAN006695,CUST00709,2403776,Home Loan,9.49,180,Paid Off,0.0
LOAN011450,CUST01500,374038,Edu Loan,9.63,180,Active,0.0
LOAN006456,CUST00247,231942,Vehicle Loan,11.18,60,Current,NULL
LOAN001535,CUST01281,336897,Personal Loan,14.18,48,ACTIVE,0.0
LOAN004914,CUST05436,575383,CAR LOAN,10.2,84,Current,0.0
LOAN009065,CUST04270,464905,car loan,11.47,60,Open,Unknown
LOAN007686,,572205,Car Loan,10.7,60,paid,0.0
LOAN000426,CUST03280,485617,education loan,10.36,120,ongoing,0.0
LOAN001720,CUST05069,276502,CAR LOAN,9.04,84,Fully Paid,0.0
LOAN000412,CUST04662,255593,Unknown,14.2,12,Default,0.99
LOAN005741,CUST05707,552638,Vehicle Loan,nan,180,PAID,0.0
LOAN007659,CUST02950,4687255,Mortgage,8.7,120,ongoing,2.5
LOAN002214,CUST03677,4579618,HOME LOAN,7.73,120,Fully Paid, 
LOAN011083,CUST02828,357638,Unknown,9.88,24,PAID,0.99
LOAN000952,CUST00403,Unknown,Home Loan,9.34,180,CHARGED OFF,0.99
LOAN009750,CUST01585,2671791,Housing Loan,9.95,12,Paid,nan
LOAN011348,CUST00247,330959,Personal Loan,13.24,48,PAID,0.0
LOAN008210,CUST05069,3826364,Housing Loan,7.38,24,Active,0.02
LOAN000452,CUST04827,674035,Business Loan,NULL,240,active,-0.5
LOAN003749,CUST03839,530841,Car Loan,10.3,12,Open,0.01
LOAN000902,CUST03839,97151,Personal Loan,13.84,24,Paid Off,0.0
LOAN007735,CUST01901,688748,Education Loan,7.95,36,Fully Paid,0.0
LOAN005776,CUST00587,376118,Personal Loan,13.94,180,ONGOING,-0.5
LOAN011131,CUST01901,426365,Education Loan,9.28,12,ONGOING,0.0
LOAN008496,CUST05347,1983701,Housing Loan,9.72,48,Ongoing,0.0
LOAN004421,CUST02173,#N/A,home loan,8.82,24,Active,NULL
LOAN003118,CUST05069,332918,Student Loan,9.44,12,ACTIVE,0.0
LOAN008347,CUST00015,2677003,business loan,19.39,48,CHARGED OFF,N/A
LOAN005853,CUST01422,362108,personal loan,15.41,240,Closed,0.38
LOAN007222,CUST00587,352242,PL,13.26,120,paid,0.0
LOAN002548,CUST05480,1853201,Biz Loan,11.58,36,Default,0.99
LOAN006423,CUST02933,131951,PERSONAL LOAN,12.48,48,Fully Paid,0.0
LOAN006186,CUST04827,"₹238,284",Education Loan,10.44,24,Closed,0.0
LOAN011600,CUST01901,447569,Personal,12.42,48,CLOSED,0.0
LOAN004000,CUST05069,N/A,personal loan,11.42,48,ACTIVE,0.0
LOAN006943,CUST02933,1414515,car loan,9.21,12,ONGOING,0.01
LOAN010076,CUST05347,787565,car loan,10.98,0,active,0.01
LOAN008275,CUST01025,565369,Car Loan,9.82,84,CHARGED OFF,0.0
LOAN011277,CUST00247,186119,PL,NULL,240,CLOSED,
LOAN003488,CUST04827,232207,Vehicle Loan,11.18,60,Active,0.0
LOAN000957,CUST03677,349038,Edu Loan,9.29,48,Ongoing,0.0
LOAN005490,CUST03280, ,Edu Loan,10.85,12,Closed,0.01
LOAN009498,CUST03677,"301,981",BUSINESS LOAN,10.72,60,CLOSED,0.0
LOAN007373,CUST00709,4281328,Housing Loan,9.33,48,ACTIVE,0.01
LOAN001093,CUST01025,564792,EDUCATION LOAN,Unknown,120,Fully Paid,0.0
LOAN007554,CUST05328,232458,N/A,14.42,36,active,0.0
LOAN003837,CUST01281,3300215,HOME LOAN,9.08,84,PAID,0.0
LOAN010892,CUST01025,973884,Mortgage,8.25,nan,ONGOING,0.0
LOAN011521,CUST03839,1038505,car loan,10.99,84,Open,0.0
LOAN005101,CUST01140,451763,PERSONAL LOAN,11.4,36,PAID,0.0
LOAN001012,CUST02950,337446,Vehicle Loan,10.39,60,NULL,0.0
LOAN007475,CUST03839,308283,PERSONAL LOAN,13.17,84,ongoing,0.0
LOAN009438,CUST05436,731232,N/A,11.58,60,ACTIVE,0.0
LOAN003851,CUST00247,2172975,Business Loan,12.4,24,Open,0.01
LOAN010575,CUST03808,128797,PL,14.55,36,DEFAULT,0.46
LOAN008961,CUST00015,465826,Personal Loan,21.0,12,paid,0.0
LOAN004172,CUST04270,120053,Edu Loan,10.28,180,Current,0.0
LOAN010462,CUST02648,279315,Vehicle Loan,10.63,36,DEFAULT,0.99
LOAN005421,CUST02933,425669,Student Loan,10.05,60,Closed,0.0
LOAN010976,CUST00552,364651,PL,13.98,240,Paid,0.0
LOAN002791,CUST03571,373145,Personal Loan,14.67,180,PAID,99
LOAN004283,CUST00015,301857,personal loan,20.97,180,PAID,0.0
LOAN004348,CUST05145,323437,Education Loan,9.44,120,Current,0.29
LOAN000353,CUST04249,589025,Auto Loan,#N/A,36,PAID,0.99
LOAN005693,CUST00843,808133,car loan,9.16,36,#N/A,0.0
LOAN008679,CUST03562,1763492,home loan,10.59,12,Paid Off,
LOAN005725,CUST05377,1191960,home loan,7.06,84,ongoing,0.82
LOAN004247,CUST03562,1954269,Business Loan,12.68,240,Ongoing,0.0
LOAN010215,CUST00284,1182645,Auto Loan,11.79,12,default,0.99
LOAN004858,CUST00247,4714034,HOME LOAN,9.9,60,Paid Off,0.01
LOAN002930,CUST03189,330547,CAR LOAN,8.79,84,Open,0.0
LOAN005457,CUST04827,4615589,Home Loan,8.39,240,ongoing,0.0
LOAN007461,CUST03280,1588936,home loan,9.42,48,Open,0.0
LOAN006330,CUST05385,2929978,Housing Loan,8.97,120,ongoing,0.99
LOAN011699,CUST01681,369817,PL,15.65,180,NULL,0.19
LOAN007066,CUST00096,1257456,Car Loan,10.52,24,DEFAULT,0.99
LOAN009550,CUST00587,304086,Personal Loan,13.83,0,ONGOING,0.0
LOAN005293,CUST05069,3055962,home loan,8.03,180,Paid Off,0.0
LOAN003165,CUST00552,2980362,home loan,8.31,48,Current,0.01
LOAN011658,CUST03571,1074451,Car Loan,10.6,,ACTIVE,NULL
LOAN010869,CUST04986,2240783,SME Loan,12.0,36,Closed,0.99
LOAN011886,CUST05707,839431,car loan,120,84,default,0.0
LOAN004865,CUST04628,"₹4,984,464",Home Loan,N/A,60,ONGOING,NULL
LOAN006557,CUST05328,176738,PERSONAL LOAN,12.98,24,Open,0.0
LOAN002125,CUST04628,247628,PL,14.06,48,Paid Off,0.0
LOAN001246,nan,2318110,business loan,10.47,nan,ACTIVE,0.0
LOAN010171,CUST05069,2693749,Business Loan,11.39,240,Paid Off,0.0
LOAN000558,CUST05347,1141747,Auto Loan,10.62,N/A,PAID,0.0
LOAN009627,CUST05436,50612,PL,11.81,48,Ongoing,0.0
LOAN005650,CUST03677,1006472,Car Loan,9.07,60,ACTIVE,0.0
LOAN001990,CUST03677,2330289,N/A,7.61,24,ongoing,0.01
LOAN008576,CUST03189,1793694,Business Loan,11.09,24,Closed,0.01
LOAN004972,CUST03222,125068,Personal,14.27,48,Closed,0.0
LOAN005529,CUST03222,1343977,HOME LOAN,10.12,12,nan,0.01
LOAN004387,CUST04827,375123,PERSONAL LOAN,12.49,48,Open,0.0
LOAN008882,CUST00587,319624,Student Loan,10.72,12,Current,NULL
LOAN002408,CUST03280,381473,Auto Loan,10.51,120,PAID,Unknown
LOAN009057,CUST04827,1466772,Biz Loan,11.77,48,paid,0.0
LOAN000060,CUST03562,2203205,Business Loan,13.53,120,DEFAULT,0.0
LOAN001071,CUST00843,1047079,Business Loan,12.0,24,paid,0.01
LOAN003538,CUST05707,3896841,Home Loan,9.25,120,Paid,0.0
LOAN001134,CUST00587,381177,Auto Loan,10.4,180,ONGOING,0.0
LOAN000368,CUST02173,990511,Car Loan,9.41,48,Paid,0.0
LOAN007273,CUST03839,888886,Vehicle Loan,10.14,120,ACTIVE,0.0
LOAN005319,CUST03562,481122,PERSONAL LOAN,15.11,240,ONGOING,0.0
LOAN006527,CUST03571,889399,Vehicle Loan,Unknown,180,paid,0.0
LOAN005029,CUST03280,1388205,car loan,11.34,240,ongoing,0.0
LOAN002344,CUST04270,440245,Personal,14.64,240,ONGOING,0.0
LOAN004222,CUST02462,2026987,SME Loan,14.45,48,CLOSED,0.99
LOAN001810,CUST00090,344324,Biz Loan,13.35,24,CLOSED,0.0
LOAN005012,CUST00015,999999999,Vehicle Loan,17.92,180,Default,0.0
LOAN005053,CUST01140,"₹825,249",Business Loan,10.18,84,Current,0.0
LOAN000469,CUST03189,4228949,HOME LOAN,7.85,180,paid,0.0
LOAN009177,CUST03839,2022053,Biz Loan,12.23,180,ongoing,0.0
LOAN008736,CUST02173,447530,personal loan,14.0,36,Closed,0.0
LOAN010423,CUST00587,175622,PERSONAL LOAN,14.66,120,Open,0.0
LOAN008769,nan,2805806,Mortgage,8.21,36,PAID,NULL
LOAN007918,CUST00015,995889,Auto Loan,18.32,84,Bad Debt,0.0
LOAN004277,CUST03562,1451115,SME Loan,14.3,84,Fully Paid,0.0
LOAN010125,CUST03839,459876,Personal Loan,12.93,36,Fully Paid,0.0
LOAN009220,CUST02173,818950,CAR LOAN, ,120,Ongoing,0.0
LOAN007329,CUST05328,240988,PERSONAL LOAN,14.68,#N/A,PAID,0.0
LOAN010943,CUST05069,2611559,nan,7.47,84,Current,0.0
LOAN000542,CUST05707,2731000,BUSINESS LOAN,14.24,60,CLOSED,-0.5
LOAN002258,CUST03189,2850199,Mortgage,nan,48,Closed,0.01
LOAN010628,CUST03222,#N/A,EDUCATION LOAN,11.02,240,Closed,0.0
LOAN004469,CUST02571,1140101,Biz Loan,12.71,24,default,0.99
LOAN011357,CUST00090,2829304,Home Loan,9.52,nan,active,0.03
LOAN007870,CUST05328,0,PERSONAL LOAN,13.88,nan,Paid,-0.5
LOAN011549,CUST03562,"₹316,411",Personal,15.11,48,Paid Off,0.0
LOAN010814,CUST03222,4696269,home loan,9.89,120,CHARGED OFF,0.0
LOAN008842,CUST05328,3814504,Home Loan,8.96,180,Open,0.0
LOAN002196,CUST05823,473108,Personal,13.47,180,Default,0.0
LOAN001959,CUST02950,286268,Personal Loan,13.56,60,Paid,0.0
LOAN009949,CUST01870,0,CAR LOAN,9.78,48,Charged Off,0.99
LOAN000856,nan,2401928,Housing Loan,9.39,36,Paid Off,0.99
LOAN006363,CUST02173,1371814,BUSINESS LOAN,12.17,60,CLOSED,0.0
LOAN007151,CUST04599,497500,Personal Loan,11.34,,DEFAULT,0.0
LOAN004541,CUST02643,415423,Education Loan,9.02,180,ACTIVE,0.0
LOAN003107,CUST05436,425613,car loan,9.2,48,Paid Off,0.0
LOAN008607,CUST03839,498778,PERSONAL LOAN,12.77,36,Current,Unknown
LOAN009751,CUST02173,302572,CAR LOAN,9.35,60,ACTIVE,0.0
LOAN001602,CUST05570,475287,PL,15.14,12,Charged Off,0.99
LOAN009074,CUST03730,89611,Personal Loan,13.37,180,PAID,0.05
LOAN004485,CUST03222,342635,Car Loan,11.15,240,Fully Paid,0.0
LOAN009568,CUST05069,227758,PL,12.5,180,Open,0.0
LOAN006796,CUST05347,3539916,HOME LOAN,10.04,120,Ongoing,-0.5
LOAN007001,CUST03189,243953,Personal,12.09,120,Charged Off,0.0
LOAN007466,CUST00587,2214169,Biz Loan,12.57,0,paid,0.0
LOAN006211,CUST00247,507860,Education Loan,9.23,48,Ongoing,0.0
LOAN002622,CUST03571,437574,Personal Loan,13.6,12,ongoing,nan
LOAN002073,CUST03562,659434,Car Loan,Unknown,180,Open,0.0
LOAN009745,CUST04084,4499166,home loan,8.94,24,ONGOING,0.02
LOAN009727,CUST00843,583031,home loan,7.49,12,PAID,0.01
LOAN009822,CUST05823,1002158,Car Loan,11.64,36,Open,0.0
LOAN005103,CUST00709,224327,PL,12.37,48,ACTIVE,0.0
LOAN010178,CUST05735,2202889,BUSINESS LOAN,11.19,180,Open,0.0
LOAN005346,CUST04599,595884,Unknown,9.21,24,Closed,0.0
LOAN007349,CUST00843,723536,Biz Loan,11.26,24,ONGOING,0.0
LOAN010256,CUST04270,2154916,Business Loan,12.72,12,Paid Off,0.02
LOAN003227,CUST03222,2289915,home loan, ,84,Paid,0.0
LOAN001599,CUST00015,66702,Personal,21.02,60,Default,0.0
LOAN002265,CUST03280,481117,Personal Loan,14.31,12,Active,0.0
LOAN002201,CUST04599,"₹4,711,519",Home Loan,8.32,24,PAID,0.02
LOAN009899,CUST03571,330690,Personal,12.76,24,Ongoing,0.0
LOAN003634,CUST04200,1741688,home loan,75,48,default,0.99
LOAN002505,CUST00843,361332,PERSONAL LOAN,12.82,240,Active,0.0
LOAN008112,CUST05735,399885,PL,13.38,24,Open,0.0
LOAN008400,CUST03222,409517,personal loan,13.43,240,Fully Paid,0.0
LOAN010786,CUST00015,1816326,Mortgage,17.34,48,PAID,0.0
LOAN010100,CUST03839,117051,PERSONAL LOAN,13.35,36,ongoing,0.0
LOAN008179,CUST00709,4745348,Housing Loan,8.26,60,Current,0.01
LOAN005011,CUST03839,383697,personal loan,13.66,120,Paid,0.0
LOAN010580,CUST03824,136226,PL,14.26,240,Paid Off,0.0
LOAN000465,CUST04270,615923,EDUCATION LOAN,9.99,120,Paid Off,0.0
LOAN005560,CUST00843,726263,EDUCATION LOAN,9.53,24,active,0.0
LOAN003806,CUST00587,Unknown,Personal Loan,13.65,240,paid,0.0
LOAN008494,CUST00134,605839,EDUCATION LOAN,11.39,84,Bad Debt,0.99
LOAN007053,CUST00709,1451855,Business Loan,11.66,36,active,0.0
LOAN001480,CUST01901,374581,Personal,12.61,120,paid,0.0
LOAN006598,CUST04827,3284173,home loan,9.43,120,Fully Paid,0.0
LOAN007920,CUST03677,"709,869",education loan,Unknown,24,CLOSED,0.0
LOAN010652,CUST04628,4547128,HOME LOAN,9.75,84,active,0.01
LOAN003062,CUST05328,232396,Vehicle Loan,10.64,84,default,0.0
LOAN006392,CUST04827,214611,Personal,13.87,24,ACTIVE,0.0
LOAN002341,CUST00709,N/A,Home Loan,8.53,120,paid,0.0
LOAN000399,CUST04084,1596172,Business Loan,14.16,#N/A,Active,0.0
LOAN001942,CUST04302,373567,PERSONAL LOAN,13.07,180,Current,0.17
LOAN002449,CUST00587,191828,Personal Loan,13.44,84,Current,0.0
LOAN002159,CUST01045,"₹370,828",CAR LOAN,10.62,240,Paid,0.37
LOAN007957,CUST03409,579295,SME Loan,12.67,Unknown,paid,0.99
LOAN004514,CUST01901,1079695,Car Loan,10.21,12,Unknown,#N/A
LOAN003893,CUST01140,2975017,home loan,7.87,48,ONGOING,2.5
LOAN007966,CUST03422,N/A,#N/A,9.78,48,Default,0.99
LOAN011869,CUST05707,,HOME LOAN,9.88,60,ACTIVE,0.01
LOAN002652,CUST03280,901931,CAR LOAN,-5,240,paid,0.0
LOAN008586,CUST02933,223446,Personal,13.32,84,active,0.0
LOAN004237,CUST05436,208840,PERSONAL LOAN,13.27,240,active,0.0
LOAN005527,CUST01297,4172595,#N/A,7.89,12,DEFAULT,0.99
LOAN008216,CUST03571,340143,PL,14.55,180,active,0.0
LOAN001958,CUST04294,1123994,Auto Loan,10.22,84,Charged Off,0.99
LOAN007722,CUST01868,4684263,HOME LOAN,10.73,120,DEFAULT,0.99
LOAN007549,CUST05436,379815,Auto Loan,9.69,24,Paid Off,0.0
LOAN005701,CUST00843,104770,education loan,10.02,12,Ongoing,0.0
LOAN003966,CUST04084,2455034,BUSINESS LOAN,12.89,84,Closed,0.0
LOAN010813,CUST00247,754471,Edu Loan,9.63,48,CHARGED OFF,0.0
LOAN000931,CUST03910,3615083,HOME LOAN,7.47,60,PAID,0.99
LOAN007315,CUST03562,985340,Auto Loan,10.75,60, ,0.0
LOAN001380,CUST05823,155325,personal loan, ,84,Fully Paid,nan
LOAN004907,CUST01281,#N/A,CAR LOAN,10.28,60,Closed,0.0
LOAN010053,CUST05069,1400471,SME Loan,10.83,180,PAID,0.0
LOAN002809,CUST03677,1225928,Auto Loan,9.7,60,ONGOING,0.0
LOAN003036,CUST04628,755524,Education Loan,10.19,36,Ongoing,0.0
LOAN003359,CUST05436,566738,BUSINESS LOAN,11.34,12,paid,0.01
LOAN005826,CUST04092,486226,PERSONAL LOAN,12.22,240,ongoing,0.22
LOAN003028,CUST00843,0,PL,13.15,-12,Ongoing,0.0
LOAN001819,CUST03189,849655,HOME LOAN,8.47,48,Current,0.0
LOAN008120,CUST05069,-1000,home loan, ,60,Paid,0.0
LOAN003248,CUST01500,"2,256,008",HOME LOAN,7.38,60,Active,0.0
LOAN010883,CUST03824,617308,Vehicle Loan,10.95,240,ongoing,0.0
LOAN007782,CUST00015,1315094,Biz Loan,20.39,12,Closed,0.01
LOAN006654,CUST00587,727193,EDUCATION LOAN,10.12,24,Open,0.0
LOAN002460,CUST05735,1641689,Biz Loan,11.76,120,PAID,99
LOAN006015,CUST03839,378209,personal loan,12.19,48,ongoing,0.0
LOAN009684,CUST01025,222822,education loan,8.94,12,Paid Off,0.0
LOAN001127,CUST00090,"₹189,664",PL,13.79,84,Paid,0.0
LOAN004434,CUST01500,"203,461",Personal,13.11,120,ONGOING,0.0
LOAN007585,CUST01901,1375607,home loan,8.71,60,Paid Off,0.0
LOAN008725,CUST01901,855595,business loan,12.4,120,ongoing,0.0
LOAN010289,CUST00587,410311,CAR LOAN,9.89,24,ONGOING,0.0
LOAN006525,CUST01500,111375,personal loan,11.64,180,Ongoing,0.0
LOAN004369,CUST02950,334603,PL,13.84,240,Active,0.0
LOAN007969,CUST05707,1162328,home loan,9.4,120,CLOSED,0.0
LOAN001623,CUST02950,1384651,Car Loan,9.58,84,active,0.0
LOAN011643,CUST00587,654435,nan,10.85,-12,ONGOING,0.0
LOAN000629,CUST04827,2947002,home loan,7.88,24,ONGOING,0.01
LOAN003956,CUST05069,1152398,business loan,11.94,120,CLOSED,0.0
LOAN001858,CUST02950,301414,Personal,12.65,NULL,Active,0.0
LOAN003423,CUST00672,3342498,home loan,9.49,48,Default,0.99
LOAN006175,CUST04084,684372,education loan,11.64,60,DEFAULT,-0.5
LOAN009284,CUST03839,"340,116",Biz Loan,11.95,24,ongoing,0.0
LOAN011680,CUST03824,"₹2,032,374",SME Loan,13.42,12,Closed,0.02
LOAN003072,CUST02401,254355,PL,12.75,60,Current,0.61
LOAN000599,CUST02173,NULL,EDUCATION LOAN,9.89,24,Active,0.0
LOAN003948,CUST03562,389038,Car Loan,10.74,24,Active,0.0
LOAN000224,CUST00587,908309,home loan,9.92,180,Paid,0.0
LOAN009631,CUST00587,1415396,Mortgage,10.26,24,ONGOING,0.01
LOAN006475,CUST05328,326820,Vehicle Loan,10.98,120,ONGOING,#N/A
LOAN003318,CUST03677,441938,Auto Loan,10.24,60,Ongoing,0.0
LOAN000247,CUST00709,146661,Personal,14.19,24,ONGOING,0.0
LOAN008352,CUST05257,720815,Student Loan,10.02,48,default,0.99
LOAN008749,CUST00843,4346587,HOME LOAN,8.37,120,Closed,0.0
LOAN009785,CUST05347,1711899,business loan,13.31,180,ongoing,0.0
LOAN011882,CUST03824,4437030,HOME LOAN,9.49,84,ongoing,0.01
LOAN010811,CUST03824, ,PERSONAL LOAN,13.9,48,Paid,0.0
LOAN006536,CUST05347,"₹88,815",Personal Loan,14.21,120,Closed,0.0
LOAN000600,CUST05069,984848,CAR LOAN,9.28, ,paid,0.0
LOAN004083,CUST02663,314584,personal loan,11.53,36,CLOSED,0.78
LOAN007699,CUST04084,303221,Education Loan,10.13,120,active,0.0
LOAN006442,CUST05823,467987,PERSONAL LOAN,13.95,,Paid,0.0
LOAN004307,CUST03189,4325185,Home Loan,7.28,NULL,Ongoing,0.01
LOAN009413,CUST01025,4911021,Home Loan,8.92,12,Active,0.05
LOAN005712,CUST05436,"348,397",Car Loan,10.26,24,NULL,0.0
LOAN002787,CUST05069,1937143,Biz Loan,11.04,180,CLOSED,0.0
LOAN005328,CUST02173,280186,Personal Loan,13.23,240,Paid,0.0
LOAN005266,CUST05707,1221914,Mortgage,9.82,60,ONGOING,0.0
LOAN010436,CUST03677,2136139,HOME LOAN,8.9,84,Current,0.0
LOAN000833,CUST04827,nan,Mortgage,9.8,60,active,0.0
LOAN004084,CUST03222,267645,Vehicle Loan,N/A,36,PAID,0.0
LOAN010808,CUST01901,384555,business loan,12.1,36,Closed,0.0
LOAN006820,CUST03839,275575,Personal,13.94,24,Active,N/A
LOAN008896,CUST02933,794963,EDUCATION LOAN,nan,60,ACTIVE,0.0
LOAN005006,CUST00587,330169,Auto Loan,11.48,120,Open,0.0
LOAN007868,CUST00552,236401,PERSONAL LOAN,13.62,84,CLOSED,0.0
LOAN003699,CUST04966,2128826,Housing Loan,9.65,36,Bad Debt, 
LOAN003463,CUST02933,140564,PL,12.99,NULL,Paid Off,0.0
LOAN009189,CUST04084,2388807,business loan,12.87,48,default,0.01
LOAN009527,CUST03562,"201,031",Personal,14.51,36,ACTIVE,0.0
LOAN002186,CUST04599,1435413,CAR LOAN,9.76,36,ongoing,0.0
LOAN001776,CUST00552,1239424,CAR LOAN,10.76,84,Ongoing,NULL
LOAN001258,CUST03280,367324,Personal Loan,nan,48, ,0.0
LOAN001213,CUST00709,424948,personal loan,12.97,240,paid,0.0
LOAN008332,CUST01500,209442,Personal Loan,11.64,48,Paid Off,0.0
LOAN006084,CUST02643,1718316,HOME LOAN,8.47,12,#N/A,0.02
LOAN010893,CUST01140,941882,Housing Loan,8.32,24,Closed,99
LOAN011223,CUST02643,2577846,Home Loan,7.83,36,Current, 
LOAN011573,CUST03839,114611,PL,0,48,ACTIVE,0.0
LOAN003704,CUST00552,2225064,BUSINESS LOAN,12.38,120,ongoing,0.0
LOAN006323,CUST02933,164585,personal loan,13.86,120,active,0.0
LOAN003888,CUST04270,179751,education loan,9.34,120,Bad Debt,0.0
LOAN008183,CUST00381,NULL,Edu Loan,75,240,paid,0.2
LOAN009319,CUST00843,1193204,SME Loan,10.62,48,active,0.0
LOAN001970,CUST01281,371255,CAR LOAN,9.9,84,Ongoing,0.0
LOAN008986,CUST00090,716280,EDUCATION LOAN,9.37,120,ACTIVE,0.0
LOAN005074,CUST01475,2013391,SME Loan,13.42,24,default,0.99
LOAN007818,CUST03280,427313,car loan,11.48,120,paid,0.0
LOAN009663,CUST00709,3377940,HOME LOAN,8.94,24,Active,0.02
LOAN008820,CUST00843,206577,Personal,11.9,120,Paid Off,0.0
LOAN004279,CUST03903,768911,#N/A,9.94,12,CLOSED,0.99
LOAN001745,CUST01795,111606,PL,14.32,12,Fully Paid,0.92
LOAN005238,CUST04628,Unknown,business loan,11.77,180,Open,0.0
LOAN010554,CUST01901,162955,Personal,12.5,24,ACTIVE,0.0
LOAN011353,CUST03280,1473404,car loan,11.19,48,ongoing,0.0
LOAN002173,CUST03562,2510070,nan,14.28,36,CLOSED,0.01
LOAN011892,CUST03824,411138,personal loan,15.05,180,PAID,0.0
LOAN001682,CUST03222,284097,PL,14.58,180,Active,0.0
LOAN003450,CUST03371,442971,Personal Loan,14.74,48,Bad Debt,0.78
LOAN007935,CUST05707,"111,673",personal loan,14.39,60,Active,0.0
LOAN001988,CUST03280,309451,SME Loan,12.46,24,ACTIVE,0.0
LOAN011325,CUST04827,392121,Edu Loan,9.73,180,CLOSED,0.0
LOAN004874,CUST04084,486747,PERSONAL LOAN,15.12,24,Current,0.0
LOAN008603,CUST04270,259969,education loan,9.55,60,active,0.0
LOAN009968,CUST05706,141419,nan,13.64,36,Charged Off,nan
LOAN010868,CUST03839,378702,Personal,13.95,60,ACTIVE,N/A
LOAN004651,CUST01281,3880892,Housing Loan,8.37,180,Closed,0.0
LOAN006751,CUST03189,153992,Personal Loan,12.5,120,active,0.0
LOAN010912,NULL,72885,Personal Loan,14.54,120,Active,0.0
LOAN009999,CUST01281,1244478,business loan,13.31,60,Paid,0.0
LOAN007097,CUST00247,334363,Personal,13.56,120,Open,0.0
LOAN007299,CUST04827,1106831,Housing Loan,9.03,84,paid,0.0
LOAN005032,CUST04599,"333,946",Education Loan,7.85,36,Paid Off,0.0
LOAN010809,CUST03677,nan,personal loan,12.2,60,Active,0.0
LOAN010818,CUST00709,718761,Education Loan,9.67,12,ongoing,0.01
LOAN002331,CUST05120,241001,EDUCATION LOAN,9.17,180,ACTIVE,0.32
LOAN006552,CUST04600,"436,379",Biz Loan,11.31,180,Closed,0.2
LOAN008541,CUST04599,2570289,Biz Loan,11.23,24,ONGOING,0.01
LOAN007616,CUST02950,352730,personal loan,13.08,48,Paid Off,0.0
LOAN006295,CUST04628,465795,EDUCATION LOAN,9.9,120,ONGOING,nan
LOAN003110,CUST03851,2724755,HOME LOAN,9.8,24,CLOSED,0.99
LOAN008215,CUST03677,307865,Personal Loan,13.33,120,Ongoing,0.0
LOAN008423,CUST05069,448707,Personal Loan,N/A,48,Closed,#N/A
LOAN002026,CUST02643,654793,Auto Loan,10.55,48,paid,0.0
LOAN010124,CUST00090,"₹695,472",Edu Loan,10.83,180,Paid,0.0
LOAN008028,CUST00015,1460719,Vehicle Loan,17.16,#N/A,Closed,0.0
LOAN008499,CUST00587,1678207,Home Loan,9.77,12,CLOSED,0.02
LOAN009163,CUST01500,334646,personal loan,12.26,180,Closed,0.0
LOAN009576,CUST02173,1223276,HOME LOAN,8.83,120,Current,0.0
LOAN008487,CUST01901,197147,Personal,11.87,84,Open,0.0
LOAN009766,CUST03824,999999999,Vehicle Loan,10.62,24, ,0.01
LOAN006019,CUST03189,2908722,Mortgage,8.09,48,Open,0.01
LOAN009781,CUST01281,798793,Education Loan,9.58,48,ONGOING,0.0
LOAN008191,CUST03280,"2,530,839",Mortgage,9.34,240,CLOSED,0.0
LOAN002532,CUST00015,498592,Personal Loan,20.25,120,CHARGED OFF,0.0
LOAN001889,CUST01281,470182,Car Loan,10.18,12,CLOSED, 
LOAN001508,CUST04599,207529,PERSONAL LOAN,11.32,12,CLOSED,0.0
LOAN009282,CUST02950,208606,Personal Loan,12.51,84,active,0.0
LOAN000384,CUST00709,"₹508,539",SME Loan,12.55,48,active,0.0
LOAN011425,CUST00516,842281,CAR LOAN,10.76,24,Default,0.99
LOAN005307,CUST04135,455575,PL, ,240,Paid Off,0.2
LOAN002158,CUST02643,484054,PERSONAL LOAN,12.61,36,ongoing,0.0
LOAN004996,Unknown,179063,Personal,13.01,240,Unknown,0.0
LOAN011618,CUST00587,192405,PERSONAL LOAN,13.75,84,ONGOING,0.0
LOAN000173,CUST00090,387349,Personal,13.51, ,Open,0.0
LOAN002116,CUST05069,304222,PERSONAL LOAN,12.03,12,Default,0.0
LOAN003633,CUST04628,1249540,CAR LOAN,10.15,36,active,0.0
LOAN004029,CUST05436,4325990,HOME LOAN,8.0,36,CLOSED,0.01
LOAN011010,CUST01281,155687,PL,14.0,36,Ongoing,0.0
LOAN007295,CUST05436,4599223,Home Loan,7.13,48,NULL,0.01
LOAN010292,CUST00587,438321,Personal,12.9,84,Paid Off,0.0
LOAN004617,CUST00247,"₹260,477",Edu Loan,10.93,84,ACTIVE,0.0
LOAN002290,CUST05436,1295061,N/A,7.36,84,Fully Paid,0.0
LOAN009881,CUST01281,"488,091",PERSONAL LOAN,13.17,24,Ongoing,0.0
LOAN000678,CUST01025,213418,Biz Loan,12.98,84,Current,0.0
LOAN007313,CUST01500,451200,PERSONAL LOAN,11.49,84,nan,0.0
LOAN009122,CUST04779,1779876,Biz Loan,13.02,180,Closed,0.43
LOAN010391,CUST03562,2570149,Home Loan,10.82,240,Ongoing,0.0
LOAN000281,CUST04827,3753709,Mortgage,9.58,120,Paid Off,nan
LOAN007882,CUST05069,104367,Student Loan,,120,ongoing,0.0
LOAN001419,CUST01901,109405,Personal Loan,13.05,-12,Open,0.0
LOAN002215,CUST05707,2146028,Home Loan,9.23,180,ONGOING,0.0
LOAN005202,CUST00843,4298864,Mortgage,7.78,48,ACTIVE,0.01
LOAN002637,CUST03280,387004,Personal,13.38,24, ,0.0
LOAN000307,CUST04599,nan,Student Loan,8.16,48,ACTIVE,0.0
LOAN008897,CUST01500,,Vehicle Loan,10.04,240,Current,0.0
LOAN009717,NULL,,PL,15.01,Unknown,Active,0.0
LOAN007485,CUST01140,1221795,CAR LOAN,9.07,48,Fully Paid,0.0
LOAN005381,CUST02319,1269784,Car Loan,10.89,120,PAID,0.99
LOAN002282,CUST00547,2137330,Home Loan,6.9,84,Bad Debt,0.99
LOAN010815,CUST03562,2443403,Housing Loan,10.74,60,Paid,0.0
LOAN002119,CUST04270,1405764,SME Loan,11.71,84,Current,0.0
LOAN004935,CUST01500,870439,Biz Loan,11.09,120,ongoing,0.0
LOAN005142,CUST05069,1958988,Mortgage,7.35,84,Active,0.0
LOAN010668,CUST04270,300226,Personal Loan,14.07,48,Open,0.0
LOAN009425,CUST00713,3373989,Mortgage,9.47,24,CHARGED OFF,0.99
LOAN006571,CUST01768,2984857,home loan,9.59,180,Fully Paid,0.99
LOAN009388,CUST03839, ,PL,13.43,24,Paid Off,0.0
LOAN004382,CUST01901,773314,CAR LOAN,9.56,12,Closed,0.01
LOAN006134,CUST00552,"₹422,939",Personal,13.22,240,PAID,0.0
LOAN003041,CUST05176,61584,personal loan,14.04,48,active,NULL
LOAN006016,CUST05221,246720,PERSONAL LOAN,14.3,36,Ongoing,
LOAN011576,CUST05314,94572,Personal,13.24,240,Open,0.04
LOAN006834,CUST00015,1172651,Mortgage,17.2,60,Charged Off,99
LOAN008511,CUST03677,996022,HOME LOAN,7.04,36,ongoing,0.0
LOAN000739,CUST05735,331642,Personal Loan,12.54,60,CHARGED OFF,0.0
LOAN003293,CUST04055,465494,EDUCATION LOAN,11.02,#N/A,Closed,0.99
LOAN010647,CUST01901,999999999,education loan,9.46,240,active,0.0
LOAN000971,CUST04599,3250661,Mortgage,6.98,240,Ongoing,0.0
LOAN000479,CUST00587,221613,Personal Loan,14.69,48,Open,0.0
LOAN002795,CUST03122,69564,PERSONAL LOAN,11.96,12,paid,0.79
LOAN005734,CUST02643,Unknown,Home Loan,9.0,84,Open,0.0
LOAN008071,CUST03571, ,Housing Loan,9.94,48,Current,0.01
LOAN011006,CUST05823,545799,business loan,14.02,60,Ongoing,0.0
LOAN010562,CUST04245,376852,personal loan,15.79,12,Charged Off,0.99
LOAN011352,CUST05347,449387,SME Loan,13.74,36,ONGOING,0.0
LOAN011453,CUST05436,261676,Personal Loan,12.41,180,Paid,0.0
LOAN007307,CUST03677,0,Housing Loan,,48,CHARGED OFF,0.01
LOAN000428,CUST03677,4880203,home loan,8.38,120,Ongoing,-0.5
LOAN009165,CUST05436,50872,Personal Loan,12.24,48,active,0.0
LOAN006408,CUST05882,642533,Car Loan,9.87,48,Paid Off,0.99
LOAN003789,CUST03189,1392887,HOME LOAN,7.93,24,Current,0.01
LOAN003093,CUST02643,339956,Car Loan,9.83,84,Paid Off,0.0
LOAN005733,CUST02173,397067,PL,13.8,48,Ongoing,0.0
LOAN001028,CUST01281,187092,Personal,13.32,60,ONGOING,nan
LOAN003606,CUST02950,451023,education loan,9.89,48,Ongoing,0.0
LOAN001820,CUST05436,213232,Education Loan,8.29,84,active,0.0
LOAN007095,CUST00247,569731,Education Loan,10.22,120,active,0.0
LOAN007975,CUST01500,55533,personal loan,12.88,240,PAID,0.0
LOAN010729,CUST02173,3848877,HOME LOAN,8.35,N/A,ongoing,0.01
LOAN002118,CUST00090,864084,CAR LOAN,10.63,36,PAID,0.0
LOAN003922,CUST00015,241567,Personal,20.5,240,Paid Off,0.0
LOAN009758,CUST02643,272166,N/A,9.84,84,Ongoing,0.0
LOAN004467, ,480128,Vehicle Loan,10.1,24,Open,0.0
LOAN009135,CUST00247,4572077,HOME LOAN,8.01,24,Current,0.02
LOAN011608,CUST02173,"1,404,168",Auto Loan,9.49,12,Fully Paid,0.01
LOAN008833,CUST02950,"₹221,565",Personal Loan,12.06,120,Ongoing,0.0
LOAN010915,CUST05823,518280,Biz Loan,13.51,36,ACTIVE,0.0
LOAN006177,CUST04084,468950,PL,14.72,240,Closed,0.0
LOAN005745,CUST03222,131522,Unknown,9.57,240,Fully Paid,0.0
LOAN006375,CUST05436,424197,Personal Loan,11.58,12,Current,0.0
LOAN010031,CUST04084,748437,Edu Loan,11.12,12,ongoing,0.01
LOAN006996,CUST05355,719889,Student Loan,0,180,DEFAULT,0.6
LOAN007788,CUST05735,"₹69,315",Personal,12.58,24,Closed,0.0
LOAN008337,CUST00843,767874,Biz Loan,10.86,120,N/A,0.0
LOAN004860,CUST05328,785700,education loan,11.04,36,Closed,0.0
LOAN006566,CUST05740,1913235,Biz Loan,12.16,36,Paid,0.99
LOAN007756,CUST05729,3893021,Mortgage,8.53,36,default,0.99
LOAN002003,CUST04628,Unknown,PERSONAL LOAN,13.46,48,Active,0.0
LOAN009871,CUST03824,91763,PL,14.75,36,Paid Off,0.0
LOAN009885,CUST03222,"₹170,923",Personal,14.35,36,Open,0.0
LOAN004293,CUST00552,"₹678,113",home loan,9.4,12,Open,0.01
LOAN002741,CUST00709,388310,personal loan,14.34, ,ongoing,0.0
LOAN009969,CUST05347,255289,Biz Loan,13.16,12,ACTIVE,0.0
LOAN010610,CUST05135,778669,SME Loan,12.44,84,Closed,0.39
LOAN007481,CUST05328,"2,903,005",Biz Loan,12.39,24,active,0.01
LOAN004507,CUST03280,4023593,Housing Loan,10.02,84,active,0.01
LOAN002488,CUST05436,491305,Car Loan,8.86,48,Closed,0.0
LOAN010515,CUST04270,3655668,Mortgage,9.18,60,paid,0.01
LOAN011755,CUST01140,488309,CAR LOAN,9.83,12,Current,0.0
LOAN002193,CUST00247,"364,715",Personal,13.19,180,PAID,0.0
LOAN000108,CUST04599,119519,PERSONAL LOAN,11.83,180,ongoing,0.0
LOAN001053,CUST03222,2806372,SME Loan,11.87,24,Current,
LOAN008771,CUST02643,805470,nan,9.56,48,Closed,0.0
LOAN001394,CUST00015,2603139,HOME LOAN,16.06,60,Fully Paid,0.01
LOAN011198,CUST05823,1390354,Housing Loan,10.14,12,Open,nan
LOAN009034,CUST04827,244931,Car Loan,9.54,48,PAID,0.0
LOAN008124,CUST05436,"584,787",Vehicle Loan,9.83,84,Current,0.0
LOAN002301,CUST02950,4526093,Home Loan,8.94,48,Active,0.01
LOAN009397,CUST05069,390587,Personal,11.22,48,paid,0.0
LOAN005805,CUST02643,248010,Personal Loan,13.02,60,paid,0.0
LOAN003737,CUST04047,241463,Personal Loan,13.47,60,Current,0.18
LOAN002779,CUST01025,4977927,Housing Loan,9.22,24,ONGOING,0.02
LOAN003595,CUST04827,969019,business loan,11.98,36,ONGOING,0.0
LOAN009116,CUST00090,2385364,Biz Loan,13.43,NULL,Paid,nan
LOAN008530,CUST02933,3203176,Housing Loan,9.01,24,Active,0.02
LOAN004752,CUST05333,2832863,Biz Loan,10.77,240,PAID,0.99
LOAN004379,CUST00843,1134766,Auto Loan,9.33,NULL,Paid,0.0
LOAN011616,CUST05735,"₹276,070",Personal,13.01,0,Current,-0.5
LOAN011786,CUST02643,192444,PL,13.91,240,Ongoing,0.0
LOAN002586,CUST03087,181105,Education Loan,11.66,120,Defaulted,0.41
LOAN009423,CUST00709,468914,personal loan,12.83,36,Current,0.0
LOAN010261,CUST01901,384467,Personal,13.39,N/A,Paid,0.0
LOAN005705,CUST03571,4482613,Housing Loan,8.31,24,PAID,0.02
LOAN010532,CUST05823,2165220,BUSINESS LOAN,12.83,36,Open,0.01
LOAN002373,CUST03280,746227,Vehicle Loan,10.7,36,Current,0.0
LOAN011340,CUST01500,1207863,HOME LOAN,7.64,120,CLOSED,0.0
LOAN000761,CUST00654,472982,Student Loan,10.28,12,Closed,0.99
LOAN010469,CUST03571,488581,PERSONAL LOAN,13.87,12,ONGOING,0.0
LOAN004772,CUST03839,482073,PL,13.12,48,Open,0.0
LOAN003752,CUST00015,498417,PL,21.17,120,CHARGED OFF,0.0
LOAN006373,CUST05707,1575457,Mortgage,10.06,180,ACTIVE,0.0
LOAN010064,CUST01140,481195,education loan,8.48,180,Current,0.0
LOAN009176,CUST02933,104052,EDUCATION LOAN,9.49,24,Paid Off,0.0
LOAN009402,CUST01025,nan,Business Loan,11.51,60,ONGOING,0.0
LOAN011390,CUST02643,NULL,Personal,13.62,60,Fully Paid,0.0
LOAN002713,CUST05735,338613,PERSONAL LOAN,-5,12,Defaulted,0.0
LOAN007874,CUST03839,349252,Edu Loan,Unknown,240,Paid Off,99
LOAN009327,CUST00247,3525601,nan,9.17,180,active,0.0
LOAN002614,CUST05707,326600,Vehicle Loan,10.76,120,CLOSED,0.0
LOAN008747,CUST02643,769550,Mortgage,9.16,12,paid,0.01
LOAN002157,,2443347,Mortgage,8.66,24,Active,0.01
LOAN010900,CUST00355,281206,EDUCATION LOAN,11.15,24,CHARGED OFF,0.99
LOAN005825,CUST00015,1248462,CAR LOAN,17.75,84,CHARGED OFF,0.0
LOAN004158,CUST00090,474518,education loan,9.33,48,ongoing,0.0
LOAN000045,CUST04097,"₹220,740",Education Loan,9.52,84,Charged Off,0.21
LOAN009828,CUST00247,3402445,home loan,9.8,nan,active,0.0
LOAN000976,CUST05328,417466,Car Loan,10.87,24,Open,0.0
LOAN000442,CUST02933,nan,SME Loan,12.01,24,Paid Off,0.01
LOAN001101,CUST03571,1541225,HOME LOAN,8.19,180,active,0.0
LOAN008239,CUST01025,287660,CAR LOAN,9.86,180,CLOSED,0.0
LOAN007251,CUST01901,3000000,Housing Loan,7.91,180,ONGOING,0.0
LOAN011197,CUST00709,"419,529",Personal,13.21,48,Paid,0.0
LOAN003719,CUST04827,2690496,Business Loan,11.58,240,nan,0.0
LOAN007382,NULL,"₹899,296",BUSINESS LOAN,12.16,24,Current,0.0
LOAN009105,CUST02933,1220929,home loan,7.65,48,CLOSED,0.0
LOAN002310,CUST04628,616022,Auto Loan,9.79,240,Current,0.0
LOAN010972,CUST04628,3395286,home loan,9.54,24,Active,0.02
LOAN006237,CUST02933,1215592,Business Loan,12.08,36,paid,0.0
LOAN002132,CUST02933,"₹1,713,917",N/A,8.49,24,Closed,0.01
LOAN007346,CUST00090,587606,Car Loan,NULL,240,Ongoing,0.0
LOAN003210,CUST02173,1877167,SME Loan,11.9,24,Fully Paid,0.01
LOAN001008,CUST02204,1076911,Business Loan,13.72,60,CHARGED OFF,0.99
LOAN005378,CUST05328,1186518,Car Loan,10.85,24,Paid Off,0.01
LOAN010812,CUST01025,203800,Personal,12.98,12,Ongoing,0.0
LOAN002757,CUST05069,"₹445,385",PL,11.55,120,CLOSED,0.0
LOAN005314,CUST04599,380374,PERSONAL LOAN,13.25,36,Open,0.0
LOAN010947,CUST03562,1024267,Biz Loan,13.29,84,Closed,0.0
LOAN008689,CUST04827,4610687,Home Loan,7.88,36,Current,0.02
LOAN007953,CUST00247,235104,PERSONAL LOAN,13.42,60,ACTIVE,0.0
LOAN004435,CUST04470,445151,education loan,10.07,120,Paid,0.33
LOAN006345,CUST02643,4361576,Housing Loan,8.84,36,PAID,0.01
LOAN010051,CUST03189,"560,423",Education Loan,9.14,180,CLOSED,0.0
LOAN005290,CUST03983,1962477,Biz Loan,nan,60,Closed,0.99
LOAN005157,CUST02582,1060525,Car Loan,11.01,60,DEFAULT,0.99
LOAN008273,CUST04827,1412741,Vehicle Loan,10.34,60,ongoing,0.0
LOAN003263,CUST03562,582949,Business Loan,13.75,120,Current,0.0
LOAN011482,CUST01157,1280606,Auto Loan,10.07,48,PAID,0.99
LOAN002403,CUST00552,281649,EDUCATION LOAN,9.94,36,active,0.0
LOAN009290,CUST04714,202789,personal loan,12.39,12,Open,0.99
LOAN008134,CUST02643,384237,Business Loan,11.53,84,Open,0.0
LOAN008380,CUST02173,172903,Edu Loan,9.64,180,CLOSED,0.0
LOAN005480,CUST02548,NULL,Business Loan,11.94,180,#N/A,0.99
LOAN005549,CUST03824,4818208,HOME LOAN,10.42,180,paid,0.0
LOAN010933,CUST05328,664132,Car Loan,11.09,240,Current,0.0
LOAN000862,CUST05004,1684240,SME Loan,13.05,48,Defaulted,0.99
LOAN008190,CUST00247,918405,Auto Loan,11.06,180,Closed,0.0
LOAN000782,CUST04084,4108742,home loan,10.75,12,CLOSED,nan
LOAN008311,,380011,Vehicle Loan,10.58,36,active,0.0
LOAN011332,CUST05735,608800,CAR LOAN,10.74,180,Paid Off,0.0
LOAN008935,CUST00090,1473472,Car Loan,10.56,12,Open,0.01
LOAN008363,CUST01281,4315757,HOME LOAN,8.61,24,Fully Paid,0.02
LOAN008117,CUST02950,2549811,Biz Loan,12.82,240,Open,0.0
LOAN008893,CUST00450,338235,Personal,12.27,84,ongoing,0.97
LOAN009929,CUST00587,905064,HOME LOAN,9.51,180,active,0.0
LOAN006648,CUST03677,3916778,Mortgage,7.46,60,ACTIVE,0.01
LOAN010896,CUST00552,1073745,Auto Loan,9.88,48,Current,0.0
LOAN006377,CUST02933,416120,Personal,12.74,180,ACTIVE,0.0
LOAN003140,CUST02173,404096,Personal,12.54,12,Fully Paid,0.0
LOAN002781,CUST04628,4765050,Mortgage,8.36,120,paid,0.0
LOAN010196,CUST04827,1844430,Home Loan,8.33,84,ACTIVE,0.0
LOAN001465,CUST04270,3040266,HOME LOAN,10.13,120,paid,0.0
LOAN007211,CUST01140,1779748,Mortgage,6.79,120,Paid Off,0.0
LOAN003614,CUST05735,985051,Car Loan,10.78,12,Ongoing,N/A
LOAN009147,CUST02933,4899554,Mortgage,8.13,120,ACTIVE,
LOAN004548,CUST04484,204840,Personal Loan,14.28,48,ongoing,0.38
LOAN007908,CUST04436,379371,PERSONAL LOAN,13.12,180,Ongoing,0.14
LOAN009403,CUST04270,3803806,HOME LOAN,9.31,60,active,0.01
LOAN011511,CUST05823, ,Housing Loan,10.6,36,active,0.01
LOAN005919,CUST00552,2868269,Mortgage,9.15,60,ongoing,0.01
LOAN009715,CUST03562,211221,car loan,11.35,180,Closed,0.0
LOAN007473,CUST04827,4671905,Housing Loan,8.68,48,Current,0.01
LOAN008264,CUST03839,,BUSINESS LOAN,12.86,60,Fully Paid,0.01
LOAN007262,CUST03280,2569157,Mortgage,8.58,36,Current,0.01
LOAN003706,CUST00015,170314,personal loan,20.94,240,default,0.0
LOAN001080,CUST04689,1138743,Auto Loan,10.09,12,Paid Off,0.99
LOAN005998,CUST01500,"150,259",Personal,11.68,240,ACTIVE,0.0
LOAN000033,CUST05347,333259,NULL,13.4,12,Current,0.0
LOAN003054,CUST03280,115688,Student Loan,10.48,48,ONGOING,-0.5
LOAN000861,CUST02933,"₹153,079",Personal,13.95,48,ONGOING,0.0
LOAN007649,CUST05069,2426547,Housing Loan,6.71,48,Fully Paid, 
LOAN001216,CUST02862,1157499,home loan, ,180,Paid Off,0.99
LOAN007904,CUST02643,"1,157,963",Business Loan,12.73,60,CLOSED,0.0
LOAN007749,CUST00090,4313972,Mortgage,9.77,-12,Paid,0.01
LOAN001487,CUST00090,"1,016,575",Auto Loan,9.84,36,paid,0.0
LOAN008217,CUST02643,4744525,HOME LOAN,9.0,0,Paid Off,0.02
LOAN001679,CUST04270,1134852,Vehicle Loan,10.97,180,paid,0.0
LOAN005056,CUST05436,88334,PERSONAL LOAN,13.12,60,active,0.0
LOAN004388,CUST03361,"₹2,632,305",SME Loan,11.34,36,Fully Paid,0.99
LOAN009117,CUST02933,167306,Personal Loan,13.51,48,Paid Off,0.0
LOAN003736,CUST03824,"₹3,211,237",,9.22,24,Closed,0.02
LOAN003516,CUST00587,3469619,home loan,9.82,24,Ongoing,0.02
LOAN005911,CUST05069,-1000,home loan,8.44,24,Current,0.0
LOAN001039,CUST05328,446573,CAR LOAN,10.75,600,Current,0.0
LOAN003047,CUST02643,"₹4,159,739",HOME LOAN,8.61,24,CLOSED,0.02
LOAN010618,CUST05347,869830,Vehicle Loan,10.51,24,#N/A,0.0
LOAN007441,CUST04599,211337,Personal,11.5,12,Paid Off,0.0
LOAN005486,CUST02933,"₹1,307,862",car loan,9.6,24,Open,0.01
LOAN009496,CUST00247,#N/A,Personal,14.07,24,Paid Off,0.0
LOAN011817,CUST00015,nan,home loan,0,48,ACTIVE,2.5
LOAN008553,CUST05735,"208,856",Personal,12.79,12,Current,0.0
LOAN007226,CUST01281,520410,Car Loan,11.42,180,paid,0.0
LOAN002799,CUST01901,2383924,Housing Loan,8.14,24,Open,0.01
LOAN005645,CUST04628,249056,Education Loan,9.1,#N/A,Ongoing,0.0
LOAN007291,CUST05823,4767738,Housing Loan,8.98,24,Fully Paid,0.02
LOAN005993,CUST03571,Unknown,Home Loan,9.4,36,Open,0.01
LOAN007551,CUST00090,1116234,HOME LOAN,9.2,24,active,0.01
LOAN009705,CUST03222,1553616,Home Loan,8.26,240,ACTIVE,0.0
LOAN003522,CUST04628,435746,PERSONAL LOAN,12.99,36,ongoing,0.0
LOAN000936,CUST03571,209061,PERSONAL LOAN,13.27,24,ongoing,0.0
LOAN001470,CUST02821,267746,PERSONAL LOAN,13.45,120,ongoing,0.53
LOAN001696,CUST01901,964288,car loan,8.75,180,PAID,0.0
LOAN004431,CUST03839,440913,Personal Loan,13.64,48,active,0.0
LOAN004622,CUST00587,785686,Vehicle Loan,9.9,12,Current,0.01
LOAN000023,CUST04057,2098031,business loan,13.27,180,Fully Paid,0.99
LOAN009578,CUST00552,451418,PL,13.23,84,CLOSED,0.0
LOAN008590,CUST05735,1139142,Auto Loan,9.42,60,active,#N/A
LOAN000261,CUST00709,4255387,Housing Loan,9.19,240,Active,0.0
LOAN008042,CUST03802,2298634,home loan,9.32,36,DEFAULT,0.99
LOAN005970,CUST00015,0,SME Loan,19.15,24,CHARGED OFF,0.01
LOAN001237,CUST00709,2845429,BUSINESS LOAN,11.75,240,Open,0.0
LOAN008855,CUST03280,"67,931",personal loan,14.06,240,Paid Off,0.0
LOAN003315,CUST03280,89488,Personal,14.19,12,Open,#N/A
LOAN001661,CUST03677,195768,PL,12.79,180,Fully Paid,0.0
LOAN003303,CUST03189,56785,PL,13.45,120,Active,0.0
LOAN003040,CUST00933,2237948,Home Loan,8.35,60,Defaulted,0.99
LOAN005519,CUST04599,471314,PERSONAL LOAN,13.08,36,Active,0.0
LOAN010694,CUST00709,165503,Student Loan,9.47,48,paid,0.0
LOAN009106,CUST00709,867936,CAR LOAN,9.65,240,Ongoing,0.0
LOAN007269,CUST02643,1464345,Car Loan,9.98,180,Current,-0.5
LOAN011905,CUST04628,3304726,Home Loan,nan,nan,ONGOING,0.0
LOAN000122,CUST01281,68437,PL,14.66,84,,0.0
LOAN002560,CUST01901,878115,car loan,10.11,120,Closed,0.0
LOAN011437,CUST05589,2220786,Biz Loan,11.55,84,Charged Off,0.99
LOAN006173,CUST02643,650607,Auto Loan,11.04,60,ongoing,0.0
LOAN006884,CUST01901,432462,personal loan,12.19,120,Ongoing,0.0
LOAN005444,CUST01140,1606839,Mortgage,8.13,180,active,0.0
LOAN006438,CUST01901,2624868,business loan,11.34,180,Active,0.0
LOAN001469,Unknown,292934,personal loan,12.9,180,ONGOING,0.0
LOAN010770,CUST03839,3057172,HOME LOAN,8.95,60,ACTIVE,0.01
LOAN011912,CUST05436,108229,personal loan,12.56,84,Active,0.0
LOAN003517,CUST03839,2073071,business loan,12.61,84,Paid Off,0.0
LOAN009937,CUST02173,1193612,Auto Loan,10.64,48,Ongoing,0.0
LOAN006124,CUST00843,142730,Personal,13.53,240,ACTIVE,0.0
LOAN007718,CUST05823,999999999,Vehicle Loan,11.36,48,Defaulted,0.0
LOAN003655,CUST03562,1262899,Auto Loan,11.15,36,Fully Paid,0.0
LOAN011929,CUST01500,3415263,HOME LOAN,8.31,120,PAID,0.0
LOAN000642,CUST03222,4989706,Housing Loan,9.3,N/A,ongoing,0.01
LOAN008738,CUST00587,248239,PERSONAL LOAN,13.1,120,Paid,0.0
LOAN009546,CUST02950,885424,car loan,10.8,84,ongoing,0.0
LOAN002764,CUST00709,472206,Personal,12.39,60,Active,0.0
LOAN009132,CUST00552,"₹334,729",Personal Loan,13.37,84,ONGOING,0.0
LOAN009566,CUST04628,1146927,CAR LOAN,10.01,240,PAID,0.0
LOAN006787,CUST05069,302514,PERSONAL LOAN,11.37,84,Paid Off,0.0
LOAN010753,CUST04827,3383961,Mortgage,8.51,48,Fully Paid,0.01
LOAN005651,CUST05823,450599,PL, ,60,ACTIVE,0.0
LOAN005735,CUST05436,80129,Personal Loan,13.58,180,paid,0.0
LOAN007623,CUST01140,271496,Personal,11.91,12,ONGOING,0.0
LOAN011802,CUST01281,422798,personal loan,#N/A,36,Fully Paid,0.0
LOAN005294,CUST00247,442764,Business Loan,12.43,180,active,0.0
LOAN009062,CUST04270,363193,Personal,14.17,60,ONGOING,0.0
LOAN010624,CUST04270, ,Mortgage,8.71,120,PAID,0.0
LOAN002496,CUST04599,264195,personal loan,12.64,84,ONGOING,0.0
LOAN002339,CUST05069,4415133,HOME LOAN,7.85,24,nan,0.02
LOAN003525,CUST03839,638914,Edu Loan,9.03,48,Current,0.0
LOAN001125,CUST01901,2380913,Biz Loan,10.86,120,Open,Unknown
LOAN011539,CUST04270,999999999,Home Loan,9.4,48,Active,0.01
LOAN003929,CUST05735,4598816,HOME LOAN,7.37,180,Paid Off,NULL
LOAN002692,CUST02950,"₹384,765",Vehicle Loan,10.04,84,Open,0.0
LOAN007375,CUST00247,2839332,Unknown,13.23,12,Open,0.03
LOAN011046,CUST00843,383874,Personal,13.0,12,Current,0.0
LOAN005017,CUST00090,633083,HOME LOAN,9.27,120,Closed,0.0
LOAN004284,CUST03677,N/A, ,8.38,12,ONGOING,0.03
LOAN004498,CUST03844,290733,personal loan,14.28,48,default,0.6
LOAN000656,CUST03222,4679232,Home Loan,10.01,48,ongoing,0.01
LOAN004035,CUST00843,181924,NULL,11.56,NULL,active,0.0
LOAN009477,CUST03562,317499,car loan,75,84,Open,0.0
LOAN001838,CUST05347,631640,Car Loan,10.88,12,Active,0.01
LOAN009444,CUST04492,603269,Vehicle Loan,,48,Paid Off,0.99
LOAN009012,CUST00587,1446552,car loan,11.34,24,Open,0.01
LOAN011141,CUST05707,926108,Auto Loan,10.44,240,Active,0.0
LOAN010677,CUST05701,999999999,Auto Loan,9.91,36,CLOSED,0.99
LOAN001301,CUST00073,750758,Edu Loan,10.03,180,Paid Off,0.17
LOAN009426,CUST02950,471252,NULL,13.47,24,Paid,0.0
LOAN000101,CUST04270,3389511,HOME LOAN,9.78,240,paid,0.0
LOAN010226,CUST05328,2269719,Business Loan,12.12,24,Active,0.01
LOAN008505,CUST00587,2774886,business loan,12.91,120,CLOSED,99
LOAN007396,CUST05069,2605960,Home Loan,7.84,84,Ongoing,0.0
LOAN004236,CUST01025,527556,Car Loan,10.25,12,Current,0.01
LOAN001695,CUST01500,1018476,business loan,11.48,12,,0.01
LOAN001351,CUST00709,NULL,PL,12.52,36,ongoing,0.0
LOAN011990,CUST01747,"₹335,860",Personal,11.95,120,Paid Off,0.23
LOAN008368,CUST03562,189199,Personal,15.05,60,ONGOING,0.0
LOAN009771,CUST01025,3483475,Housing Loan,8.3,48,PAID,0.01
LOAN005848,CUST02933,NULL,PL,13.4,84,Current,0.0
LOAN003177,CUST03571,541008,BUSINESS LOAN,11.87,24,Active,0.0
LOAN001746,CUST00247,1351369,Business Loan,75,12,Paid Off,0.01
LOAN003252,CUST04689,1477286,Car Loan,10.46,12,Bad Debt,0.99
LOAN001281,CUST01802,2030492,home loan,6.68,84,DEFAULT,0.99
LOAN009612,CUST02933,617953,Vehicle Loan,10.23,48,paid,0.0
LOAN004866,CUST02950,3384935,home loan,8.95,36,ongoing,0.01
LOAN004116,CUST05347,361276,Personal,14.69,48,ongoing,0.0
LOAN002170,CUST03000,"₹345,740",Auto Loan,10.57,12,Paid,-0.5
LOAN010764,CUST00552,nan,home loan,9.19,48,active,0.01
LOAN004596,N/A,709506,Biz Loan,19.95,24,Fully Paid,NULL
LOAN002484,CUST01140,1986172,SME Loan,11.66,180,PAID,0.0
LOAN000998,CUST01025,#N/A,Home Loan,8.55,36,ONGOING,0.02
LOAN010743,CUST05328,304669,Personal,N/A,240,ongoing,NULL
LOAN003236,CUST05328,663834,car loan,10.63,N/A,active, 
LOAN011200,CUST03677,1609336,home loan,7.34,84,Open,0.0
LOAN009393,CUST00709,683843,Auto Loan,10.14,84,Current,0.0
LOAN004662,CUST02173,345193,Education Loan,10.48,84,Paid,0.0
LOAN002309,CUST05823,828973,BUSINESS LOAN,12.83,180,Ongoing,0.0
LOAN011902,CUST05707,176651,Personal Loan,15.28,84,ACTIVE,0.0
LOAN005070,CUST02791,1431650,car loan,10.58,84,CHARGED OFF,0.99
LOAN004712,CUST00552,1938084,business loan,12.45,84,Current,0.0
LOAN006892,CUST03222,,personal loan,13.19,12,ONGOING,0.0
LOAN010020,CUST05469,N/A,personal loan,13.29,12,CHARGED OFF,0.99
LOAN010678,CUST02950,229467,Personal,,12,Open,0.0
LOAN004661,CUST02643,651277,CAR LOAN,9.47,60,Fully Paid,0.0
LOAN011435,CUST05069,396922,PERSONAL LOAN,Unknown,48,Open,0.0
LOAN005279,CUST02643,"1,415,384",Auto Loan,9.73,84,Active,0.0
LOAN006159,CUST05436,659571,Car Loan,8.62,240,Current,0.0
LOAN011804,CUST00090,1234613,Home Loan,8.4,12,ongoing,0.01
LOAN004969,CUST01025,3541145,Home Loan,8.4,48,CLOSED,0.01
LOAN004231,CUST02950,2054897,home loan,9.21,48,CLOSED,0.01
LOAN000778,CUST03824,381224,Car Loan,11.61,60,CLOSED,0.0
LOAN011639,CUST02643,4287616,home loan,9.27,120,#N/A,0.0
LOAN000639,CUST03222,1098847,CAR LOAN,11.33,180,Fully Paid,0.0
LOAN004698,CUST00587,1542132,HOME LOAN,,36,Paid Off,0.01
LOAN002768,CUST03562,458401,personal loan,15.21,120,ongoing,0.0
LOAN010023,CUST00090,269500,PL,13.54,240,Open,0.0
LOAN005891,CUST02933,137829,personal loan,12.49,24,CLOSED,0.0
LOAN001088,CUST03222,315452,PERSONAL LOAN,13.19,12,active,0.0
LOAN006534,CUST00552,#N/A,Mortgage, ,24,Current,0.02
LOAN000349,CUST04084,434685,PERSONAL LOAN,14.27,120,ongoing,0.0
LOAN008555,#N/A,522244,Car Loan,9.92,60,ONGOING,0.0
LOAN002295,CUST04059,#N/A,Personal Loan,20.91,240,Paid,0.11
LOAN009944,CUST03562,539989,Vehicle Loan,11.91,120,Open,0.0
LOAN003195,CUST00709,2265069,Business Loan,12.2, ,Paid,0.02
LOAN006051,CUST05069,2005030,Business Loan,10.99,240,ongoing,0.0
LOAN004371,CUST04084,3341989,Home Loan,10.19,36,ACTIVE,0.01
LOAN011963,CUST01901,0,Personal Loan,12.84,60,Open,0.0
LOAN003091,CUST00247,339763,PERSONAL LOAN,13.58,12,ONGOING,0.0
LOAN007005,CUST01281,1248413,CAR LOAN,11.22,120,Paid,0.0
LOAN003847,CUST00587,-1000,SME Loan,11.8,Unknown,ongoing,0.01
LOAN008401,CUST00709,3934832,Housing Loan,9.46,60,paid,0.01
LOAN010616,CUST05823,3464450,home loan,10.52,60,Open,0.01
LOAN002534,CUST00843,3309845,HOME LOAN,9.03,36,CLOSED,#N/A
LOAN002161,NULL,4911343,Housing Loan,8.88,60,Current,0.01
LOAN010637,CUST00015,0,Personal Loan,21.97,180,DEFAULT,0.0
LOAN011840,CUST01372,1392439,Car Loan,11.32,84,Defaulted,0.99
LOAN000345,CUST00843,4807714,home loan,8.49,36,Ongoing,0.02
LOAN006057,CUST05069,2123415,HOME LOAN,7.75,60,ONGOING,0.0
LOAN002325,CUST03562,3010383,Home Loan,9.93,12,Current,2.5
LOAN011568,CUST01025,229665,Personal Loan,12.86,60,Active,0.0
LOAN002361,CUST03571,221953,Student Loan,9.95,48,paid,0.0
LOAN008004,CUST04628,478657,car loan,10.81,240,Bad Debt,0.0
LOAN007890,CUST03280,481296,business loan,12.03,0,active,0.0
LOAN011527,CUST00587,105247,Education Loan,10.16,36,ongoing,0.0
LOAN006510,CUST05735,1828441,Home Loan,7.97,12,Paid,0.02
LOAN000822,CUST05707,1772248,home loan,10.14,120,PAID,0.0
LOAN007807,CUST00015,379158,Personal,20.57,12,CHARGED OFF,0.0
LOAN011309,CUST05328,1209874,Auto Loan,10.58,12,Active,0.01
LOAN008177,CUST05823,1428710,Car Loan, ,60,paid,0.0
LOAN004512,CUST01500,491841,PL,11.58,Unknown,CLOSED,0.0
LOAN000055,CUST05069,237976,personal loan,11.68,12,Open,0.0
LOAN009330,CUST02173,210538,Personal Loan,14.12,36,active,0.0
LOAN006963,CUST05735,1168488,Auto Loan,10.59,240,ONGOING,0.0
LOAN008619,CUST03111,204443,Personal,14.63,12,Default,0.99
LOAN006593,CUST00247,458472,SME Loan,13.13,120,ongoing,0.0
LOAN000172,CUST03038,308698,Personal,14.97,48,Ongoing,0.99
LOAN008992,CUST03824,398500,PERSONAL LOAN,14.49,120,ONGOING,0.0
LOAN011125,CUST04084,229916,Personal Loan,13.74,60,CLOSED,0.0
LOAN003744,CUST04827,186430,PERSONAL LOAN,13.43,48,PAID,0.0
LOAN004167,CUST00552,790017,Edu Loan,10.25,12,Fully Paid,0.01
LOAN008545,CUST05347,2497615,business loan,12.33,180,Ongoing,0.0
LOAN006450,CUST01025,4687763,Home Loan,9.03,60,Fully Paid,0.01
LOAN001620,CUST03562,283927,personal loan,14.59,60,active,0.0
LOAN000681,CUST03189,794677,Mortgage,7.41,36,Open,0.0
LOAN001729,CUST04084,481950,PL,15.28,48,Paid Off,0.0
LOAN010255,CUST00587,217693,Personal,14.52,180,Closed,0.0
LOAN003056,CUST03222,462798,PERSONAL LOAN,14.28,84,Open,0.0
LOAN006669,CUST00843,479632,Personal Loan,12.22,84,CLOSED,0.0
LOAN004738,CUST00552,140075,PERSONAL LOAN,13.78,180,Ongoing,
LOAN007183,CUST05707,3401012,Mortgage,9.11,24,Active,#N/A
LOAN011167,CUST04084,1482062,Car Loan,,12,CLOSED,0.01
LOAN001443,CUST05707,4927738,HOME LOAN,,180,Current,0.0
LOAN007007,CUST02943,273245,Personal,14.68,48,Bad Debt,0.85
LOAN001994,CUST05347,N/A,HOME LOAN,8.91,120,DEFAULT,0.0
LOAN005850,CUST03677,481054,EDUCATION LOAN,8.72,12,ongoing,0.0
LOAN006465,CUST00709,285932,PL,12.96,180,PAID,0.0
LOAN009029,CUST01475,4407152,home loan,9.83,180,PAID,0.99
LOAN011845,CUST02933,1711392,Home Loan,7.76,180,Paid,0.0
LOAN004370,CUST04599,101011,PL,12.52,84,Open,#N/A
LOAN001348,CUST00552,999999999,Personal,12.53,48,PAID,0.0
LOAN008542,CUST03562,276640,PL,14.99,84,Open,0.0
LOAN010593,CUST00934,4200608,Home Loan,10.71,60,default,0.99
LOAN002906,CUST05436,75163,Personal Loan,13.48,120,Current,0.0
LOAN002872,CUST02643,686255,education loan,8.76,60,Active,nan
LOAN007025,CUST05069,1778689,Home Loan,7.78,12,Paid,0.02
LOAN005628,CUST02173,309626,PL,12.85,24,Active,0.0
LOAN009651,CUST05436,1366915,home loan,7.36,84,active,0.0
LOAN000123,CUST01281,210187,Personal Loan,13.06,240,ongoing,0.0
LOAN005640,CUST05436,#N/A,personal loan,13.4,60,Fully Paid,0.0
LOAN001689,CUST05668,433830,Education Loan,10.64,60,paid,0.73
LOAN005779,CUST03824,4422841,HOME LOAN,10.44,84,Ongoing,0.01
LOAN008344,CUST04599,4153334,Housing Loan,8.3,12,ongoing,0.04
LOAN005406,CUST04599,1143083,car loan,8.92,240,Ongoing,0.0
LOAN006501,CUST04827,331175,Edu Loan,9.74,24,Paid Off,0.0
LOAN005153,CUST00552,2310561,home loan,9.76,48,paid,0.01
LOAN008860,CUST00247,659236,CAR LOAN,10.66,36,ongoing,0.0
LOAN000193,CUST00090,999999999,Mortgage,9.46,240,Paid,0.0
LOAN007477,CUST02643,273163,Business Loan,11.29,180,CLOSED,0.0
LOAN007078,CUST00709,204981,PL,13.67,120,CLOSED,0.0
LOAN003923,CUST03677,1366081,Auto Loan,9.82,48,Paid Off,0.0
LOAN000953,CUST03189,335861,Personal Loan,13.2,24,ACTIVE,0.0
LOAN007972,CUST04599,79162,PERSONAL LOAN,11.43,12,N/A,0.0
LOAN007408,CUST03222,Unknown,Business Loan,13.14,240,Open,0.0
LOAN000375,CUST03222,1798118,Business Loan,12.27,48,Current,0.0
LOAN000258,,443560,PL,14.46,48,ACTIVE,0.0
LOAN011723,CUST01140,3808491,N/A,7.03,180,ONGOING,0.0
LOAN001219,CUST03222,755853,HOME LOAN,,48,Unknown,0.0
LOAN010310,CUST00709,1866744,Business Loan,11.94,24,Active,0.01
LOAN004603,CUST01500,2766860,HOME LOAN,7.36,48,Ongoing,0.01
LOAN010052,CUST05436,506215,Education Loan,9.51,60,NULL,0.0
LOAN005895,CUST05328,65099,personal loan,13.39,120,Ongoing,N/A
LOAN003898,CUST01025,4283922,Housing Loan,8.4,36,ongoing,0.01
LOAN004399,CUST05347,569409,Education Loan,10.37,84,Closed,0.0
LOAN009151,CUST04024,1036893, ,11.32,60,Bad Debt,0.99
LOAN002629,CUST01901,891393,Mortgage,8.73,12,Open,0.01
LOAN006275,CUST03280,"₹1,120,980",car loan,10.62,240,Fully Paid,0.0
LOAN007249,CUST00090,4033670,Housing Loan,8.28,60,Active,0.01
LOAN010172,CUST03571,405069,Personal Loan,13.06,60,Ongoing,0.0
LOAN004232,CUST02933,1371554,car loan,9.83,0,Open,0.01
LOAN005870,CUST00843,1727260,Biz Loan,12.03,240,Active,0.0
LOAN009587,CUST05328,462036,Auto Loan, ,180,paid,0.0
LOAN005960,CUST01281,"₹386,746",Personal Loan,13.98,84,Open,0.0
LOAN011814,CUST00587,1350117,CAR LOAN,10.26,60,CLOSED,0.0
LOAN005833,CUST00247,1253267,CAR LOAN,-5,120,Ongoing,0.0
LOAN005267,CUST00843,741033,CAR LOAN,10.09,12,Active,0.01
LOAN006491,CUST01901,369316,PERSONAL LOAN,13.37,120,active,0.0
LOAN007391,CUST05707,519969,Student Loan,10.91,180,Bad Debt,0.0
LOAN009002,CUST03839,"₹1,125,199",Car Loan,10.7,36,PAID,0.0
LOAN008090,CUST05328,258079,business loan,12.25,60,Bad Debt,0.0
LOAN003278,CUST01025,481696,Edu Loan,10.19,48,Closed,0.0
LOAN009962,CUST04084,373597,Personal,14.83,60,ACTIVE,0.0
LOAN000155,CUST05069,2912434,business loan,11.95,48,Closed,0.01
LOAN007232,CUST03052,308142,PERSONAL LOAN,13.14,24,Default,0.99
LOAN011050,CUST03824,4319264,home loan,Unknown,240,active,0.0
LOAN011526,CUST05347,237481,PERSONAL LOAN,14.69,36,CLOSED,#N/A
LOAN004605,CUST03222,809542,business loan,nan,84,Active,0.0
LOAN011287,CUST03562,1825015,Housing Loan,10.7,120,Active,0.0
LOAN011018,CUST03189,54907,Personal Loan,13.12,24,Active,0.0
LOAN010876,CUST02933,3691242,Housing Loan,9.46,48,ACTIVE,0.01
LOAN009007,NULL,427765,Personal,14.08,48,ONGOING,0.0
LOAN007225,CUST03222,2955820,Housing Loan,9.05,24,paid,0.01
LOAN010726,CUST02864,1652774,Home Loan,7.05,24,Closed,0.99
LOAN006091,CUST05823,1019472,Vehicle Loan,11.29,120,paid,0.0
LOAN006462,CUST01901,453343,Personal,12.4,24,PAID,0.0
LOAN011438,CUST05823,498585,PERSONAL LOAN,14.54,60,Paid,0.0
LOAN011646,CUST03571,"₹434,658",Personal Loan,14.01,48,Fully Paid,0.0
LOAN009805,CUST05823,77422,Personal,14.23,84,Charged Off,0.0
LOAN011219,CUST05273,433661,personal loan,13.44,12,Paid Off,0.99
LOAN003880,CUST03189,1344630,Vehicle Loan,9.42,180,ACTIVE,0.0
LOAN009862,CUST03863,553671,CAR LOAN,N/A,48,PAID,0.99
LOAN000355,CUST04395,"₹2,037,546",HOME LOAN,7.69,240,PAID,0.36
LOAN007286,CUST00247,396141,business loan,12.53, ,Current,0.0
LOAN003568,CUST00015,1197766,home loan,17.43,120,Charged Off,0.0
LOAN001592,CUST03839,"193,279",PL,12.35,24,ongoing,-0.5
LOAN009575,,770676,EDUCATION LOAN,9.19,12, ,0.01
LOAN005125,CUST00843,1902704, ,7.1,240,CLOSED,0.0
LOAN007155,CUST02283,2498977,Mortgage,7.7,48,Paid,0.99
LOAN010046,CUST05328,2027098,business loan,13.13,24,PAID,0.01
LOAN000196,CUST04599,1101124,Vehicle Loan,8.58,120,active,99
LOAN004634,CUST00015,1364452,car loan,18.86,180,paid,0.0
LOAN008101,CUST01281,"₹493,028",PL,12.91,48,Current,0.0
LOAN009382,CUST05436,425194,Student Loan,9.27,,ACTIVE,0.0
LOAN011669,CUST00709,,business loan,12.72,36,Open,0.01
LOAN003883,CUST01281,390964,Personal,12.87,84,ONGOING,0.0
LOAN005465,CUST01281,1080451,SME Loan,12.86,24,ONGOING,nan
LOAN007615,CUST02173,405675, ,11.82,240,Open,0.0
LOAN008300,CUST00247,"1,679,614",HOME LOAN,9.04,Unknown,paid,0.0
LOAN008828,CUST05436,228736,Personal,12.31,84,Current,0.0
LOAN005793,CUST00843,574864,EDUCATION LOAN,8.36,180,Paid Off,0.0
LOAN011798,CUST05735,782994,N/A,9.32,120,Paid,0.0
LOAN007110,CUST05436,494975,car loan,10.16,60,active,0.0
LOAN010179,CUST02933,908128,Vehicle Loan,9.17,12,ongoing,0.01
LOAN011394,CUST04628,210486,Personal,13.7,60,ACTIVE,0.0
LOAN011034,CUST05347,1360103,Mortgage,10.12,84,ACTIVE,0.0
LOAN010838,CUST04599,Unknown,Vehicle Loan,10.01,120,active,0.0
LOAN011904,CUST05823,382906,Student Loan,11.86,24,Current,0.0
LOAN002308,CUST03562,2638408,BUSINESS LOAN,13.97,240,Active,N/A
LOAN007480,CUST00587,938916,Vehicle Loan,11.49,48,PAID,0.0
LOAN009780,CUST00499,485455,Education Loan,11.73,84,Defaulted,0.99
LOAN004522,CUST00843,3034558,Home Loan,7.36,84,Paid,0.0
LOAN011135,CUST02173,#N/A,Personal,14.12,36,Fully Paid,NULL
LOAN008193,CUST01281,1152317,car loan,11.09,120,Fully Paid,0.0
LOAN000987,CUST00709,3598247,home loan,8.3,120,Current,0.0
LOAN001298,CUST02756,876083,Car Loan,10.36,24,Charged Off,0.99
LOAN000840,CUST02933,62961,Personal,12.57,120,paid,0.0
LOAN004556,CUST00090,1451707,HOME LOAN,8.26,240,ongoing,0.0
LOAN007185,NULL,1079825,car loan,10.23,N/A,Open,0.0
LOAN009912,CUST02643,1390220,car loan,9.55,24,active,
LOAN008850,CUST03677,Unknown,BUSINESS LOAN,10.52,240,Paid Off,0.0
LOAN004487,CUST02950,279680,NULL,12.29,48,Closed,0.0
LOAN005858,CUST03824,"1,253,447",N/A,12.27,12,Active,0.01
LOAN009833,CUST04827,1465390,Vehicle Loan,11.26,84,Active,0.0
LOAN002174,CUST00090,388250,Auto Loan,9.73,60,active,0.0
LOAN005770,CUST05328,1177182,CAR LOAN,11.23,60,Active,0.0
LOAN005390,CUST02933,272343,personal loan,13.65,24,Paid,0.0
LOAN005542,CUST00015,72250,PERSONAL LOAN,21.54,240,Charged Off,0.0
LOAN005168,CUST00843,2845317,Mortgage,7.77,60,paid,0.01
LOAN002831,CUST04599,1207324,Housing Loan,7.68,60,Fully Paid,0.0
LOAN002996,CUST03860,2630517,Mortgage,8.94,84,PAID,0.99
LOAN005706,CUST03824,NULL,PERSONAL LOAN,13.25,180,Paid Off,0.0
LOAN006507,CUST04827,2473282,Biz Loan,11.87,36,Current,0.01
LOAN007859,CUST05735,1161348,Auto Loan,10.53,48,ongoing,0.0
LOAN009820,CUST05328,,Biz Loan,11.86,84,active,0.0
LOAN008823,CUST01500,2092335,business loan,10.73,120,Current,0.0
LOAN009394,CUST03571,542462,Mortgage,9.36,60,Active,0.0
LOAN003132,CUST00259,1588421,Biz Loan,Unknown,48,ongoing,0.99
LOAN005954,CUST05289,3197523,Home Loan,,60,Defaulted,0.99
LOAN005949,CUST00323,"₹3,220,367",HOME LOAN,6.88,36,Ongoing,0.99
LOAN002599,CUST05347,3261598,Mortgage,#N/A,180,ACTIVE,0.0
LOAN010823,CUST01958,88419,PL,13.57,120,ONGOING,0.09
LOAN005572,CUST04599,650152,EDUCATION LOAN,7.98,84,Active,0.0
LOAN009520,CUST01639,260622,CAR LOAN,9.74,24,CLOSED,0.57
LOAN001539,CUST00247,1609904,BUSINESS LOAN,Unknown,12,Active,0.02
LOAN002608,CUST00552,614390,home loan,8.81,36,Bad Debt,0.0
LOAN009342,CUST05707,682037,EDUCATION LOAN,10.76,180,ongoing,0.0
LOAN006005,CUST03222,380517,PERSONAL LOAN,13.33,60,Ongoing,0.0
LOAN002696,CUST01140,358550,PERSONAL LOAN,12.86,N/A,Current,0.0
LOAN003333,CUST00552,3470994,#N/A,9.7,240,Closed,0.0
LOAN008141,CUST04599,133709,PL,12.88,180,Current,0.0
LOAN003014,CUST02776,945124,business loan,12.38,24,Default,0.99
LOAN005775,CUST03677,707747,Home Loan,8.61,24,Active,0.0
LOAN009667,CUST03189,135888,PL,11.68,60,Ongoing,0.0
LOAN011537,CUST03562,184391,Education Loan,11.0,84,Ongoing,0.0
LOAN009690,CUST01281,"₹151,007",PERSONAL LOAN,13.51,48,active,0.0
LOAN001987,CUST05069,310748,education loan,8.29,84,ONGOING,0.0
LOAN008187,Unknown,4437413,home loan,8.75,180,active,0.0
LOAN008732,#N/A,"₹2,397,049",Biz Loan,11.21,180,Ongoing,0.0
LOAN002802,CUST05436, ,PL,11.78,60,Current,0.0
LOAN002685,CUST01025,132684,EDUCATION LOAN,10.1,48,CLOSED,0.0
LOAN003920,CUST03677,738566,Car Loan,10.23,84,PAID,0.0
LOAN007976,CUST00090,258677,CAR LOAN,10.0,84,Closed,0.0
LOAN009762,CUST01500,,PERSONAL LOAN,,180,CLOSED,0.0
LOAN000636,CUST04084,2515146,HOME LOAN,9.73,84,#N/A,0.0
LOAN005765,CUST02173,110059,PERSONAL LOAN,12.19,24,Fully Paid,0.0
LOAN004626,CUST01140, ,PL,#N/A,36,nan,0.0
LOAN007179,CUST00015,1031938,SME Loan,nan,60,Closed,0.0
LOAN011593,CUST02173,197983,PERSONAL LOAN,13.32,120,ongoing,N/A
LOAN007136,CUST03280,527146,education loan,10.02,120,ONGOING,0.0
LOAN010683,CUST02933,68852,Personal,13.1,36,PAID,0.0
LOAN005431,CUST03562,#N/A,HOME LOAN,10.86,36,Paid,0.01
LOAN009496,CUST00247,#N/A,Personal,14.07,24,Paid Off,0.0
LOAN008959,CUST00709,2127618,HOME LOAN,9.12,36,paid,NULL
LOAN010850,CUST04628,706129,Car Loan,10.77,240,CLOSED,0.0
LOAN000192,CUST01901,4908154,Mortgage,8.15,240,Defaulted,0.0
LOAN010112,CUST05823,981398,Auto Loan,12.06,nan,active,0.0
LOAN005980,CUST02933,252145,PERSONAL LOAN,12.96,24,active,0.0
LOAN001604,CUST05436,3979548,Housing Loan,8.39,180,active,0.0
LOAN005204,CUST05707,372854,NULL,12.24,36,Fully Paid,0.0
LOAN000314,CUST03839,197831,PERSONAL LOAN,12.19,nan,CLOSED,0.0
LOAN001259,CUST02643,767885,Mortgage,9.33,120,Closed,0.0
LOAN009239,CUST04084,651929,Student Loan,9.86,84,Paid,0.0
LOAN000983,CUST01500,416337,Personal,11.51,180,ongoing,0.0
LOAN009852,CUST03222,324070,Vehicle Loan,11.46,120,paid,0.0
LOAN008664,CUST02173,1991371,SME Loan,13.1,36,Active,0.01
LOAN000238,CUST00090,217077,PERSONAL LOAN,12.8,24,Paid Off,0.0
LOAN004275,CUST00709,4356419,Home Loan,9.78,180,Paid Off,0.0
LOAN000279,CUST04084,"387,486",Personal,-5,36,ACTIVE,0.0
LOAN003261,CUST05735,964231,car loan,9.77,180,PAID,0.0
LOAN005462,CUST04628,1787258,Mortgage,9.93,36,ongoing,0.01
LOAN011627,CUST05069,"1,432,701",Auto Loan,8.55,60,Open,0.0
LOAN011807,CUST00015,232414,Vehicle Loan,18.88,240,Bad Debt,0.0
LOAN005394,CUST05436,332132,Personal,13.44,180,ACTIVE,0.0
LOAN010803,CUST00552,724083,Biz Loan,11.91,120,CLOSED,0.0
LOAN010843,CUST04084,517130,Edu Loan,11.36,36,Paid,0.0
LOAN010837,CUST00403,1631694,business loan,0,60,DEFAULT,0.99
LOAN011867,CUST03824,342840,Personal Loan,14.97,84,paid,0.0
LOAN002603,CUST02950,257436,PERSONAL LOAN,12.99,180,Active,0.0
LOAN002060,CUST01620,3558913,HOME LOAN,9.61,,Bad Debt,0.99
LOAN007903,CUST05707,"₹328,059",education loan,11.72,36,DEFAULT,0.0
LOAN002709,CUST00015,128140,Personal Loan,21.46,36,Defaulted,0.0
LOAN010299,CUST03280,115250,personal loan,13.92,120,Current,0.0
LOAN002704,CUST04084,444470,Personal Loan,14.62,NULL,ongoing,0.0
LOAN007257,CUST05347,"4,113,614",Housing Loan,9.66,48,Open,0.01
LOAN007857,CUST00587,372520,PL,14.38,180,Paid,0.0
LOAN010648,CUST03677,625414,N/A,8.28,24,default,0.0
LOAN000878,CUST01025,4696661,HOME LOAN,75,84,ONGOING,0.01
LOAN009303,CUST03189,1450824,Car Loan,9.21,0,active,
LOAN006520,CUST05347, ,Mortgage,NULL,600,default,0.02
LOAN010832,CUST00751,198931,education loan,10.67,12,Charged Off,0.99
LOAN004794,CUST03571,1476223,home loan,8.66,240,paid,0.0
LOAN008890,CUST03769,4657280,home loan,9.44,,Closed,0.99
LOAN002772,CUST03280,Unknown,business loan,75,120,ACTIVE,0.0
LOAN003877,CUST00015,223688,Personal,20.33,48,DEFAULT,0.0
LOAN001951,CUST04084,1848812,Housing Loan,9.47,240,ONGOING,0.0
LOAN005901,CUST05069,410163,CAR LOAN,8.1,240,Ongoing,0.0
LOAN000534,CUST04084,N/A,Personal Loan,14.93,,paid,0.0
LOAN005999,CUST01483,743414,Car Loan,10.56,180,nan,0.17
LOAN009518,CUST04599,2266017,N/A,11.21,120,Paid,0.0
LOAN008733,CUST02933,115359,,13.74,120,Ongoing,0.0
LOAN006862,CUST03571,3308919,Home Loan,8.85,240,Paid Off,0.0
LOAN001800,CUST03222,185632,PERSONAL LOAN,12.88,84,paid,0.0
LOAN006981,CUST02173,201779,EDUCATION LOAN,9.19,48,Open,0.0
LOAN007043,CUST05735,0,home loan,8.55,60,ACTIVE,NULL
LOAN005185,CUST03839,1175386,N/A,11.55,12,Active,0.01
LOAN005208,CUST01500,273218,personal loan,11.6,240,Fully Paid,0.0
LOAN011458,CUST00587,277935,Personal Loan,13.59,84,ongoing,0.0
LOAN003126,CUST00587,1397260,Car Loan,11.5,180,ACTIVE,0.0
LOAN003783,CUST01281,792642,Vehicle Loan,9.8,36,ongoing,0.0
LOAN009673,CUST04599,"752,037",Housing Loan,7.49,36,Paid,
LOAN001646,CUST05735,247806,EDUCATION LOAN,10.07,120,Fully Paid,0.0
LOAN004838,CUST03824,1087845,Car Loan,11.95,180,ACTIVE,0.0
LOAN004120,CUST04084,308189,education loan,11.18,60,Ongoing,0.0
LOAN004911,CUST00090,727682,Car Loan,11.23,12,Current,0.01
LOAN006930,CUST03189,2529518,Home Loan,8.81,120,Open,0.0
LOAN007610,CUST03824,190412, ,NULL,84,Current,0.0
LOAN000056,CUST03648,277872,PL,12.71, ,Fully Paid,0.15
LOAN008284,CUST03824,1090368,Auto Loan,11.71,120,Fully Paid,0.0
LOAN009365,CUST03562,625723,Education Loan,11.11,120,#N/A,-0.5
LOAN003970,CUST00587,651378,Car Loan,10.06,48,Active,0.0
LOAN010476,CUST02658,251597,Car Loan,9.12,12,ongoing,0.99
LOAN004367,CUST05823,147295,Personal,15.07,36,Fully Paid,0.0
LOAN010358,CUST00843,1089306,#N/A,NULL,12,Active,0.01
LOAN000085,CUST04827,840179,Vehicle Loan,10.61,12,Paid,0.01
LOAN011659,CUST03677,425752,Personal,13.01,240,ongoing,0.0
LOAN004908,CUST00247,764846,Biz Loan,12.55,84,Ongoing, 
LOAN000166,CUST01281,1245411,Home Loan,8.78,84,Fully Paid,0.0
LOAN009081,CUST00015,347939,PL,20.87,84,paid,0.0
LOAN005614,CUST04827,810312,Business Loan,11.63,60,ongoing,0.0
LOAN002411,CUST01346,4448860,Housing Loan,7.32,180,Fully Paid,0.99
LOAN005513,CUST00247,784703,EDUCATION LOAN,10.46,nan,Active,0.0
LOAN011067,CUST03824,351903,Personal,13.3,60,ACTIVE,0.0
LOAN005354,CUST01500,331519,education loan,7.93,120,Current,0.0
LOAN003983,CUST04084,3255092,home loan,9.8,24,Current,0.02
LOAN006747,CUST00843,383317,personal loan,13.16,120,Active,0.0
LOAN006082,CUST01025,176318,Edu Loan,9.59,60,Paid,0.0
LOAN007362,CUST05328,"₹641,325",Mortgage,9.96,48,active,0.0
LOAN009918,CUST04599,,BUSINESS LOAN,11.35,180,Ongoing,0.0
LOAN000317,CUST03891,1034370,Vehicle Loan,10.77,60, , 
LOAN000092,CUST01500,2162016,Housing Loan,8.12,180,ACTIVE,0.0
LOAN004350,CUST04454,115380,Personal,13.68,180,Closed,0.08
LOAN008118,CUST05069,120740,personal loan,11.45,N/A,Active,0.0
LOAN001109,CUST01025,"₹407,508",personal loan,13.31,120,paid,0.0
LOAN007557,CUST00709,4448387,HOME LOAN,8.25,60,Ongoing,0.01
LOAN002767,CUST04084,"₹2,743,204",SME Loan,14.24,60,Current,0.01
LOAN011624,CUST03571,298099,PERSONAL LOAN,13.72,120,Open,
LOAN000423,CUST03280,322348,PL,13.52,12,Open,0.0
LOAN011970,CUST03824,"4,130,796",HOME LOAN,9.12,60,active,0.01
LOAN009506,CUST03839,552497,Business Loan,12.22,48,Active,0.0
LOAN002323,CUST00843,4601860,home loan,7.06,36,Active,0.02
LOAN003052,CUST04270,402415,CAR LOAN,9.97,240,Active,0.0
LOAN000370,CUST05735,-1000,Personal Loan,13.76,120,Closed,0.0
LOAN006090,CUST01500,1157490,Business Loan,12.15,60,ACTIVE,0.0
LOAN007787,CUST05069,465771,Personal,12.21,180,ONGOING,0.0
LOAN003467,CUST05707,715578,education loan,11.51,36,active,0.0
LOAN001102,CUST04270,4722158,Housing Loan,9.09,48,ACTIVE,0.01
LOAN011452,CUST05436,176837,PL,12.44,180,Open,0.0
LOAN010858,CUST03824,647595,Car Loan,nan,0,Paid,0.0
LOAN007173,CUST03562,182131,PL,14.57,36,Closed,0.0
LOAN004351,CUST02933,732231,Vehicle Loan,10.69,36,Current,0.0
LOAN002200,CUST05735,935985,Home Loan,7.92,48,ONGOING,99
LOAN004736,CUST03222,0,N/A,Unknown,60,Fully Paid,0.0
LOAN007878,CUST04270,2028144,SME Loan,12.13,84,ongoing,0.0
LOAN004137,CUST05823,2543906,Home Loan,9.0,84,Fully Paid,0.0
LOAN000506,CUST01869,194748,Student Loan,10.72,120,Bad Debt,0.09
LOAN007267,CUST03839,"732,724",#N/A,9.4,36,Open,0.0
LOAN001191,CUST01115,363544,Personal,N/A,24,Paid Off,0.99
LOAN006308,CUST02173,567456, ,10.65,240,Ongoing,0.0
LOAN000257,CUST05069,#N/A,Business Loan,11.4,48,Closed,0.01
LOAN003414,CUST05328,81389,PL,13.28,12,Closed,0.0
LOAN008475,CUST03123,356753,CAR LOAN,9.26,240,ONGOING,0.14
LOAN006992,CUST05069,657612,education loan,7.69,240,ongoing,0.0
LOAN002988,CUST03189,437893,Personal,-5,180,active,0.0
LOAN010428,CUST00552,2868091,BUSINESS LOAN,12.24,60,NULL,0.01
LOAN000021,CUST00090,nan,business loan,-5,36,ACTIVE,2.5
LOAN002561,CUST04270,2911190,business loan,12.03,24,ongoing,0.01
LOAN003578,CUST05347,164194,Personal,14.21,36,ACTIVE,0.0
LOAN001119,CUST00587,398394,personal loan,13.91,48,PAID,0.0
LOAN001690,CUST05707,482835,Personal, ,12,Paid Off,0.0
LOAN008178,CUST01500,391353,Car Loan,9.45,Unknown,Closed,0.0
LOAN000853,CUST00552,1219282,Vehicle Loan,9.9,24,ACTIVE,0.01
LOAN001322,CUST05735,553318,Auto Loan,10.64,180,ACTIVE,0.0
LOAN006196,CUST05328,748013,Housing Loan,9.03,48,Ongoing,0.0
LOAN002618,#N/A,"₹173,272",PERSONAL LOAN,12.8,180,Closed,0.0
LOAN000509,CUST01025,404016,Auto Loan,10.5,36,ACTIVE,0.0
LOAN001353,CUST04599,480975,education loan,9.55,120,Open,0.0
LOAN003489,CUST05523,356066,PERSONAL LOAN,12.34,180,Active,0.08
LOAN005200,CUST03280,3173685,Housing Loan,10.3,240,Defaulted,0.0
LOAN004671,CUST02950,2470155,BUSINESS LOAN,11.14,240,Open,0.0
LOAN000058,CUST03280,759726,Edu Loan,10.5,-12,Closed,0.0
LOAN001640,Unknown,348096,EDUCATION LOAN,10.58,120,Open,0.0
LOAN007162,CUST04270,1558769,NULL,8.17,84,Current,0.0
LOAN007280,CUST00247,1493231,Housing Loan,9.22,120,Active, 
LOAN011152,CUST02950,2350669,Biz Loan,11.18,84,Fully Paid,0.0
LOAN009995,CUST02991,1582334,HOME LOAN,7.73,48,Paid Off,0.99
LOAN008201,CUST04628,1838858,Home Loan,-5,60,Paid,0.0
LOAN011166,CUST03677,835534,Auto Loan,10.16,84,Charged Off,0.0
LOAN000072,CUST05328,3134046,Housing Loan,9.71,12,Ongoing,0.03
LOAN007891,CUST05187,386145,Education Loan,9.81,240,Bad Debt,0.32
LOAN007977,CUST05347,4663761,HOME LOAN,10.61,48,ONGOING,0.01
LOAN004732,CUST04599,422208,PL,12.34,120,ACTIVE,0.0
LOAN005479,CUST02933,787392,EDUCATION LOAN,10.21,36,active,nan
LOAN004540,CUST05013,3571207,Mortgage,9.63,120,Bad Debt,0.99
LOAN005218,CUST02933,252282,BUSINESS LOAN,12.35,24,Fully Paid,0.0
LOAN000784,CUST05735,1149869,Vehicle Loan,8.98,120,Fully Paid,0.0
LOAN009349,CUST04084,371541,education loan,11.33,36,Default,0.0
LOAN007479,CUST04628,995651,car loan,10.2,12,ongoing,0.01
LOAN009609,CUST05707,Unknown,business loan,14.33,NULL,Paid,0.0
LOAN003397,CUST04084,"329,671",Edu Loan,10.63,120,CHARGED OFF,0.0
LOAN010390,CUST02804,Unknown,PL,14.29,240,Paid Off,0.12
LOAN002778,CUST00090,301246,PERSONAL LOAN,13.06,48,Paid,0.0
LOAN002966,CUST05823,"755,293",car loan,11.35,120,Closed,NULL
LOAN011278,CUST02173,87423,Personal Loan,12.85,60,Closed,0.0
LOAN000014,CUST02910,3954201,Housing Loan,10.13,180,CLOSED,0.88
LOAN000915,CUST03189,944297,car loan,9.46,84,Current,0.0
LOAN009178,CUST02950,415128,Education Loan,8.8,36,paid,0.0
LOAN002513,CUST03839,3738232, ,8.0,12,Closed,0.04
LOAN001224,CUST02173,459598,Personal Loan,13.52,240,PAID,0.0
LOAN009633,CUST04628,254653,PL,14.53,60,Paid,0.0
LOAN009886,CUST02933,1533742,Business Loan,11.6,120,paid,0.0
LOAN010732,CUST04599,574867,Car Loan,10.06,240,ONGOING,0.0
LOAN009488,CUST04084,810176,Auto Loan,12.27,180,Closed,0.0
LOAN010111,CUST01281,2924442,Mortgage,10.04,120,Active,0.0
LOAN010439,CUST05823,#N/A,car loan,11.15,48,CLOSED,0.0
LOAN009048,CUST05735,905302,car loan,9.21,240,Fully Paid,0.0
LOAN005594,CUST00090,628290,CAR LOAN,11.47,60,ongoing,2.5
LOAN009914,CUST04628,343694,Vehicle Loan,11.26,180,Closed,0.0
LOAN001284,CUST04827,379646,Edu Loan,75,48,Closed,0.0
LOAN004872,CUST03824,338357,Biz Loan,12.31,48,ongoing,0.0
LOAN011431,CUST05707,454169,PL,13.73,36,CLOSED,0.0
LOAN000672,CUST04270,507552,Edu Loan,10.07,24,default,0.0
LOAN001117,CUST05436,1175990,Mortgage,7.68,84,ACTIVE,0.0
LOAN002919,CUST01281,2421767,home loan,9.18,48,Ongoing,0.01
LOAN005590,CUST04827,"105,078",Personal,13.54,12,ONGOING,0.0
LOAN007822,CUST05707,486439,Unknown,13.39,84,Current,0.0
LOAN004034,CUST00552,1772768,Mortgage,9.75,48,ongoing,0.0
LOAN005023,CUST04628,2369848,N/A,8.6,24,Paid,0.01
LOAN008941,CUST04599,253978,Personal Loan,12.01,120,Paid,0.0
LOAN009726,CUST00090,1231357,Car Loan,11.43,12,Active,
LOAN009739,CUST00709,2636614,BUSINESS LOAN,11.37,240,CLOSED,0.0
LOAN003190,CUST02933,438073,PERSONAL LOAN,13.71,180,Current,NULL
LOAN005040,CUST02173,3850173,Home Loan,8.89,48,Paid Off,0.01
LOAN007270,CUST00477,108246,PL,13.99,NULL,PAID,0.99
LOAN011439,CUST05328,604093,Education Loan,10.36,12,active,nan
LOAN011538,CUST01025,675390,HOME LOAN,8.79,60,ongoing,0.0
LOAN008305,CUST05735,429690,SME Loan,11.92,180,Ongoing,0.0
LOAN011764, ,2965733,HOME LOAN,9.86,60,ONGOING,0.01
LOAN011025,CUST00552,3785459,Mortgage,8.54,240,PAID,0.0
LOAN005877,CUST05436,1957961,Home Loan,7.21,84,Paid Off,0.0
LOAN000450,CUST00207,984572,Biz Loan,75,36,Paid,0.99
LOAN008726,CUST04270,1342609,Vehicle Loan,10.35,N/A,active,0.0
LOAN001057,CUST05735,1148146,Vehicle Loan,10.77,24,Closed,
LOAN010270,CUST03824,218631,personal loan,14.04,48,Ongoing,0.0
LOAN004063,CUST02933,795380,Student Loan,8.7,600,Fully Paid,0.0
LOAN002221,CUST03280,3891970,home loan,9.09,120,Active,0.0
LOAN006094,CUST04628,279009,Auto Loan,10.6,180,PAID,0.0
LOAN000989,CUST00552, ,Housing Loan,9.77,48,Ongoing,0.0
LOAN009364,CUST05328,731922,Vehicle Loan,11.31,180,ACTIVE,0.0
LOAN003361,CUST03189,1178761,car loan,#N/A,240,Ongoing,0.0
LOAN000592,CUST03189,1858860,business loan,12.03,36,ACTIVE,0.01
LOAN008671,CUST03824,2435433, ,12.28,36,Default,0.01
LOAN000099,CUST03280,"370,143",PL,13.2,84,Paid Off,NULL
LOAN001164,CUST01500,177376,EDUCATION LOAN,9.61,60,active,0.0
LOAN002736,CUST05347,1152980,N/A,9.44,60,ACTIVE,0.0
LOAN005313,CUST04084,131582,Edu Loan,9.89,120,Current, 
LOAN006425,CUST00709,999999999,HOME LOAN,,36,CLOSED,0.01
LOAN001936,CUST00015,1344924,Vehicle Loan,75,48,CLOSED,0.0
LOAN000473,CUST00552,653767,SME Loan,12.36,240,PAID,0.0
LOAN008195,CUST00552,967157,Biz Loan,12.9,48,Closed,0.0
LOAN004509,CUST05735,2037946,Home Loan,7.47,180,Closed,0.0
LOAN002967,CUST01500,2142797,Business Loan,NULL,120,CLOSED,0.0
LOAN003469,CUST04270,999999999,Vehicle Loan,10.33,180,NULL,0.0
LOAN002825,CUST00654,203282,PL,14.73,24,PAID,0.69
LOAN007628,CUST05735,261347,nan,8.91,84,,0.0
LOAN008830,CUST02950,999999999,Unknown,10.59,180,Active,0.0
LOAN000706,CUST05707,385403,Personal Loan,14.66,48,ongoing,0.0
LOAN000113,CUST05823,908959,SME Loan,0,60,CLOSED,0.0
LOAN010049,CUST01025,1771345,Housing Loan,9.08,24,#N/A,nan
LOAN006394,CUST02235,3729874,Housing Loan,7.11,120,Charged Off,0.99
LOAN009764,CUST00247,1528168,Housing Loan,9.61,12,ACTIVE,0.02
LOAN010968,CUST04084,342778,Edu Loan,10.41,120,active,NULL
LOAN001471,CUST00709,"2,694,219",Home Loan,9.48,84,Closed,0.0
LOAN009700,CUST00015,#N/A,car loan,18.31,60,Paid Off,0.0
LOAN001273,CUST05436,"₹1,865,910",Mortgage,7.88,240,Current,NULL
LOAN008540,CUST05735,4797146,HOME LOAN,8.06,24,paid,0.02
LOAN009063,CUST00843,1193449,Car Loan,9.94,120,ONGOING,0.0
LOAN004682,#N/A,623345,education loan,Unknown,12,Paid Off,0.01
LOAN005727,CUST05328,300075,Vehicle Loan,11.24,84,Open,0.0
LOAN004857,CUST05328,588271,Auto Loan,11.3,24,Open,0.0
LOAN002797,CUST01901,1163172,Mortgage,7.6,24,Closed,0.01
LOAN002523,CUST04628,478933,Vehicle Loan,10.57,24,Current,0.0
LOAN008489,CUST05069,321519,personal loan,12.67,240,Open,0.0
LOAN004832,CUST05069,445111,education loan,8.16,48,ACTIVE,
LOAN001884,CUST05069,911216,Vehicle Loan,8.7,12,Paid,0.01
LOAN002676,Unknown,0,Unknown,9.94,24,Fully Paid,0.01
LOAN001505,CUST05707,678314,CAR LOAN,11.97,12,ACTIVE,0.01
LOAN009079,CUST02933,#N/A,Housing Loan,7.67,12,Ongoing,0.02
LOAN010364,CUST04599,1145226,business loan,11.81,12,Ongoing,0.01
LOAN004770,CUST04628,998669,Vehicle Loan,11.13,240,,0.0
LOAN002818,CUST03571,635394,CAR LOAN,11.18,48,#N/A,0.0
LOAN002604,NULL,2008602,Mortgage,8.17,120,Fully Paid,0.0
LOAN006079,CUST02967,2291262,Business Loan,13.34,24,Fully Paid,0.99
LOAN003411,CUST00015,2817285,Biz Loan,19.34,12,PAID,0.03
LOAN010460,CUST01281,2463300,BUSINESS LOAN,12.16,240,paid,0.0
LOAN004670,CUST05328,1408511,Business Loan,13.47,180,PAID,0.0
LOAN002187,CUST00587,234256,Auto Loan,10.39,36,Open,0.0
LOAN003842,#N/A,2213503,HOME LOAN,10.21,120,Closed,0.0
LOAN001705,CUST04084,1793225,home loan,9.33,24,ACTIVE,0.01
LOAN005411,CUST03677,574489,Auto Loan,8.79,180,,0.0
LOAN002422,CUST05823,4279384,home loan,9.65,84,Paid Off,0.01
LOAN011227,CUST02643,420297,Personal,13.26,12,Ongoing,0.0
LOAN003183,CUST03571,1330164,Car Loan,10.85,12,Ongoing,0.01
LOAN002072,CUST01025,1482935,Home Loan,8.08,24,ACTIVE,0.01
LOAN001196,CUST04827,1541200,Mortgage,8.53,60,paid,0.0
LOAN004243,CUST01281,347350,education loan,10.88,120,Fully Paid,0.0
LOAN003518,CUST00630,371278,Personal Loan,14.08,60,Closed,0.41
LOAN008417,CUST03571,₹0,Vehicle Loan,10.7,24,Current,0.01
LOAN000551,CUST05735,999999999,Biz Loan,12.58,120,Paid Off,0.0
LOAN009927,CUST03839,349655,PERSONAL LOAN,12.72,36,Active,0.0
LOAN010369,CUST05707,"₹999,999,999",Mortgage,10.42,NULL,Active,0.0
LOAN011956,CUST05707,539986,Education Loan,9.92,48,ONGOING,0.0
LOAN005866,CUST03562,3358463,Mortgage,9.79,180,paid,0.0
LOAN002904,CUST01140,217850,PL,13.03,48,Paid,0.0
LOAN000502,CUST01448,4311498,HOME LOAN,9.16,12,Bad Debt,0.99
LOAN007631,CUST01025,283988,Personal Loan,12.82,,CLOSED,0.0
LOAN009278,CUST02643,148314,#N/A,13.33,48,Active,0.0
LOAN008079,CUST05069,1217430,Biz Loan,10.17,12,Current,0.01
LOAN005516,CUST03571,"₹681,302",Edu Loan,9.82,24,ongoing,0.0
LOAN002351,CUST05823,790115,Vehicle Loan,11.59,12,active,0.01
LOAN010478,CUST02173,2167538,business loan,12.27,60,Active,0.0
LOAN001897,CUST00090,811021,Vehicle Loan,10.35,120,CHARGED OFF,nan
LOAN009584,CUST05069,1296649,Home Loan,6.61,24,ongoing,0.01
LOAN009589,CUST03222,467896,Student Loan,9.47,84,CLOSED,2.5
LOAN006301,CUST05436,227510,car loan,10.19,24,ONGOING,0.0
LOAN010692,CUST00552,3988570,Unknown,9.68,Unknown,paid,0.01
LOAN007161,CUST03677,719753,Home Loan,#N/A,36,Paid Off,0.0
LOAN006058,CUST03222,1691590,Business Loan,13.61,24,paid,0.01
LOAN000660,CUST05436,562937,Mortgage,7.57,36,Current,0.0
LOAN006477,CUST00843,2876460,SME Loan,11.78,48,Open,0.01
LOAN011793,CUST05707,4575848,Home Loan,10.77,180,Closed,0.0
LOAN005103,CUST00709,224327,PL,12.37,48,ACTIVE,0.0
LOAN009607,CUST02950,2595146,Home Loan,8.03,36,CLOSED,0.01
LOAN011253,CUST03562,243706,Biz Loan,75,240,active,0.0
LOAN010218, ,1332380,CAR LOAN,12.27,84, ,0.0
LOAN000350,CUST01901,1017873,nan,11.15,120,paid,0.0
LOAN002672,CUST02933,414539,CAR LOAN,9.84,240,ongoing,0.0
LOAN010431,CUST04599,418019,education loan,8.34,240,Default,0.0
LOAN011906,CUST04270,2542407,Biz Loan,11.71,600,ongoing,0.01
LOAN000312,CUST04084,781321,Student Loan,10.47,12,Ongoing,0.01
LOAN007589,CUST05347,"1,416,630",home loan,10.53,84,Open,0.0
LOAN000466,CUST01500,191979,personal loan,12.95,180,CLOSED,0.0
LOAN010866,CUST01281,3511646,HOME LOAN,8.47,120,Fully Paid,0.0
LOAN008196,CUST03562,4588353,Housing Loan,9.56,12,CLOSED,0.05
LOAN011718,CUST03753,550297,Student Loan,8.4,120,Ongoing,0.41
LOAN011092,CUST03280,806573,CAR LOAN,10.84,12,Ongoing,0.01
LOAN001856,CUST05037,2465560,Home Loan,8.83,60,DEFAULT,0.99
LOAN008313,CUST02950,"54,742",Personal,12.29,36,Ongoing,0.0
LOAN000313,CUST05069,3201335,home loan,7.04,84,active,0.0
LOAN009294,CUST01025,1467208,SME Loan,12.95,48,Paid,0.0
LOAN004783,CUST05347,1940117,Home Loan,9.6,24,Current,0.01
LOAN008858,CUST02946,4689996,Home Loan,7.64,,CHARGED OFF,0.99
LOAN001876,CUST02337,389066,CAR LOAN,9.71,48,Bad Debt,0.99
LOAN002540,CUST02933,443413,PERSONAL LOAN,13.71,48,Current,0.0
LOAN008957,CUST00247,4484761,Mortgage,9.6,24,Active,0.02
LOAN011033,CUST05707,263289,PERSONAL LOAN,14.51,240,Paid,0.0
LOAN002664,CUST01901,333641,Car Loan,9.41,36,Active,0.0
LOAN005144,CUST00015,3848847,home loan,17.06,180,DEFAULT,0.0
LOAN011742,CUST03806,230993,Auto Loan,9.37,#N/A,Current,0.05
LOAN009706,CUST04270,3247523,home loan,75,12,Fully Paid,0.03
LOAN011928,CUST05069,1037627,car loan,9.27,240,Open,0.0
LOAN005500,CUST05069,4465344,Home Loan,6.97,240,PAID,0.0
LOAN006580,CUST04084,2698906,business loan,12.45,180,Current,0.0
LOAN003442,CUST04628,230138,Personal,12.92,12,Open,0.0
LOAN003963,CUST01025,1343758,Vehicle Loan,N/A,180,ongoing,0.0
LOAN006300,CUST04366,1364548,SME Loan,12.66,240,Ongoing,0.33
LOAN007633,CUST00709,N/A,car loan,10.2,60,CLOSED,0.0
LOAN009049,CUST00090,1478014,CAR LOAN,9.74,120,active,0.0
LOAN005947,CUST00552,2724742,Business Loan,11.36,12,ongoing,0.03
LOAN011479,CUST05823,1563208,business loan,13.32,84,Open,0.0
LOAN004456,CUST05707,892252,Home Loan,Unknown,120,Defaulted,0.0
LOAN004446,CUST02950,#N/A,Personal Loan, ,48,ACTIVE,2.5
LOAN000427,CUST00789,nan,PL,14.37,24,Bad Debt,0.99
LOAN003067,CUST03280,1622348,Housing Loan,10.17,240,Fully Paid,0.0
LOAN007661,CUST05707,1602941,Home Loan,10.78,120,Current,0.0
LOAN004793,CUST01140,"54,200",PERSONAL LOAN,12.2,24,Unknown,0.0
LOAN011115,CUST00090,2659598,Business Loan,12.21,240,ONGOING,0.0
LOAN009266,CUST01901,1224143,Vehicle Loan,8.83,48,ONGOING,0.0
LOAN006489,CUST00587,414861,education loan,N/A,48,CHARGED OFF,0.0
LOAN008806,CUST01140,205190,PL,11.27,0,Defaulted,0.0
LOAN008883,CUST00709,163337,PL,13.19,12,Open,0.0
LOAN004124,CUST02933,"4,591,378",Housing Loan,9.01,36,Open,0.02
LOAN001054,CUST05347,4208636,Home Loan,10.12,12,Open,0.04
LOAN000336,CUST04628,N/A,business loan,12.43,180,Open,0.0
LOAN001060,CUST02643,NULL,home loan,8.38,60,ongoing,0.0
LOAN005763,CUST03824,226925,Personal,13.94,120,Paid,0.0
LOAN001666,CUST05707,74181,personal loan,13.7,84,CLOSED,0.0
LOAN009584,CUST05069,1296649,Home Loan,6.61,24,ongoing,0.01
LOAN004075,CUST03280,456608,Personal Loan,14.17,24,Active,0.0
LOAN005079,CUST03839,1345767,Home Loan,8.66,24,ongoing,0.01
LOAN007991,CUST05823,594885,NULL,11.87,120,ACTIVE,0.0
LOAN002112,CUST05707,268270,Biz Loan,12.7,12,Current,0.0
LOAN005503,CUST04270,326726,PERSONAL LOAN,13.52,48,CLOSED,0.0
LOAN003045,CUST05328,698246,EDUCATION LOAN,10.27,84,Open,0.0
LOAN005321,CUST03222,907505,Housing Loan,8.27,60,Ongoing,0.0
LOAN004287,CUST03571,1795279,Business Loan,12.01,84,Paid,0.0
LOAN000291,CUST04084,2249589,Housing Loan,10.06,120,ONGOING,0.0
LOAN010825,CUST04270,1887918,home loan,8.4,24,ongoing,0.01
LOAN001206,CUST04084,210246,Personal,14.32,84,ongoing,0.0
LOAN006680,CUST03222,2026096,Home Loan,8.6,0,Paid,0.01
LOAN004174,CUST03677,1026341,Vehicle Loan,8.54,48,Current,0.0
LOAN010581,CUST04084,nan,#N/A,11.02,84,Open,0.0
LOAN003563,CUST05823,385233,PERSONAL LOAN,13.63,120,Closed,0.0
LOAN005654,CUST05707,1961669,business loan,13.31,240,ACTIVE,0.0
LOAN006184,CUST05436,"519,422",Car Loan,10.2,48,Ongoing,0.0
LOAN005540,CUST03824,375210,Business Loan,13.81,60,Fully Paid,0.0
LOAN011899,CUST03189,1040573,CAR LOAN,10.14,12,ONGOING,0.01
LOAN007039,CUST01025,365177,Auto Loan,10.91,180,Current,0.0
LOAN005879,CUST04628,1024352,Auto Loan,9.55,12,Fully Paid,0.01
LOAN010231,CUST01140,256024,Personal,12.76,24, ,0.0
LOAN000220,CUST01140,63130,personal loan,11.48,36,ongoing,0.0
LOAN004821,CUST04628,388709,car loan,9.8,48,CLOSED,N/A
LOAN001698,nan,441960,PL,13.7,60,active,0.0
LOAN002971,CUST04270,724528,Home Loan,9.76,48,Current,0.0
LOAN009822,CUST05823,1002158,Car Loan,11.64,36,Open,0.0
LOAN010623,CUST00015,400451,Education Loan,18.29,240,CLOSED,0.0
LOAN004636,CUST01799,223938,SME Loan,12.76,84,Paid,0.25
LOAN004496,CUST00090,654204,car loan,10.85,12,ONGOING,0.01
LOAN006409,CUST01901,1095538,Vehicle Loan,9.98,48,Active,0.0
LOAN000942,CUST03562,N/A,education loan,11.04,nan,Active,0.0
LOAN010779,CUST04270,"1,972,671",Mortgage,9.34,240,Active,0.0
LOAN005648,CUST02643,1174031,Vehicle Loan,10.75,60,Active,0.0
LOAN000576,CUST05707,1185417,Vehicle Loan,11.55,48,default,0.0
LOAN008176,CUST02933,52402,PERSONAL LOAN,12.41,120,active,0.0
LOAN008206,CUST05347,440474,BUSINESS LOAN,13.62,84,default,0.0
LOAN005393,CUST00709,585854,Mortgage,8.86,48,Current,N/A
LOAN010553,CUST03280,3749803,Mortgage,9.42,12,ONGOING,0.04
LOAN006804,CUST05328,244032,EDUCATION LOAN,11.09,36,Paid,0.0
LOAN006701,CUST04084,462037,PERSONAL LOAN,13.76,60,Closed,0.0
LOAN009046,CUST00090,3588550,HOME LOAN,9.49,36,Active,0.01
LOAN008600,CUST04599,3612446,home loan,8.23,240,ACTIVE,0.0
LOAN010362,CUST03562,"₹392,784",CAR LOAN,11.33,60,ACTIVE,0.0
LOAN011754,CUST04599,672847,Vehicle Loan,9.34,120,ongoing,0.0
LOAN002611,NULL,3148432,#N/A,9.71,12,DEFAULT,0.03
LOAN003013,CUST00843,385558,Student Loan,9.64,180,Open,0.0
LOAN000847,CUST00552,459410,car loan,10.52,180,Current,0.0
LOAN003482,CUST00587,618268,car loan,11.75,180,active,0.0
LOAN002394,CUST04827,750013,SME Loan,11.53,60,ongoing,0.0
LOAN008692,CUST01140,209308,personal loan,11.6,240,CLOSED,0.0
LOAN007794,CUST02173,255868,Personal,13.12,48,Closed,0.0
LOAN003163,CUST02173,416306,PL,14.04,240,Active,0.0
LOAN003319,CUST02173,366870,PERSONAL LOAN,13.28,84,Default,0.0
LOAN001253,CUST05735,2835478,Mortgage,8.48,84,Open,0.0
LOAN011103,CUST01140,470887,Education Loan,9.04,180,Closed,0.0
LOAN010890,CUST00247,78166,Personal,14.23,24,Ongoing,0.0
LOAN003933,CUST00791,718735,Education Loan,10.73,24,Charged Off,0.99
LOAN006235,CUST01937,"141,732",Personal,13.78,240,ACTIVE,nan
LOAN008976,CUST01140,253549,Personal Loan,11.3,36,ONGOING,-0.5
LOAN005955,CUST03548,3370984,Mortgage,9.63,120,Paid,0.99
LOAN010180,CUST05347,,Vehicle Loan,11.29,24,Bad Debt,0.0
LOAN006130,nan,81282,Personal,14.15,180,ACTIVE,0.0
LOAN001153,CUST04599,180354,Edu Loan,9.44,180,Current,0.0
LOAN003457,CUST04863,895070,CAR LOAN,11.11,48,Paid Off,0.99
LOAN001254,CUST04084,386634,CAR LOAN,12.24,24,Default,99
LOAN004108,CUST00247,477476,Personal,14.23,36,ongoing,0.0
LOAN008998,CUST00587,4353220,Mortgage,8.47,600,Paid Off,0.01
LOAN010464,CUST04628,274626,SME Loan,12.75,180,Closed,0.0
LOAN000276,CUST05436,773570,Housing Loan,8.24,240,paid,0.0
LOAN005792,CUST05328,575375,Student Loan,9.38,Unknown,Ongoing,0.01
LOAN006365,CUST04599,71230,Personal,12.98,60,ONGOING,0.0
LOAN002008,CUST05436,2749528,Mortgage,8.75,180,Current,0.0
LOAN003694,CUST01500,4849558,home loan,7.02,240,ongoing,0.0
LOAN003501,CUST05436,2633629,Housing Loan,7.11,12,Current,0.03
LOAN007296,CUST04628,445137,Student Loan,9.97,240,Paid Off,0.0
LOAN006424,CUST04295,142935,PL,13.55,36,CLOSED,#N/A
LOAN000490,CUST03591,1159718,car loan,9.61,36,Paid Off,0.99
LOAN004299,CUST03839,484915,Edu Loan,10.5,48,ongoing,0.0
LOAN001982,CUST05098,1209251,Auto Loan,9.26,60,Paid,0.99
LOAN003310,CUST02950,4050751,Mortgage,9.37,84,Current,0.01
LOAN003734,CUST00552,134714,Personal Loan,13.93,48,paid,0.0
LOAN007984,CUST03571,492913,PL,14.62,36,Paid Off,0.0
LOAN004220,CUST03839,2023327,Home Loan,8.79,36,Open,0.01
LOAN000332,CUST03222,N/A,CAR LOAN,11.23,60,nan,0.0
LOAN007565,CUST03824,301350,PL,14.16,120,Current,0.0
LOAN011054,CUST00108,840430,Mortgage,8.41,nan,Closed,0.69
LOAN010920,CUST00247,673161,Housing Loan,8.74,36,ONGOING,0.0
LOAN007871,CUST03677,4292733,Home Loan,7.09,180,ONGOING,nan
LOAN010502,CUST01281,658337,car loan,11.55,36,Paid Off,0.0
LOAN007688,CUST03280,195766,Personal,13.2,120,Ongoing,0.0
LOAN006529,CUST03280,285071,Personal,14.99,#N/A,CLOSED,0.0
LOAN002398,CUST05328,"₹392,001",Business Loan,NULL,36,ONGOING,0.0
LOAN005769,CUST02950,65036,PL,12.17,60,ACTIVE,Unknown
LOAN002819,CUST04599,797459,car loan,NULL,12,paid,0.01
LOAN008904,CUST00247,1788707,Home Loan,8.09,84,Default,0.0
LOAN006832,CUST00236,nan,personal loan,12.81,120,ACTIVE,0.17
LOAN004199,CUST03677,#N/A,Personal,12.91,240,Paid Off,N/A
LOAN007208,CUST03839,512514,Vehicle Loan,9.5,24,ACTIVE,0.0
LOAN002305,CUST01901,461780,Personal,13.13,84,Closed,0.0
LOAN001930,CUST05347,187745,Personal,13.97,180,Paid,0.0
LOAN011567,CUST05268,124734,,14.94,240,Active,0.07
LOAN009701,CUST04628,1843237,Mortgage,8.84,24,Current,nan
LOAN000102,CUST00552,637091,Housing Loan,8.67,36,paid,0.0
LOAN006315,CUST04628,805274,Auto Loan,10.57,60,Closed,0.0
LOAN008963,CUST00015,246943,PL,20.47,60,CLOSED,0.0
LOAN005415,CUST05347,686281,Student Loan,11.28,84,Bad Debt,0.0
LOAN001389,CUST04827,68003,personal loan,12.63,48,PAID,0.0
LOAN001320,CUST04599,303683,PL,12.96,84,DEFAULT,0.0
LOAN010531,CUST05735,249792,PL,12.21,48,Ongoing,0.0
LOAN007339,N/A,1042016,Biz Loan,13.22,240,Closed,0.0
LOAN003328,CUST00709,414891,Personal,13.83,84,PAID,0.0
LOAN005058,CUST01025,278610,Personal Loan,Unknown,12,CLOSED,0.0
LOAN006254,CUST03280,351845,education loan,10.8,180,Active,0.0
LOAN010330,CUST01281,147102,personal loan,13.11,48,Open,Unknown
LOAN002811,CUST03189,210797,PERSONAL LOAN,11.71,84,ACTIVE,0.0
LOAN011501,CUST00015,309050,car loan,-5,240,default,0.0
LOAN003964,CUST03571,867269,Car Loan,10.63,60,Paid,0.0
LOAN007731,CUST02516, ,HOME LOAN,8.33,60,Open,0.99
LOAN000320,CUST01281,1120908,Biz Loan,12.41,48,Fully Paid,0.0
LOAN008684,CUST01500,252983,Personal Loan,Unknown,84,CLOSED,0.0
LOAN008691, ,950796,Auto Loan,11.86,180,Active,0.0
LOAN006463,CUST01281,209989,PERSONAL LOAN,12.88,120,Current,0.0
LOAN003157,CUST01901,621122,HOME LOAN,120,84,N/A,0.0
LOAN004888,CUST03562,2634285,Biz Loan,13.53,48,ongoing,0.01
LOAN010679,CUST04159,#N/A,Student Loan,10.99,180,Paid,#N/A
LOAN007265,CUST03189,468038,personal loan,12.24,120,Fully Paid,0.0
LOAN006270,CUST03824,NULL,HOME LOAN,10.32,60,paid,0.01
LOAN001374,CUST03839,1968309,Housing Loan,8.7,120,ONGOING,-0.5
LOAN009261,CUST01500,50062,PERSONAL LOAN,12.95,180,active,0.0
LOAN010810,CUST00587,2811103,Biz Loan,12.91,120,Ongoing,0.0
LOAN008873,CUST00709,"1,249,079",Mortgage,9.42,240,ONGOING,0.0
LOAN010192,CUST05069,,Auto Loan,8.94,60,Paid Off,0.0
LOAN000505,CUST05436,457168,Personal,13.16,24,N/A,0.0
LOAN006215,CUST05328, ,CAR LOAN,9.96,120,CLOSED,0.0
LOAN011427,CUST05069,2336236,Biz Loan,10.98,48,paid,0.01
LOAN010414,CUST02643,289157,Personal Loan,12.26,120,active,0.0
LOAN011170,CUST00709,398650,personal loan,14.27,60,Paid,0.0
LOAN005940,CUST04628,2317900,business loan,13.35,120,ongoing,0.0
LOAN007662,CUST04599,221080,Personal,11.28,12,ongoing,0.0
LOAN003918,CUST04827,306036,Student Loan,9.38,48,Open,0.0
LOAN008785,CUST05707,473960,Personal Loan,13.8,12,CLOSED,0.0
LOAN009025,CUST03571,4244633,Mortgage,9.99,240,CLOSED,0.0
LOAN002045,CUST03824,4454557,Home Loan,10.36,12,ACTIVE,0.04
LOAN005172,CUST04628,"₹308,817",CAR LOAN,10.55,48,ACTIVE,0.0
LOAN003226,CUST04628,3353117,home loan,8.26,84,Ongoing,0.0
LOAN005083,CUST01025,1499539,Business Loan,12.5,12,Current,0.01
LOAN007922,CUST01025,131510,PL,14.03,120,Fully Paid,0.0
LOAN000028,NULL,488883,PERSONAL LOAN,14.36,12,CLOSED,0.0
LOAN001886,CUST01500,177378,Personal,11.37,240,Paid Off,0.0
LOAN002627,CUST03839,4979196,#N/A,9.61,12,Fully Paid,0.05
LOAN003781,CUST02950,293475,PL,12.08,12,,0.0
LOAN002029,CUST04270,1502530,BUSINESS LOAN,12.46,60,Paid,0.0
LOAN009032,CUST02933,299257,Personal,13.4,60,paid,0.0
LOAN004808,CUST04599,3251591,Mortgage,7.78,84,ONGOING,0.0
LOAN005409,CUST04628,2201377,Home Loan,9.43,12,active,0.02
LOAN011522,CUST03222,299453,Biz Loan,13.67,24,Paid Off,0.0
LOAN009113,CUST03839,1456148,car loan,9.74,120,CHARGED OFF,0.0
LOAN008527,CUST01281,4206656,home loan,10.09,84,active,0.01
LOAN003367,CUST00587,299325,Edu Loan,10.29,180,ACTIVE,0.0
LOAN000917,CUST03571,425183,Personal,14.59,36,PAID,0.0
LOAN008049,CUST03839,162283,Personal Loan,13.7,60,ACTIVE,0.0
LOAN003845,CUST00015,448783,Personal Loan,21.19,120,#N/A,0.0
LOAN008695,CUST02933,347273,EDUCATION LOAN,10.23,84,Fully Paid,0.0
LOAN007956,CUST02643,877340,CAR LOAN,11.15,180,Ongoing,0.0
LOAN006694,CUST03571,1427624,CAR LOAN,11.44,120,Active,0.0
LOAN007578,CUST04270,1540797,BUSINESS LOAN,12.96,240,ACTIVE,0.0
LOAN007367,CUST02933,256644,PL,12.7,240,PAID,0.0
LOAN004614,CUST05347,1430109,Biz Loan,12.28,48,Paid Off,0.0
LOAN011345,CUST03222,3471275,Mortgage,9.69,240,ongoing,0.0
LOAN001014,CUST01935,334604,PL,12.5,12,Paid Off,0.99
LOAN010594,CUST00552,258360,Personal Loan,13.14,48,active,0.0
LOAN009145,CUST05735,2385538,home loan,9.15,24,Fully Paid,0.01
LOAN006707,CUST00843,2251699,BUSINESS LOAN,10.7,180,Fully Paid,0.0
LOAN011601,CUST00318,987661, ,8.63,48,Fully Paid,0.9
LOAN006656,CUST05707,487968,PERSONAL LOAN,13.89,12,Fully Paid,0.0
LOAN008597,CUST02643,"2,996,695",business loan,12.83,84,ACTIVE,0.0
LOAN000462,CUST02975,765427,car loan,10.19,84,ongoing,0.92
LOAN008601,CUST03280,69454,PL,13.78,12,Current,0.0
LOAN005688,CUST05328,0,PERSONAL LOAN,13.84,120,Closed,0.0
LOAN009497,CUST02933,333285,Education Loan,8.74,180,ongoing,0.0
LOAN010993,CUST03189,475880,PERSONAL LOAN,13.52,120,Charged Off,0.0
LOAN005104,,1611002,Business Loan,11.63,12,paid,0.02
LOAN007767,CUST04628,1115461,Auto Loan,10.32,180,Paid Off,0.0
LOAN009209,CUST03824,654237,Edu Loan,10.81,12,ONGOING,0.01
LOAN002591,CUST00587,59767,PERSONAL LOAN,13.21,240,Ongoing,0.0
LOAN001168,CUST00709,463230,PL,nan,36,paid,0.0
LOAN008818,CUST00090,4961627,Housing Loan,9.11,12,Fully Paid,0.05
LOAN002776,CUST03677,456910,PERSONAL LOAN,12.35,24,paid,0.0
LOAN000804,CUST03850,1921171,business loan,11.52,24,Paid,0.99
LOAN003982,CUST01869,236134,EDUCATION LOAN,9.96,12,Closed,0.99
LOAN010545,CUST04599,110143,Personal Loan,12.67,120,DEFAULT,0.0
LOAN004330,CUST03280,"₹401,797",PERSONAL LOAN,13.8,12,ONGOING,0.0
LOAN006719,CUST03677,657157,Auto Loan,Unknown,120,ONGOING,0.0
LOAN005257,CUST04599,1869327,Business Loan,11.41,12,Ongoing,0.02
LOAN006857,CUST04270,587176,#N/A,8.28,180,PAID,0.0
LOAN002401,CUST05069,1311283,car loan,8.95,24,ONGOING,0.01
LOAN008682,CUST03189,823379,car loan,9.86,36,ONGOING,0.0
LOAN006646,CUST02933,1468136,Vehicle Loan,9.17,84,Paid,0.0
LOAN010145,CUST02950,999999999,PL,13.96,24,Current,0.0
LOAN011615,CUST01140,1497291,Mortgage,8.43,84,PAID,0.0
LOAN003814,CUST05347,2577637,Business Loan,12.83,Unknown,Closed,0.01
LOAN004970,CUST03571,3234223,Housing Loan,9.53,240,paid,0.0
LOAN004438,CUST02956,367635,EDUCATION LOAN,11.18,36,Charged Off,NULL
LOAN006679,CUST00015,1251985,Auto Loan,17.06,36,NULL,0.0
LOAN008403,CUST04084,416842,personal loan,13.47,36,CLOSED,0.0
LOAN004362,CUST02950,3996057,Mortgage,8.23,120,Fully Paid,0.0
LOAN002974,CUST03571,845734,home loan,9.04,36,Paid Off,0.0
LOAN011837,CUST02933,274627,Personal,-5,120,paid,0.0
LOAN007198,CUST05436,2087813,Biz Loan,11.23,180,Open,0.0
LOAN002920,CUST02173,"₹709,375",car loan,11.07,180,PAID,0.0
LOAN010938,CUST03222,1427960,business loan,11.87,180,PAID,0.0
LOAN008289,CUST04827,457409,personal loan,13.54,120,active,0.0
LOAN002122,CUST05347,1534835,home loan,9.12,60,ongoing,0.0
LOAN003580,CUST03571,320041,Car Loan,10.05,36,ONGOING,0.0
LOAN011632,CUST02933,253084,Biz Loan,12.36,180,CLOSED,0.0
LOAN003952,CUST04270,-1000,Business Loan,12.99,240,#N/A,0.0
LOAN000603,CUST02950,1206152,business loan,11.67,84,Active,0.0
LOAN009741,CUST01281,214363,car loan,10.64,240,ongoing,0.0
LOAN008346,CUST03824,4422242,Housing Loan,10.49,84,ONGOING,0.01
LOAN011249,CUST03839,"₹864,984",car loan,10.49,36,Open,0.0
LOAN009003,CUST03189,0,BUSINESS LOAN,11.62,180,Charged Off,0.0
LOAN003730,CUST05436,875062,Car Loan,8.66,240,paid,0.0
LOAN005145,CUST05347,1330023,Home Loan,10.15,60,PAID,0.0
LOAN009148,CUST01901,1505605,Housing Loan,8.19,120,Ongoing,0.0
LOAN001544,CUST03839,1827319,HOME LOAN,120,240,ONGOING,0.0
LOAN007292,CUST00247,134443,PL,14.2,180,ACTIVE,0.0
LOAN008719, ,868452,car loan,11.59,12,Paid,2.5
LOAN000112,CUST04759,2198585,Housing Loan,9.37,48,Default,0.99
LOAN006670,CUST00843,896969,Car Loan,10.43,24,Ongoing,0.0
LOAN003946,CUST05469,2172439,home loan,9.31,24,paid,0.99
LOAN003114,CUST00587,N/A,BUSINESS LOAN,13.7,180,CLOSED,0.0
LOAN004841,CUST03189,2046582,Mortgage,8.92,12,CLOSED,nan
LOAN003648,CUST03677,2223754,Business Loan,11.51,84,ONGOING,0.0
LOAN003451,CUST02933,450830,N/A,9.59,0,Ongoing,0.0
LOAN004459,CUST05328,1494542,CAR LOAN,10.07,240,,0.0
LOAN007426,CUST02643,457425,PERSONAL LOAN,12.87,60,PAID,0.0
LOAN004328,CUST03677,646100,Biz Loan,11.47,36,Paid Off,0.0
LOAN001559,CUST02933,2098421,Housing Loan,8.87,180,Ongoing,0.0
LOAN001773,CUST05707,377707,personal loan,13.92,12,Paid,0.0
LOAN001096,CUST05823,,#N/A,14.08,12,active,0.0
LOAN008133,CUST05347,494074,personal loan,,84,CLOSED,0.0
LOAN006294, ,1049543,Vehicle Loan,10.03,180,Open,0.0
LOAN007815,CUST03280,1369427,Auto Loan,11.3,60,Fully Paid,-0.5
LOAN003876,CUST01281,454561,car loan,11.73,60,ONGOING,0.0
LOAN011810,CUST05823,230813,Personal,14.25,84,ongoing,0.0
LOAN011016,CUST04628,2132921,HOME LOAN,9.42,240,Paid Off,0.0
LOAN010122,CUST00587,973093,Car Loan,10.2,48,CLOSED,N/A
LOAN009463,CUST01281, ,Personal,13.38,36,Active,0.0
LOAN006062,CUST00090,409283,PERSONAL LOAN,14.12,48,Ongoing,0.0
LOAN008609,CUST04084,454463,Personal,14.99,180,Fully Paid,0.0
LOAN000076,CUST04084,227643,SME Loan,13.91,180,ACTIVE,0.0
LOAN008464,CUST04628,775211,EDUCATION LOAN,10.69,240,Ongoing,0.0
LOAN009537,CUST04270,3918501,Home Loan,9.34,180,ACTIVE,0.0
LOAN000992,CUST05707,514605,Car Loan,10.7,36,Fully Paid,0.0
LOAN008683,CUST05735,425626,Auto Loan,9.08,180,Ongoing,0.0
LOAN005173,CUST03111,460467,PL,13.58,240,Ongoing,0.22
LOAN001790,CUST03824,2701462,Mortgage,10.01,84,Current,0.0
LOAN000920,CUST04628,338468,Student Loan,10.87,120,Current,0.0
LOAN005428,CUST05707,"357,207",Edu Loan,N/A,84,Paid,0.0
LOAN003321,CUST03677,156985,Education Loan,9.63,60,ACTIVE,0.0
LOAN008341,CUST04270,678523,CAR LOAN,10.39,180,Ongoing,0.0
LOAN010259,CUST04628,N/A,personal loan,13.86,12,Fully Paid,0.0
LOAN009483,CUST05347,785779,CAR LOAN,12.24,24,ACTIVE,0.0
LOAN004127,CUST05735,3712152,Home Loan,8.59,240,ONGOING,0.0
LOAN006607,CUST03562,512885,BUSINESS LOAN,13.19,180,Open,0.0
LOAN005237,CUST01025, ,business loan,13.15,24,Ongoing,0.0
LOAN010992,CUST04599,1687095,business loan,11.65,84,Open,0.0
LOAN000988,CUST00552,464554,BUSINESS LOAN,11.93,120,CLOSED,0.0
LOAN000425,CUST02173,317352,Student Loan,10.38,120,Active,0.0
LOAN009257,CUST00708,787346,SME Loan,13.45,180,Defaulted,0.96
LOAN005798,CUST00090,665016,Student Loan,75,36,Ongoing,0.0
LOAN009789,CUST00247,374301,personal loan,14.04,12,PAID,0.0
LOAN011088,CUST04270,NULL,PL,13.55,24,Paid,0.0
LOAN006346,CUST00843,915639,Biz Loan,12.44,12,ongoing,0.01
LOAN005013,CUST02173,486915,Edu Loan,8.86,60,Open,0.0
LOAN003350,CUST02950,2901921,BUSINESS LOAN,12.42,84,PAID,0.0
LOAN003753,CUST01281,2634193,Business Loan,12.54,48,ONGOING,0.01
LOAN002384,CUST05069,"₹284,089",personal loan,12.69,12,active,0.0
LOAN003696,CUST01500,56586,PL,13.02,24,Active,99
LOAN011771,CUST00552,3059870,Mortgage,8.77,60,Ongoing,0.01
LOAN007587,CUST00090,102753,Personal,13.18,120,CLOSED,
LOAN010009,CUST05823,484981,PERSONAL LOAN,14.89,48,ACTIVE,0.0
LOAN005027,CUST00587,224390,SME Loan,13.57,84,active,0.0
LOAN006983,CUST05436,318579,Student Loan,9.39,36,ONGOING,0.0
LOAN003142,CUST02643,1976696,business loan,12.86,180,Paid,0.0
LOAN006836,CUST01281,63045,PERSONAL LOAN,13.2,240,PAID,
LOAN010290,CUST05328,431557,Personal Loan,13.29,120,Open,0.0
LOAN005002,CUST02643,509415,Edu Loan,10.22,240,Bad Debt,0.0
LOAN009665,CUST01901,309936,PL,12.7,48,active,0.0
LOAN001817,CUST03189,3981713,HOME LOAN,8.01,24,Current,0.02
LOAN000246,CUST04270,892743,Auto Loan,NULL,120,active,NULL
LOAN008631,CUST05735,#N/A,Vehicle Loan,10.4,120,paid,0.0
LOAN005441,CUST05436,145867,Personal,11.75,12,Open,0.0
LOAN008353,CUST03839,"₹1,802,700",business loan,11.57,60,Open,0.0
LOAN005951,CUST05823,104937,PERSONAL LOAN,14.93,0,Current,0.0
LOAN008114,CUST04433,158720,personal loan,13.03,60,Paid Off,0.34
LOAN000124,CUST04599,3633323,Mortgage,7.25,48,Ongoing,0.01
LOAN006671,CUST02950,1766543,nan,8.76,180,Active,0.0
LOAN006150,CUST03562,240026,Vehicle Loan,11.04,48,Closed,0.0
LOAN002264,CUST03677,"₹395,682",Personal,12.76,60,ONGOING,0.0
LOAN009900,CUST00843,202038,personal loan,11.58,240,Open,0.0
LOAN003316,CUST04504,2991859,business loan,12.22,48,Defaulted,0.99
LOAN004210,CUST01281,4580901,Housing Loan,10.12,36,Current,0.02
LOAN009601,CUST01901,0,Mortgage,7.32,180,Paid Off,0.0
LOAN008731,CUST00843,331478,PL,12.63,Unknown,Closed,0.0
LOAN006114,CUST00587,3814776,HOME LOAN,9.9,12,Current,0.04
LOAN001029,CUST05707,1064932,home loan,10.74,48,Ongoing,0.0
LOAN003309,CUST03562,482079,PERSONAL LOAN,15.24,48,ongoing,0.0
LOAN003437,CUST04084,650800,education loan, ,48,DEFAULT,0.0
LOAN006914,CUST05707,"₹1,953,596",Business Loan,13.86,240,Ongoing,0.0
LOAN011136,CUST01140,"107,872",Personal Loan,12.13,60,Current,NULL
LOAN010175,CUST05707,2495870,Biz Loan,14.37,36,PAID,0.01
LOAN007482,CUST05735,1187243,Home Loan,7.86,60,active,0.0
LOAN001346,CUST01281,1377070,Car Loan,11.41,84,Paid Off,0.0
LOAN004445,CUST02643,1245113,CAR LOAN,11.19,84,CLOSED,0.0
LOAN000218,CUST04628,4482617,home loan,8.49,48,Open,0.01
LOAN001289,CUST03571,3071834,Home Loan,9.9,48,Ongoing,0.01
LOAN004179,CUST04599,2363104,Housing Loan,8.2,180,Fully Paid,0.0
LOAN005760,CUST04084,436873,personal loan,14.99,36,ongoing,0.0
LOAN006940,CUST05823,"₹162,684",PERSONAL LOAN,15.34,60,ongoing,0.0
LOAN010983,CUST05823,,Personal Loan,15.38,84,Current,Unknown
LOAN005243,CUST05135,849705,Auto Loan,9.73,240,Current,0.15
LOAN000301,CUST04084,1036158,Car Loan,11.5,84,Paid Off,0.0
LOAN002634,CUST00247,609725,Education Loan,10.09,36,ONGOING,0.0
LOAN007600,CUST03839,1242479,car loan,10.32,12,#N/A,0.01
LOAN006213,CUST00587,2322879,Home Loan,9.01,180,Current,-0.5
LOAN003759,CUST05328,235098,personal loan,14.64,12,paid,0.0
LOAN005778,CUST03250,-1000,PERSONAL LOAN,13.33,84,Fully Paid,0.54
LOAN001922,CUST00090,4776707,home loan,9.78,60,#N/A,0.01
LOAN000846,CUST00709,404598,personal loan,13.36,48,PAID,0.0
LOAN009306,CUST03677,2816226,business loan,12.49,84,active,0.0
LOAN011327,CUST02950,460396,Personal,13.35,,paid,0.0
LOAN002420,CUST01025,nan,Mortgage, ,24,Paid Off,0.02
LOAN011673,CUST03824,831624,business loan,13.27,36,CHARGED OFF,0.0
LOAN006599,CUST01500,3947888,Housing Loan,8.47,60,Ongoing,0.01
LOAN002645,CUST01901,831573,car loan,8.57,nan,Current,0.0
LOAN009380,CUST00843,NULL,Housing Loan,8.44,84,Ongoing,0.01
LOAN011587,CUST02950,711458,business loan,12.45,240,Open,0.0
LOAN005948,CUST04628,1299178,HOME LOAN,9.78,240,NULL,-0.5
LOAN007227,CUST01707,3677304,Mortgage,9.08,240,CLOSED,0.99
LOAN001055,CUST02643,249293,personal loan,12.79,60,Fully Paid,nan
LOAN002097,CUST00090,337240,Edu Loan,9.98,84,Active,0.0
LOAN002628,CUST03189,1196261,Auto Loan,9.18,120,Paid,0.0
LOAN010520,CUST04827,651606,business loan,12.51,24,Paid Off,0.0
LOAN008121,CUST05735,"1,068,146",Auto Loan,8.9,12,ONGOING,0.01
LOAN009916,#N/A,93766,Personal Loan,11.66,180,ACTIVE,0.0
LOAN010496,CUST04270,1131056,Vehicle Loan, ,48,Paid Off,0.0
LOAN000641,CUST04599,"411,664",personal loan,11.56,12,active,0.0
LOAN004755,CUST01342,"₹1,124,959",SME Loan,13.41,84,PAID,0.7
LOAN008144,CUST04827,459612,Business Loan,12.15,24,Paid Off,0.0
LOAN001636,CUST05069,297687,BUSINESS LOAN,11.48,24,#N/A,0.0
LOAN007805,CUST03189,2928334,Mortgage,7.57,60,Ongoing,0.01
LOAN001308,CUST00090,158399,personal loan,14.25,24,ongoing,0.0
LOAN001390,CUST05347,864167,BUSINESS LOAN,12.95,120,paid,0.0
LOAN006998,CUST00090,4971634,Mortgage,8.36,,paid,0.01
LOAN004884,CUST00843,Unknown,Student Loan,9.25,180,#N/A,0.0
LOAN011871,CUST01281,"₹4,227,162",home loan,8.51,48,paid,0.01
LOAN000357,CUST02090,742244,NULL,9.1,84,Paid,0.4
LOAN005160,CUST01901,2401567,BUSINESS LOAN,12.01,120,Closed,0.0
LOAN006133,CUST02950,358632,Education Loan,8.76,36,Active,0.0
LOAN010465,CUST01025,4325431,Home Loan,75,240,Paid Off,0.0
LOAN004394,CUST01281,90039,personal loan,14.35,12,Closed,0.0
LOAN003166,CUST00587,161402,PERSONAL LOAN,14.25,120,ACTIVE,nan
LOAN011959,CUST05518,268591,CAR LOAN,Unknown,24,DEFAULT,0.99
LOAN011002,CUST00247,3051379,Mortgage,8.68,24,Paid Off,Unknown
LOAN002977,N/A,3871055,home loan,8.37,36,ongoing,0.01
LOAN003571,CUST01140,3824858,home loan,8.33,60,ongoing,0.01
LOAN010281,CUST03824,219077,PL,13.55,48,PAID,0.0
LOAN003499,CUST04827,4040615,Housing Loan,9.79,180,Open,Unknown
LOAN000528,CUST01025,66115,Personal,13.08,84,Current,0.0
LOAN009981,CUST03189,"4,721,347",Mortgage,7.23,240,active,0.0
LOAN011296,CUST02173,N/A,PERSONAL LOAN,12.44,120,Fully Paid,0.0
LOAN000214,CUST03677,0,Edu Loan,9.17,84,,0.0
LOAN008962,CUST00247,2856511,Biz Loan,11.59,240,Paid,0.0
LOAN003317,CUST00587,1128131,Biz Loan,13.36,240,Open,0.0
LOAN005780,CUST04628,721769,education loan,10.06,84,Ongoing,0.0
LOAN006417,CUST00015,315166,Personal Loan,20.98,12,CLOSED,0.0
LOAN011782,CUST04270,0,PL,13.84,60,paid,0.0
LOAN008139,CUST00843,1721648,SME Loan,11.51,48,ONGOING,0.0
LOAN009620,CUST03824,1433310,NULL,13.6,120,paid,0.0
LOAN004988,CUST02929,"₹1,076,058",Auto Loan,11.73,240,Paid Off,0.46
LOAN002902,CUST00090,184175,Student Loan,nan,24,Fully Paid,0.0
LOAN009435,CUST05735,212732,Auto Loan,9.08,240,ongoing,-0.5
LOAN000652,CUST03280,1595877,HOME LOAN,8.98,48,CLOSED,0.0
LOAN007504,CUST03222,383212,SME Loan,13.45,240,ongoing,0.0
LOAN001536,CUST02515,1896082,BUSINESS LOAN,13.56,60,Paid,0.99
LOAN009378,CUST05823,492633,Personal,14.83,36,Paid Off,0.0
LOAN005496,CUST05707,447269,education loan,11.29,180,N/A,0.0
LOAN003710,CUST00090,3735643,Housing Loan,8.73,600,Closed,0.0
LOAN006474,CUST03189,2692709,Home Loan,8.36,84,ONGOING,0.0
LOAN009428,CUST05735,857722,HOME LOAN,8.39,48,CLOSED,
LOAN011946,CUST05735,2300975,Home Loan,7.5,84,#N/A,0.0
LOAN006978,CUST04563,NULL,Car Loan,12.38,84,CHARGED OFF,0.99
LOAN002425,CUST00709,853160,Auto Loan,10.26,48,PAID,0.0
LOAN006765,CUST04827,2678696,Mortgage,8.6,84,Paid,0.0
LOAN010382,CUST00709,2277224,HOME LOAN,8.06,12,CLOSED,0.02
LOAN003332,CUST05328,140058,PERSONAL LOAN,14.42,24,Paid Off,0.0
LOAN007872,CUST03222,3298082,home loan,8.22,36,ACTIVE,0.01
LOAN008876,CUST00709,803587,CAR LOAN,11.31,,ACTIVE,0.0
LOAN007933,CUST03189,808529,Auto Loan,9.92,240,ACTIVE,0.0
LOAN010550,CUST05328,3753139,Mortgage,9.7,84,active,0.01
LOAN004599,CUST04400,1061530,car loan,10.08,12,default,0.99
LOAN007887,CUST02513,887491,Car Loan,9.06,60,Paid Off,0.99
LOAN002133,CUST05069,N/A,Personal Loan,11.39,36,Paid Off,0.0
LOAN004163,CUST03839,597162,BUSINESS LOAN,11.19,84,ACTIVE,0.0
LOAN008944,#N/A,nan,HOME LOAN,9.53,240,ongoing,0.0
LOAN007981,CUST01500,638356,Auto Loan,8.8,24,Ongoing,0.0
LOAN006628,CUST01500,54683,Personal,12.81,84,PAID,0.0
LOAN001533,CUST04665,1035863,Car Loan,9.35,120,default,0.99
LOAN009676,CUST03850,248468,PERSONAL LOAN,13.19,120,ONGOING,0.28
LOAN003151,CUST02933,1132933,CAR LOAN,10.71,120,PAID,0.0
LOAN001110,CUST02328,841024,SME Loan,13.76,84,CHARGED OFF,0.45
LOAN008710,CUST00709,488481,SME Loan,12.06,12,ongoing,0.0
LOAN004454,CUST02643,,SME Loan,12.66,120,Ongoing,0.0
LOAN001484,CUST04599,3697886,HOME LOAN,8.2,84,Fully Paid,0.01
LOAN005787,CUST01281,"108,260",Personal,12.91,60,ONGOING,0.0
LOAN001546,CUST05347,2778643,business loan,NULL,36,Paid,0.01
LOAN000693,CUST01500,4272670,Mortgage,7.11,48,Current,NULL
LOAN008372,CUST04084,1556042,Biz Loan,12.82,60,ACTIVE,0.0
LOAN008439,CUST00247,371351,CAR LOAN,10.57,12,Active,99
LOAN008951,CUST03571,219926,Auto Loan,10.81,36,Fully Paid,99
LOAN009545,CUST00247,1931138,BUSINESS LOAN,12.12,84,Fully Paid,0.0
LOAN008375,CUST04270,2075440,BUSINESS LOAN,12.34,84,ONGOING,0.0
LOAN006989,CUST00409,1133381,Auto Loan,9.85,240,Bad Debt,0.99
LOAN011066,CUST04084,790670,SME Loan,13.14,240,ongoing,0.0
LOAN005432,CUST05069,0,Home Loan,8.2,36,ongoing,0.02
LOAN008242,CUST00587,"₹449,841",PL,13.29,120,Ongoing,0.0
LOAN003818,CUST04780,"₹2,547,198",Mortgage,8.93,180,N/A,0.99
LOAN010285,CUST01140,1213105,Vehicle Loan,9.02,180,Active,0.0
LOAN009894,CUST03222,141398,EDUCATION LOAN,9.46,12,Open,0.0
LOAN004928,CUST01025,932926,SME Loan,12.04,36,ongoing,0.0
LOAN004209,CUST00247,1546767,home loan,8.9,84,Active,0.0
LOAN007116,CUST05328,"201,254",Education Loan,9.42,240,Fully Paid,0.0
LOAN002834,CUST02950,260601,Personal Loan,13.59,60,Active,0.0
LOAN002620,CUST02950,1215050,car loan, ,120,Paid,0.0
LOAN002364,CUST00843,185759,PL,12.98,48,CLOSED,0.0
LOAN000552,CUST03571,NULL,Car Loan,11.19,24,Open,0.0
LOAN005140,CUST05069,294357,Car Loan,8.72,84,Paid,0.0
LOAN010063,CUST02209,1879605,, ,84,Defaulted,0.99
LOAN005897,CUST03839,2348961,Home Loan,8.38,12,Current,0.02
LOAN007761,,3880464,HOME LOAN,N/A,180,ONGOING,0.0
LOAN000379,CUST05328,326691,Personal,14.7,36,Ongoing,0.0
LOAN011948,CUST03677,"590,362",Edu Loan,8.52,24,Fully Paid,0.0
LOAN010275,CUST05735,488294,Business Loan,11.84,12,,0.0
LOAN005221,CUST00090,1160110,Business Loan,12.13,12,Active,0.01
LOAN009100,,494137,Personal Loan,13.52,12,Fully Paid,0.0
LOAN000471,CUST04599,143362,personal loan,13.12,180,Fully Paid,0.0
LOAN005707,CUST00015,4798588,Home Loan,15.8,36,CLOSED,0.02
LOAN000489,CUST05069,"365,323",Education Loan,8.56,36,NULL,NULL
LOAN002527,CUST03824,73454,PERSONAL LOAN,14.35,36,N/A,-0.5
LOAN007716,CUST03222,685055,CAR LOAN,10.16,240,Ongoing,0.0
LOAN008898,CUST03839,4862110,Housing Loan,8.19,36,Open,0.02
LOAN010106,CUST04084,1709043,Business Loan,12.61,240,paid,0.0
LOAN007348,CUST00788,408619,car loan,11.84,180,ONGOING,0.29
LOAN002441,CUST05218,461387,Personal Loan,12.09,48,ACTIVE,0.99
LOAN000266,CUST03677,1623508,business loan,nan,12,Paid Off,0.02
LOAN002076,CUST05436,1333302,Vehicle Loan,8.73,48,Active,0.0
LOAN004345,CUST03280,451034,CAR LOAN,11.72,60,Paid Off,0.0
LOAN008562,CUST00583,835535,Auto Loan,9.5,48,CHARGED OFF,0.99
LOAN005969,CUST02593,2134622,business loan,13.79,Unknown,CHARGED OFF,0.99
LOAN004025,CUST03189,4909561,home loan,7.75,12,ACTIVE,0.05
LOAN010929,CUST02950,158703,Education Loan,9.37,12,Closed,0.0
LOAN011082,CUST05823,264156,#N/A,14.08,36,Current,0.0
LOAN004230,CUST01901,411084,Education Loan,9.45,36,ongoing,0.0
LOAN007127,CUST05707,96563,PERSONAL LOAN,15.29,48,PAID,0.0
LOAN000080,CUST00090,"1,478,620",Car Loan,10.84,180,paid,0.0
LOAN010028,CUST00843,2898478,BUSINESS LOAN,11.63,24,CLOSED,0.01
LOAN006818,CUST03824,2288724,SME Loan,13.91,48,paid,0.01
LOAN008262,CUST00587,1558346,Housing Loan,9.43,48,active,0.0
LOAN011547,CUST05735,161967,Edu Loan,10.09,240,PAID,0.0
LOAN008005,CUST05436,870537,business loan,11.87,180,ongoing,0.0
LOAN008703,CUST03839,430655,personal loan,12.18,120,paid,0.0
LOAN002718,CUST01281,#N/A,Auto Loan,10.66,36,ACTIVE,0.0
LOAN007102,CUST02950,491617,PL,13.56,240,active,0.0
LOAN006649,CUST03677,772973,Student Loan,8.25,240,ongoing,Unknown
LOAN007711,CUST05436,0,#N/A,13.07,36,Active,0.0
LOAN010425,CUST01140,295318,PERSONAL LOAN,N/A,12,CHARGED OFF,0.0
LOAN004947,CUST00090,550711,CAR LOAN,10.04,84,Paid,0.0
LOAN007508,CUST01500,2852522,Housing Loan,7.43,36,Active,0.01
LOAN003896,CUST02421,326872,business loan,13.79,36,Default,0.99
LOAN002321,CUST02950,268979,PERSONAL LOAN,,,Paid,99
LOAN002163,CUST00552,78535,personal loan,13.39,36,Current,0.0
LOAN003369,CUST02173,480782,Vehicle Loan,10.74,12,Open,0.0
LOAN000366,CUST01281,371146,PL,14.38,84,CLOSED,0.0
LOAN002308,CUST03562,2638408,BUSINESS LOAN,13.97,240,Active,N/A
LOAN001892,CUST00709,1414754,home loan,8.72,60,Ongoing,0.0
LOAN000483,CUST02173,887622,CAR LOAN,10.16,180,Open,#N/A
LOAN006698,CUST02950,254523,PL,13.91,180,paid,0.0
LOAN007352,CUST00015,4243348,Home Loan,15.55,12,CHARGED OFF,0.04
LOAN011251,CUST00090,201399,N/A,10.74,60,Active,0.0
LOAN006855,CUST05823,256760,Personal Loan,14.42,36,active,0.0
LOAN009976,CUST01901,469513,PERSONAL LOAN,11.97,36,ONGOING,0.0
LOAN000533,CUST05347,227002,Personal,13.51,60,Closed,0.0
LOAN006434,CUST03189,"481,489",PERSONAL LOAN,12.96,36,Current,0.0
LOAN005933, ,135179,Personal Loan,15.11,24,Active,0.0
LOAN009907,CUST02933,2363728,HOME LOAN,9.23,84,PAID,0.0
LOAN003221,CUST01025,875596,Auto Loan,9.31,120,Default,0.0
LOAN010794,CUST03677,nan,Biz Loan,11.46,24,ACTIVE,0.01
LOAN003426,CUST02643,"324,886",Personal Loan,12.59,120,ONGOING,0.0
LOAN010038,CUST01025,1102193,car loan,11.06,48,Open,0.0
LOAN005320,CUST00015,1625863,business loan,19.07,48,Default,0.0
LOAN003998,CUST02933,785409,HOME LOAN,9.22,84,Current,0.0
LOAN008283,CUST04565,793908,Unknown,12.23,60,Bad Debt,0.99
LOAN001940,CUST02636,335761,SME Loan,12.53,,Defaulted,0.65
LOAN004721,CUST03839,968113,Business Loan,12.28,36,Paid,0.0
LOAN000503,CUST03222,,NULL,13.21,180,Fully Paid,0.0
LOAN005477,CUST02950,961096,CAR LOAN,10.02,36,active,0.0
LOAN006026,CUST03189,147188,PL,12.9,N/A,Current,Unknown
LOAN010349,CUST05328,930688,Vehicle Loan,11.38,240,Active,0.0
LOAN000997,CUST01140,693008,Biz Loan,11.46,12,ongoing,0.01
LOAN009120,CUST03222,"₹2,257,598",Mortgage,10.02,84,PAID,0.0
LOAN003924,CUST05735,625100,Vehicle Loan,9.21,36,Paid Off,0.0
LOAN001015,CUST01281,703093,Vehicle Loan,11.15,240,Current,0.0
LOAN003711,CUST01466,3184156,Housing Loan,6.7,24,PAID,0.99
LOAN011933,CUST02950,"₹492,578",Personal,12.52,180,Open,99
LOAN008652,CUST00552,381855,EDUCATION LOAN,10.36,36,Active,0.0
LOAN008356,CUST02173,351517,PERSONAL LOAN,13.66,12,ONGOING,0.0
LOAN008365,CUST05707,86386,personal loan,14.7,180,CLOSED,0.0
LOAN001173,CUST03280,2010116,HOME LOAN,,36,ongoing,0.01
LOAN002086,CUST05347,64698,personal loan,13.62,48,active,0.0
LOAN004961,CUST03824,702132,home loan,9.72,60,Active,0.0
LOAN001905,CUST03644,378342,Car Loan,9.29,120,ongoing,0.5
LOAN001238,CUST03222,464008,PERSONAL LOAN,13.41,48,Open,0.0
LOAN003858,CUST03571,2771294,NULL,13.66,84,Current,0.0
LOAN006411,CUST00552,218551,PL,12.9,84,Fully Paid,0.0
LOAN002127,CUST00090,271891,Personal,13.46,36,ACTIVE,0.0
LOAN007121,CUST01025,999127,Car Loan,10.08,60,Closed,0.0
LOAN007842,CUST03693,2519668,Mortgage,8.16,36,Charged Off,0.99
LOAN001384,CUST04084,1528792,Mortgage,9.88,120,Fully Paid,0.0
LOAN008596,CUST02643,53570,personal loan,13.94,120,ongoing,0.0
LOAN005958,CUST00587,2960494,Business Loan,12.02,60,active,0.01
LOAN008308,CUST02173,781086,Housing Loan,9.18,24,paid,0.0
LOAN009680,CUST00709,420322,Personal,13.76,48,Active,0.0
LOAN010713,CUST05707,139526,Personal,13.62,36,Ongoing,0.0
LOAN009314,CUST00552,446336,Car Loan, ,84,ONGOING,0.0
LOAN006689,CUST03280,1465165,Business Loan,13.71,48,ACTIVE,0.0
LOAN003543,CUST02950,389296,personal loan,,36,active,0.0
LOAN007854,CUST05347,488232,SME Loan,14.25,240,active,0.0
LOAN007677,CUST02855,317677,education loan,8.48,48,DEFAULT,0.99
LOAN000946,CUST00587,460801,Personal,13.75,84,ONGOING,0.0
LOAN001674,CUST02933,4159549,Housing Loan,8.05,12,ACTIVE,0.04
LOAN000753,CUST00015,1401021,Car Loan,17.91,24,CLOSED,0.01
LOAN011388,NULL,215082,personal loan,14.78,180,ACTIVE,0.0
LOAN003375,CUST03677,1364179,business loan,12.37,240,Ongoing,0.0
LOAN011813,CUST02173,"₹378,869",#N/A,9.07,24,ongoing,0.0
LOAN004687,CUST05823,169804,personal loan,14.9,240,active,0.0
LOAN006813,CUST00709,2285704,Housing Loan,9.43,12,Paid Off,0.02
LOAN005150,CUST02643,981412,Car Loan,10.25,nan,Current,0.0
LOAN011517,CUST03280,Unknown,Housing Loan,9.98,24,Paid,0.02
LOAN009307,CUST05707,1244813,home loan,10.22,60,Closed,0.0
LOAN002343,CUST05707,1147919,Mortgage,9.72,0,Paid,0.0
LOAN003569,CUST04725,240718,education loan,12.1,48,Closed,0.61
LOAN011059,Unknown,352548,CAR LOAN,10.12,180,Active,0.0
LOAN000126,CUST02173,217027,Personal Loan,12.37,36,Paid,0.0
LOAN010925,CUST03824,792350,Car Loan,10.17,24,Paid,0.0
LOAN001376,CUST04270,1139293,home loan,8.81,180,Fully Paid,0.0
LOAN005166,CUST03677,2793632,home loan,8.53,180,Active,0.0
LOAN005771,CUST02950,208175,car loan,10.51,48,Ongoing,0.0
LOAN011652,CUST04827,275538,Personal Loan,14.15,24,ACTIVE,0.0
LOAN004010,CUST00709,459770,PL,13.75,240,Open,0.0
LOAN006040,CUST05069,286679,PERSONAL LOAN,12.31,24,Paid Off,0.0
LOAN002002,CUST03280,3099759,Home Loan,9.09,48,Current,0.01
LOAN004811,CUST01025,1357040,Vehicle Loan,9.47,48,Ongoing, 
LOAN011261,CUST02933,358679,PL,13.25,120,Ongoing,0.0
LOAN006959,CUST00696,4743796,Housing Loan,8.54,84,Defaulted,0.99
LOAN004072,CUST00552,354729,PERSONAL LOAN,13.25,48,PAID,0.0
LOAN000821,CUST04084,376952,PL,13.98,48,Active,0.0
LOAN000460,CUST00843,2433672,Mortgage,7.11,36,Closed,0.01
LOAN008716,CUST02173,790278,BUSINESS LOAN,12.29,36,CLOSED,0.0
LOAN011909,CUST03824,417832,Personal Loan,14.67,180,PAID,0.0
LOAN008189,CUST01140,2919671,SME Loan,11.4,12,Paid Off,0.03
LOAN000977,CUST04599,329962,education loan,8.51,24,paid,0.0
LOAN009768,CUST00587,1857814,BUSINESS LOAN,13.72,240,active,0.0
LOAN008641,CUST03839,2909690,Business Loan,12.72,N/A,Paid,nan
LOAN001453,CUST00015,1881362,Home Loan,15.85,180,Bad Debt,0.0
LOAN006637,CUST02732,577283,Education Loan,9.71,12,NULL,0.99
LOAN007730,CUST02173,1393292,Auto Loan,9.48,48,ongoing,0.0
LOAN000757,CUST05069,225012,Vehicle Loan,9.73,48,Fully Paid,0.0
LOAN007770,CUST05328,403820,PL,13.49,36,Open,0.0
LOAN006712,CUST02643,233117,PERSONAL LOAN,13.95,84,ONGOING,0.0
LOAN004365,CUST05823,166913,NULL,14.07,48,Open,0.0
LOAN003477,CUST00247,1386732,home loan,8.47,180,ACTIVE,0.0
LOAN010739,CUST05707,2098221,Housing Loan,10.12,12,Paid,0.02
LOAN009623,CUST00588,4384075,Home Loan,10.27,24,CLOSED,0.99
LOAN006581,CUST03562,1577846,HOME LOAN,10.83,84,Current,0.0
LOAN011199,CUST04084,423928,Edu Loan,10.9,240, ,0.0
LOAN011177,CUST05436,1239202,car loan,10.56,#N/A,PAID,0.0
LOAN006106,CUST02173,3962777,Housing Loan,8.19,84,ONGOING,0.01
LOAN002701,CUST03277,610242,BUSINESS LOAN,12.22,84,PAID,0.6
LOAN001326,CUST03751,438430,car loan,9.71,180,Closed,0.28
LOAN000772,CUST04599,219292,,13.25,60,Fully Paid,0.0
LOAN006400,CUST01025,379422,PL,13.64,,Open,0.0
LOAN000431,CUST04270,Unknown,Biz Loan,13.47,240,ongoing,0.0
LOAN011347,CUST03824,330549,Personal Loan,14.65,N/A,Defaulted,0.0
LOAN000486,CUST03677,1613267,Housing Loan,7.15,240,ONGOING,0.0
LOAN011744,CUST03571,897089,Mortgage,8.54,120,ACTIVE,0.0
LOAN006555,CUST02950,1768172,business loan,12.86,60,paid,0.0
LOAN005230,CUST03689,3356869,Housing Loan,8.48,,Default,0.99
LOAN004831,CUST05517,122492,PERSONAL LOAN,11.89,12,default,0.99
LOAN003830,CUST05663,417512,#N/A,10.73,12,Paid Off,0.99
LOAN011086,CUST04270,1473651,CAR LOAN,10.87,84,Closed,0.0
LOAN005296,CUST00552,1368368,home loan,9.71,12,ongoing,0.01
LOAN003223,CUST01246,670312,Education Loan,9.76,60,Bad Debt,0.99
LOAN007988,CUST05436,304766,education loan,9.94,84,ongoing,0.0
LOAN011880,CUST00709,937935,Vehicle Loan,9.77,48,PAID,0.0
LOAN007511,CUST03222,4283777,home loan,8.6,84,active,0.01
LOAN010157,CUST01155,877858,business loan,12.28,24,Paid,0.99
LOAN003512,CUST03824,444642,Personal,15.03,120,Default,0.0
LOAN003254,CUST01025,504523,Education Loan,9.56,12,Current,0.01
LOAN008349,CUST00207,593068,Housing Loan,8.4,24,paid,0.99
LOAN009223,CUST00552,2000323,SME Loan,12.01,60,Closed,0.0
LOAN000081,CUST05735,"309,941",car loan,10.54,36,Paid,0.0
LOAN004981,CUST02898,3396092,Housing Loan,#N/A,36,Ongoing,0.99
LOAN006197,CUST03562,1460035,Car Loan,11.81,120,CLOSED,0.0
LOAN004878,CUST03189,346739,Personal,12.24,60,CLOSED,0.0
LOAN008382,CUST00843,1089671,BUSINESS LOAN,11.82,36,CLOSED,0.0
LOAN010522,CUST03562,2071040,Housing Loan,11.12,84,Open,0.0
LOAN005722,CUST04827,106221,Personal,12.36,240,PAID,0.0
LOAN008610,CUST03265,"199,474",PL,14.0,24,default,0.99
LOAN000704,CUST01281,434986,personal loan,13.18,24,Paid,
LOAN004680,CUST00843,191311,personal loan,12.68,60,Current,
LOAN011531,CUST02950,1384307,Home Loan,8.83,48,CLOSED,0.0
LOAN001046,CUST05436,2744569,Mortgage,7.25,180,Open,0.0
LOAN008687,CUST05328,1900181,BUSINESS LOAN,11.78,36,active,0.01
LOAN008878,CUST00270,223423,personal loan,13.55,24,ongoing,0.55
LOAN006558,CUST00090,1758837,Business Loan,12.37,120,Active,0.0
LOAN005340,CUST04270,240060,business loan,12.12,84,Active,0.0
LOAN002597,CUST05347,277280,personal loan,13.41,12,paid,0.0
LOAN005256,CUST00015, ,Home Loan,15.99,48,default,0.01
LOAN007075,CUST02173,1395711,N/A,12.0,48,PAID,0.0
LOAN008073,CUST03189,N/A,PERSONAL LOAN,11.66,240,Active,0.0
LOAN004611,CUST05328,"3,988,321",Mortgage,8.71,12,ACTIVE,0.04
LOAN000959,CUST00090,2647488,Business Loan,13.69,84,CLOSED,0.0
LOAN005964,CUST02643,669755,CAR LOAN,9.71,#N/A,Paid,0.0
LOAN006424,CUST04295,142935,PL,13.55,36,CLOSED,#N/A
LOAN010514,CUST00478,1152667,home loan,Unknown,120,Fully Paid,0.77
LOAN009725,nan,2096349,BUSINESS LOAN,11.91,240,paid,0.0
LOAN006982,CUST03562,60084,Personal Loan,15.31,12,Open,99
LOAN008131,CUST03824,4075787,home loan,10.54,36,Fully Paid,0.01
LOAN009638,CUST02643,70540,Personal,14.03,84,active,0.0
LOAN002458,CUST03571,491722,Personal,14.65,12,Fully Paid,0.0
LOAN010123,CUST05735,690960,Edu Loan,8.68,12,Unknown,0.01
LOAN008863,CUST04612,2216728,Biz Loan,-5,84,Paid,0.99
LOAN004262,CUST02950,187015,Personal Loan,13.28,120,Closed,0.0
LOAN008513,CUST00247,361037,,#N/A,12,Fully Paid,0.0
LOAN001638,CUST05735,2430052,Housing Loan,7.79,240,Paid,0.0
LOAN011958,CUST05707,225922,Student Loan,10.98,24,active,0.0
LOAN008002,CUST03494,nan,Personal,120,24,paid,0.99
LOAN008675,CUST05436,1561523,business loan,11.47,84,Paid,0.0
LOAN004374,CUST00015,4680625,HOME LOAN,17.39,180,default, 
LOAN009541,CUST03222,849220,business loan,13.37,12,Ongoing,0.01
LOAN011640,CUST05801,1243573,car loan,9.9,60,Defaulted,0.99
LOAN000765,CUST00015,2155846,Housing Loan,17.16,120,CHARGED OFF,0.0
LOAN006711,CUST04599,402874,Personal Loan,13.05,84,Paid,0.0
LOAN004856,CUST00709,4238600,Mortgage,,24,Open,0.02
LOAN004141,CUST01140,1172628,Home Loan,6.97,84,ACTIVE,0.0
LOAN008909,CUST00843,409688,PERSONAL LOAN,12.99,180,paid,99
LOAN007792,CUST00200,470492,PERSONAL LOAN,13.9,240,PAID,0.38
LOAN007499,CUST00247, ,education loan,9.55,60,Ongoing,0.0
LOAN000904,CUST03571,483848,PERSONAL LOAN,14.49,48,Active,0.0
LOAN011953,CUST05328,N/A,Personal Loan,12.88,120,Closed,0.0
LOAN004136,CUST03677,,SME Loan,11.57,24,Closed,0.01
LOAN000074,CUST05823,3233299,HOME LOAN,10.17,12,PAID,0.03
LOAN004187,CUST00090,1138907,CAR LOAN,10.42,180,Open,0.0
LOAN003716,CUST03562,915517,Auto Loan,11.09,60,ONGOING,0.0
LOAN011285,CUST00552,#N/A,Biz Loan,12.26,84,Open,0.0
LOAN002000,CUST03562,999999999,car loan,,,nan,0.0
LOAN004520,CUST01979,2267688,home loan,8.83,180,Defaulted,0.99
LOAN003930,CUST05707,302199,Personal,14.07,240,ACTIVE,0.0
LOAN010797,CUST05707,137771,personal loan,15.09,180,ongoing,0.0
LOAN000766,CUST03562,454346,PL,15.11,48,Ongoing,0.0
LOAN008646,CUST04827,1137275,business loan,12.09,60,ACTIVE,0.0
LOAN000874,CUST04827,242160,Edu Loan,10.73,120,Fully Paid,0.0
LOAN004246,CUST01901,307249,PL,11.54,48,active,0.0
LOAN004146,CUST03839,275778,Personal Loan,13.4,180,Paid,0.0
LOAN011885,CUST04270,233563,Personal Loan,13.93,84,Open,0.0
LOAN003096,CUST00247,260019,personal loan,13.25,60,Ongoing,0.0
LOAN009001,CUST05707,82006,PL,14.37,60,active,0.0
LOAN007444,CUST02950,2323032,SME Loan,11.82,240,Paid Off,N/A
LOAN004638,CUST05735,4525076,HOME LOAN,7.56,24,Closed,0.02
LOAN011908,CUST05069,2478125,Mortgage,6.64,48,ongoing,0.01
LOAN009470,CUST03189,"₹2,963,660",Home Loan,7.71,60,PAID,0.01
LOAN006926,CUST03824,4822981,home loan,9.73,240,Open,0.0
LOAN001997,CUST00709,0,Vehicle Loan,9.38,12,active,0.01
LOAN005657,CUST01025,1441628,HOME LOAN,Unknown,180,active,0.0
LOAN009491,CUST03222,822903,car loan,10.22,120,ongoing,0.0
LOAN008635,CUST05069,1018625,CAR LOAN,8.66,120,active,0.0
LOAN010822,CUST03677,2185240,N/A,11.35,60,Closed,0.0
LOAN004824,CUST05436,468491,Personal Loan,NULL,180,Fully Paid,0.0
LOAN007388,CUST03807,154673,PL,13.44,120,Closed,0.16
LOAN005934,CUST00247,1551848,BUSINESS LOAN,12.57,240,N/A,0.0
LOAN003150,CUST05069,2308410,Home Loan,8.16,120,Ongoing,0.0
LOAN007236,CUST05347,#N/A,NULL,12.8,240,default,0.0
LOAN005869,CUST04084,624283,home loan,10.31,36,Fully Paid,0.0
LOAN000263,CUST05735,983554,Vehicle Loan,10.11,0,ongoing,0.0
LOAN003731,CUST04827,149811,Edu Loan,8.97,36,Paid,0.0
LOAN000622,CUST03189,729598,EDUCATION LOAN,9.12,240,Ongoing,0.0
LOAN005820,CUST04628,N/A,Personal Loan,12.93,240,Active,0.0
LOAN004206,CUST00015,375929,PL,21.6,48,Closed,0.0
LOAN005547,CUST02643,1498879,Home Loan,8.77,120,ongoing,0.0
LOAN001091,CUST02173,1760412,Biz Loan,13.12,24,Active,
LOAN007253,CUST05823,1194406,Housing Loan,10.6,240,ACTIVE,0.0
LOAN010468,CUST02933,603756,Auto Loan,9.72,84,ONGOING,0.0
LOAN001064,CUST03677,259049,N/A,8.7,84,active,0.0
LOAN007591,CUST04628,4359243,home loan,8.8,48,ONGOING,0.01
LOAN004875,CUST02173,3586377,home loan,7.85,60,Fully Paid,0.01
LOAN010251,CUST05707,340660,Education Loan,10.73,48,Open,0.0
LOAN002040,CUST05823,"234,980",Edu Loan,10.7,36,Ongoing,0.0
LOAN007985,CUST02173,959033,Biz Loan,11.68,0,ONGOING,0.01
LOAN002251,CUST03189,1055336,,9.73,60,Paid,0.0
LOAN003021,CUST03562,826207,car loan,nan,180,Ongoing,0.0
LOAN001625,CUST03562,389437,Vehicle Loan,11.54,84,ongoing,0.0
LOAN004604,CUST04827,4541003,Housing Loan,9.75,24,CLOSED,0.02
LOAN002748,CUST00247,877048,car loan,11.32,36,Paid Off, 
LOAN007070,CUST00015,536497,Vehicle Loan,18.3,120,Closed,0.0
LOAN006140,CUST00015,3933880,Home Loan,16.77,84,paid,0.01
LOAN004975,CUST02933, ,Personal Loan,12.55,60,Closed,0.0
LOAN005710,CUST04599,166714,Personal,12.95,84,paid,0.0
LOAN005454,CUST04917,963792,Auto Loan,10.52,84,DEFAULT,0.96
LOAN009416,CUST03824,1485633,CAR LOAN,11.26,84,paid,0.0
LOAN008391,CUST02643,975767,business loan,11.25,180,paid,Unknown
LOAN002579,CUST03562,817583,home loan,9.22,48,Current,0.0
LOAN009461,CUST01140,522129,Student Loan,8.41,240,Paid,-0.5
LOAN005828,CUST02643,NULL,home loan,7.81,24,active,0.01
LOAN008459,CUST01013,84136,PL,12.82,180,ongoing,0.02
LOAN004148,CUST01901,102630,personal loan,12.61,180,Paid Off,0.0
LOAN011417,#N/A,490065,PERSONAL LOAN,12.6,60,ONGOING,0.0
LOAN006739,CUST00090,237786,Personal Loan,13.56,120,Open,NULL
LOAN003241,CUST05347,397036,Vehicle Loan,11.03,84,ONGOING,0.0
LOAN006917,CUST02643,1626028,BUSINESS LOAN,12.94,120,Paid,0.0
LOAN006415,CUST00709,53996,PERSONAL LOAN,13.85,240,Current,0.0
LOAN007629,CUST00090,1053469,home loan,10.12,120,Active,0.0
LOAN011739,CUST04599,2916861,home loan,7.48,24,Paid,0.01
LOAN011093,CUST03839,1384895,HOME LOAN,9.56,60,Open,0.0
LOAN005102,CUST03222,4717208,HOME LOAN,8.59,24,paid,0.02
LOAN004305,CUST00015,949638,BUSINESS LOAN,20.42,48,default,0.0
LOAN005487,CUST00247,1461554,Mortgage,nan,120,Paid Off,0.0
LOAN004427,CUST01607,75079,personal loan,13.15,240,CLOSED,0.04
LOAN006335,CUST01500,410680,PL,11.3,60,Paid,0.0
LOAN009094,CUST03824,4989781,Home Loan,10.11,12,Paid Off,0.05
LOAN006674,CUST04599,4733858,Mortgage,NULL,60,PAID,Unknown
LOAN006198,CUST00587,1709156,Housing Loan,10.11,240,Current,0.0
LOAN006329,CUST04827,920276,Biz Loan,11.51,240,Ongoing,0.0
LOAN009571,CUST00843,902708,home loan,7.78,84,Closed,0.0
LOAN004513,CUST05069,84247,Personal,12.94,48,Active,0.0
LOAN009011,CUST04827,1857471,Mortgage,9.56,24,Active,0.01
LOAN000494,CUST00552,2481406,HOME LOAN,9.6,240,ONGOING,0.0
LOAN005196,CUST03839,3125740,HOME LOAN,9.42,84,Closed,0.0
LOAN000025,CUST01281,nan,Vehicle Loan,11.66,120,Closed,0.0
LOAN009650,CUST03676,1484779,CAR LOAN,11.82,180,default,0.99
LOAN010894,CUST02173,4411798,Home Loan,9.49,240,Ongoing,0.0
LOAN008832,CUST05707,787906,Business Loan,13.2,36,Default,0.0
LOAN008999,CUST03677, ,PL,12.66,60,Closed,0.0
LOAN010646,CUST00709,Unknown,Biz Loan,11.89,84,ACTIVE,0.0
LOAN007321,CUST03562,363824,PL,14.23,Unknown,Current,0.0
LOAN004921,CUST03571,2404125,Mortgage,10.0,N/A,CLOSED,0.0
LOAN004729,CUST05436,329708,NULL,12.43,84,PAID,
LOAN010709,CUST02173,,Mortgage,9.3,12,Open,0.01
LOAN008861,CUST03571,1732841,Business Loan,13.44,48,Open,0.0
LOAN003453,CUST01025,713828,Car Loan,9.39,84,Paid,-0.5
LOAN002951,CUST05823,94987,PERSONAL LOAN,15.03,36,ACTIVE,0.0
LOAN006167,CUST04801,407929,PL,12.18,120,nan,
LOAN001842,CUST00587,"654,307",Vehicle Loan,11.68,240,ONGOING,0.0
LOAN005492,CUST02473,249617,PERSONAL LOAN,12.24,36,Charged Off,0.99
LOAN010670,CUST05469,"₹659,303",Business Loan,13.14,12,Active,0.99
LOAN006303,CUST03824,540909,Home Loan,9.97,120,Open,Unknown
LOAN008367,CUST01901,2835847,home loan,8.47,48,Active,0.01
LOAN001755,CUST01025,1256104,home loan,8.82,24,Active,0.01
LOAN002724,CUST04084,451816,car loan,10.52,12,Current,0.0
LOAN001233,CUST05823,574519,SME Loan,12.97,60,Open,0.0
LOAN006390,CUST05735,152697,education loan,8.97,84,ACTIVE,0.0
LOAN001918,CUST01281,797529,Mortgage,9.65,N/A,Fully Paid,0.0
LOAN003573,CUST04599,236045,Personal Loan,12.24,180,paid,0.0
LOAN011396,CUST00552,487529,personal loan,13.73, ,Fully Paid,0.0
LOAN006775,CUST03280,4828982,Mortgage,9.05,180,Paid,0.0
LOAN003119,CUST03189,320398,Biz Loan,11.74,48,active,#N/A
LOAN006403,CUST00587,448814,personal loan,13.73,240,Active,0.0
LOAN002697,CUST00247,1545655,BUSINESS LOAN,11.71,48,ACTIVE,0.0
LOAN005814,CUST00552,590214,Auto Loan,9.33,N/A,Closed,0.0
LOAN008399,CUST02643,1432226,CAR LOAN,10.98,48,active,0.0
LOAN006604,CUST05328,298045,SME Loan,13.51,180,Active,0.0
LOAN009108,CUST00015,167629,PERSONAL LOAN,21.32,60,paid,0.0
LOAN001299,CUST05069,372005,Edu Loan,7.74,36,PAID,0.0
LOAN000449,CUST04628,2420863,Housing Loan,8.32,60,ongoing,0.0
LOAN005135,CUST02950,1112486,BUSINESS LOAN,11.94,12,ACTIVE,0.01
LOAN011295,CUST01482,4236226,Mortgage,10.27,84,CLOSED,0.99
LOAN001279,CUST05886,0,home loan,9.04,36,Defaulted,0.99
LOAN002581,CUST02950,397199,personal loan,13.73,48,Closed,0.0
LOAN005182,CUST04827,3696300,Housing Loan,8.64,-12,ACTIVE,99
LOAN001355,CUST03839,2784854,Business Loan,11.67,180,Ongoing,0.0
LOAN007012,CUST03839,123448,personal loan,13.84,12,paid,0.0
LOAN008908,CUST05328,699249,Car Loan,9.77,12,CLOSED,0.01
LOAN004363,CUST04827,881481,Business Loan,12.49,84,Ongoing,0.0
LOAN011831,CUST02653,267725,Education Loan,12.42,24,paid,0.99
LOAN006383,CUST02120,197664,Personal Loan,14.4,180,Current,0.11
LOAN003338,#N/A,2681510,business loan,10.85,24,CLOSED,0.99
LOAN004398,CUST03562,193254,Personal,nan,36,Paid Off, 
LOAN006246,CUST05707,1210961,business loan,12.99,84,ACTIVE,0.0
LOAN011559,CUST00247,3350057,Home Loan,9.44,84,Open,0.0
LOAN005367,CUST05347,1450344,Car Loan,12.19,36,ACTIVE,0.0
LOAN001566,CUST04827,1000414,Home Loan,9.79,240,ACTIVE,0.0
LOAN005950,CUST00843,2312763,N/A,7.44,180,ongoing,0.0
LOAN002732,CUST02173,492893,PL,13.4,60,Ongoing,0.0
LOAN006531,CUST02643,177124,personal loan,12.41,84,active,0.0
LOAN010613,CUST05733,75655,Personal,14.23,24,Fully Paid,0.37
LOAN009752,CUST04084,744897,Auto Loan,10.41,48,Active,0.0
LOAN001107,CUST00843,N/A,PL,11.95,84,CLOSED,0.0
LOAN007892,CUST00247,1157818,Car Loan,10.75,nan,Paid Off,0.01
LOAN006024,CUST04628,435345,Personal Loan,13.98,60,Closed,0.0
LOAN001386,CUST05328,485901,PL,14.23,180,Closed,0.0
LOAN009975,CUST01025,145656,Personal Loan,14.01,36,active,#N/A
LOAN008790,CUST02271,103355,Personal Loan,13.2,120,Charged Off,0.25
LOAN002521,CUST00090,251087,Car Loan,11.06,84,Current,0.0
LOAN010286,CUST03189,3435849,Housing Loan,8.26,240,ACTIVE,0.0
LOAN007085,CUST03402,1339341,Mortgage,-5,24,Paid,0.99
LOAN003330,CUST04827,#N/A,Personal,13.02,12,Current,nan
LOAN011239,CUST04599,256682,PERSONAL LOAN,11.87,60,ONGOING,0.0
LOAN007754,CUST04870,1159522,Vehicle Loan,10.18,240,Bad Debt,0.6
LOAN001040,CUST05692,4520741,Housing Loan,8.62,24,Bad Debt,0.99
LOAN006974,CUST02764,2041551,Housing Loan,7.58,60,Bad Debt,0.99
LOAN003720,CUST04628,736336,CAR LOAN,10.24,48,Open,0.0
LOAN000397,CUST05823,4973141,Mortgage,9.51,24,Closed,0.02
LOAN000747,CUST01140,96705,PERSONAL LOAN,13.1,60,ACTIVE,0.0
LOAN006549,CUST00279,4980321,Home Loan,10.3,48,PAID,0.99
LOAN003669,CUST01500,357511,CAR LOAN,8.43,60,paid,0.0
LOAN000219,CUST01500,1000428,BUSINESS LOAN,12.07,48,Paid Off,0.0
LOAN000793,CUST04628,791633,CAR LOAN,11.51,84,active,0.0
LOAN000170,CUST00015,648873,Student Loan,16.83,36,Charged Off,0.0
LOAN002464,CUST04827,456476,PERSONAL LOAN,14.2,12,ONGOING,0.0
LOAN006560,CUST03189,323146,Edu Loan,9.51,48,ongoing,0.0
LOAN008929,CUST00247,1480677,CAR LOAN,9.9,12,ACTIVE,NULL
LOAN011395,CUST03839,731179,car loan,10.01,36,Fully Paid,0.0
LOAN010019,CUST05328,2513348,Biz Loan,13.57,120,active,0.0
LOAN008089,CUST03839,2716503,Housing Loan,7.99,120,Open,0.0
LOAN005197,CUST03677,420073,personal loan,13.46,36,Active,0.0
LOAN002345,CUST01901,1389109,CAR LOAN,9.46,240,PAID,0.0
LOAN003269,CUST05436,1218656,Home Loan,8.38,180,ONGOING,0.0
LOAN005176,CUST05707,254864,Personal,13.94,36,ongoing,0.0
LOAN007169,CUST04599,2256904,BUSINESS LOAN,11.53,180,Paid,0.0
LOAN011206,CUST02643,339974,Business Loan,11.89,180,Fully Paid,0.0
LOAN011542,CUST05347,679542,Student Loan,11.34,60,ACTIVE,0.0
LOAN005048,CUST04599,793856,Vehicle Loan,9.94,600,Fully Paid,nan
LOAN006967,CUST05735,2640246,Biz Loan,12.42,36,ONGOING,0.01
LOAN009982,CUST05735,485914,Personal Loan,13.11,36,Current,0.0
LOAN003092,CUST00843,225409,PL,13.43,12,ACTIVE,0.0
LOAN011991,CUST04628,293586,PL,,48,paid,0.0
LOAN010328,CUST01500,108241,Student Loan,8.94,N/A,Paid,#N/A
LOAN011778,CUST05823,314807,PL,14.62,120,Charged Off,0.0
LOAN002350,CUST04827,4308717,Mortgage,9.33,24,Fully Paid,0.02
LOAN001523,CUST03571,3698399,Housing Loan,8.93,24,Active,0.02
LOAN006316,CUST00587,1336823,#N/A,11.32,N/A,active,0.0
LOAN004795,CUST05823,417373,personal loan,14.98,36,ongoing,0.0
LOAN003589,CUST00709,507146,CAR LOAN,10.86, ,active,0.0
LOAN003757,CUST00552,696167,car loan,10.8,12,CLOSED,0.01
LOAN007229,CUST00709,3324773,Housing Loan,8.6,180,Open,0.0
LOAN003459,CUST02643,1611823,Mortgage,8.94,12,Fully Paid,0.02
LOAN003917,CUST00428,3808645,Housing Loan,11.4,120,Default,NULL
LOAN003203,CUST01500,190375, ,12.46,120,Closed,0.0
LOAN010567,CUST00101,999999999,Vehicle Loan,-5,180,paid,0.72
LOAN002162,CUST03222,1385204,nan,12.01,120,ACTIVE,0.0
LOAN001785,nan,225980,PERSONAL LOAN,14.26,12,Open,0.0
LOAN003421,CUST03824,936751,home loan, ,240,Fully Paid,0.0
LOAN007190,CUST04270,1439370,Vehicle Loan,11.13,12,Unknown,0.01
LOAN002192,CUST02281,269713,Personal Loan,12.94,120,Open,0.19
LOAN001685,CUST03280,889874,Housing Loan,9.02,120,ongoing,0.0
LOAN005905,CUST01500,464554,Personal Loan,12.24,120,#N/A,0.0
LOAN010321,CUST04249,1059677,Auto Loan,10.88,60,default,0.99
LOAN006838,CUST03222,995267,Auto Loan,9.83,48,Defaulted,0.0
LOAN010645,CUST05735,751804,Car Loan,10.43,180,Current,0.0
LOAN005518,CUST00843,752144,Student Loan,8.92,24,active,0.0
LOAN000127,CUST05707,3447705,Housing Loan,9.4,60,PAID,0.01
LOAN010078,CUST05328,243186,Auto Loan,NULL,60,active,0.0
LOAN005318,CUST05069,Unknown,Personal Loan,12.51,84,Open,0.0
LOAN003277,CUST04599,114554,PERSONAL LOAN,12.22,nan,ongoing,0.0
LOAN007120,CUST04628,439890,PERSONAL LOAN,14.39,24,CLOSED,0.0
LOAN004068,CUST03824,262654,Personal Loan,14.99,48,active,0.0
LOAN002894,CUST04628,1083717,Mortgage,9.43,120,Current,-0.5
LOAN000096,CUST03562,332682,personal loan,14.15,240,Open,0.0
LOAN008977,CUST04370,559605,CAR LOAN,12.06,84,CHARGED OFF,0.99
LOAN003691,CUST03824,3543885,Mortgage,10.14,180,Defaulted,0.0
LOAN007701,CUST05069,1247659,Car Loan,8.78,24,ONGOING,0.01
LOAN003723,CUST05328,1002793,CAR LOAN,10.28,240,Current,0.0
LOAN006952,CUST01140,790140,Mortgage,8.29,120,Fully Paid,#N/A
LOAN006325,CUST03902,795594,HOME LOAN,8.68,180,ACTIVE,0.18
LOAN009023,CUST03571,299369,Personal,#N/A,24,Current,0.0
LOAN006970,CUST02623,4256644,Housing Loan,8.36,180,Closed,0.99
LOAN000134,CUST02643,1022836,Vehicle Loan,10.75,60,Active,0.0
LOAN009356,CUST00709,143842,personal loan,,48,ONGOING,0.0
LOAN004620,CUST03839,231197,Vehicle Loan,10.76,48,Active,0.0
LOAN003103,CUST05347,999999999,Housing Loan,8.81,36,Current,0.01
LOAN006782,CUST00843,174099,PL,11.67,36,Open,0.0
LOAN009825,CUST05735,275429,PERSONAL LOAN,13.63,240,Ongoing,0.0
LOAN006353,CUST04599,3054210,Mortgage,7.2,60,Ongoing,-0.5
LOAN007157,CUST04270,361785,SME Loan,13.46,84,Active,0.0
LOAN004336,CUST04270,564457,Edu Loan,NULL,36,Current,0.0
LOAN007816,CUST05328,657595,Car Loan,11.31,24,ONGOING,0.0
LOAN010386,CUST05347,2037419,HOME LOAN,9.78,60,active,0.0
LOAN011055,CUST01025,484689,Personal Loan,12.98,60,Closed,0.0
LOAN003202,CUST04599,60152,Personal,11.6,60,Current,0.0
LOAN007455,CUST01141,1694271,business loan,12.22,120,Closed,0.99
LOAN003670,CUST03280,"₹753,385",EDUCATION LOAN,10.08,48,Paid Off,0.0
LOAN008431,CUST00247,3856851,HOME LOAN,8.7,60,Current,0.01
LOAN009838,CUST05436,3260288,home loan,7.65,84,Fully Paid,0.0
LOAN005055,CUST04270,868233,car loan,11.0,120,Closed,0.0
LOAN000598,CUST04827,3417451,Home Loan,NULL,120,Paid Off,0.0
LOAN003629,CUST01140,1521556,SME Loan,11.64,120,ONGOING,0.0
LOAN000607,CUST03562,"₹1,179,172",car loan,11.05,24,ONGOING,0.01
LOAN011737,CUST04270,1306046,Mortgage,9.94,36,Ongoing,0.0
LOAN007538,CUST03571,3960119,home loan,9.18,84,PAID,-0.5
LOAN000721,CUST03606,Unknown,Car Loan,9.19,120,Bad Debt,0.83
LOAN001665,CUST05707,204683,Edu Loan,10.81,60,ONGOING,0.0
LOAN005856,CUST04827,"₹2,236,767",BUSINESS LOAN,#N/A,120,Closed,0.0
LOAN006738,CUST01025,74339,personal loan,13.7,N/A,Paid,0.0
LOAN010018,CUST05707,76842,PERSONAL LOAN,14.8,12,Current,0.0
LOAN004582,CUST04270,379636,PERSONAL LOAN,13.12,36,PAID,0.0
LOAN001449,CUST04827,-1000,Vehicle Loan,10.31,24,Closed,0.01
LOAN007723,CUST03824,1064365,Auto Loan,10.47,120,Open,0.0
LOAN000867,CUST02643,759090,Mortgage,7.84,84,Paid,0.0
LOAN001972,CUST03677,621413,Home Loan,8.39,-12,N/A,0.0
LOAN008835,CUST05707,2238385,BUSINESS LOAN,14.2,60,Fully Paid,0.0
LOAN001827,CUST03824,2518691,business loan,12.47,48,Closed,0.01
LOAN004589,CUST04084,315504,Personal Loan,14.33,24,ACTIVE,0.0
LOAN004578,CUST03839,#N/A,Personal Loan,12.47,60,active,0.0
LOAN006859,CUST03550,"2,670,987",Home Loan,8.86,120,PAID,0.99
LOAN009000,CUST05069,,Student Loan,8.53,24,Paid Off,0.0
LOAN006148,CUST00015,2314348,HOME LOAN,17.26,180,Charged Off, 
LOAN004883,CUST03677,1283326,,10.99,24,CLOSED,0.01
LOAN002031,CUST00587,351354,PL,14.02,60,ACTIVE,0.0
LOAN000645,CUST04827,343736,PL,13.47,84,Current,0.0
LOAN008021,CUST02933,3456864,Home Loan,9.12,60,Closed,0.01
LOAN003758,CUST03280,522768,Car Loan,10.5,36,Paid Off,0.0
LOAN006249,CUST04628,173349,Student Loan,9.73,180,PAID,0.0
LOAN011893,CUST01025,155359,Personal,12.77,60,Active,0.0
LOAN004286,CUST01140,2743049,Biz Loan,12.14,36,ongoing,-0.5
LOAN005446,CUST00247,2993865,Business Loan,13.36,12,ACTIVE,0.03
LOAN000344,CUST05823,178142,personal loan,14.01,120,active,0.0
LOAN009563,CUST03677,189721,personal loan,12.54,12,active,2.5
LOAN001335,CUST02173,591188,Auto Loan,10.83,36,Open,0.0
LOAN003611,CUST00247,1222643,Car Loan,10.19,84,Active,0.0
LOAN011190,,2974988,HOME LOAN, ,60,active,0.01
LOAN009200,CUST00090,473943,personal loan,13.41,36,ongoing,0.0
LOAN007407,CUST05350,932212,Mortgage,9.09,36,DEFAULT,-0.5
LOAN005162,CUST05328,484965,Personal,NULL,48,ongoing,0.0
LOAN002416,CUST03222,1223291,BUSINESS LOAN,120,120,Active,0.0
LOAN010561,CUST03571,331229,PERSONAL LOAN,,60,CLOSED,0.0
LOAN010731,CUST04084,1729005,home loan,9.6,48,Paid Off,0.0
LOAN001618,CUST03280,172501,Personal Loan,14.48,84,N/A,0.0
LOAN006445,CUST04628,407035,PL,Unknown,240,CLOSED,0.0
LOAN001491,CUST00090,953559,Home Loan,75,60,ongoing,0.0
LOAN005471,CUST04084,337284,Education Loan,10.75,240,Open,0.0
LOAN011178,CUST01901,3938756,Home Loan,7.3,24,Fully Paid,0.02
LOAN001850,CUST05436,4779111,home loan,8.42,#N/A,Current,0.0
LOAN009168,CUST01441,4555989,Mortgage,8.55,120,Fully Paid,0.99
LOAN004648,nan,"₹3,093,936",Housing Loan,10.04,120,CLOSED,0.0
LOAN002276,CUST00587,308570,Personal,12.94,84,paid,0.0
LOAN005815,Unknown,1094028,Biz Loan,12.26,240,ONGOING,0.0
LOAN008412,CUST01579,4093765,HOME LOAN,9.92,60,default,0.99
LOAN009218,CUST01353,414196,PL,13.05,48,paid,0.99
LOAN008303,CUST03824,414175,EDUCATION LOAN,10.91,48,Current,99
LOAN005464,CUST03280,331986,Personal Loan,14.96,84,Ongoing,0.0
LOAN008290,CUST05484,391800,personal loan,14.56,#N/A,Default,0.99
LOAN011897,CUST01500,260885,Auto Loan,8.67,24,PAID,0.0
LOAN003775,CUST05707,586147,#N/A,9.99,240,ACTIVE,0.0
LOAN001542,CUST01500,"78,477",Personal Loan,13.09,60,paid,0.0
LOAN010910,CUST03222,991703,Housing Loan,9.43,12,ongoing,0.01
LOAN006460,CUST04628,279383,Personal,14.52,24,Paid Off,0.0
LOAN000229,CUST02643,752239,home loan,8.23,48,PAID,0.0
LOAN004761,CUST05451,437034,Personal Loan,14.51,120,default,0.19
LOAN002272,CUST05707,439902,PL,15.21,12,active,0.0
LOAN006626,CUST05347,"3,442,322",HOME LOAN,8.84,120,ONGOING,0.0
LOAN010033,CUST01140,1038179,Vehicle Loan,8.81,240,Paid Off,0.0
LOAN009443,CUST01901,351451,SME Loan,10.69,180,Fully Paid,0.0
LOAN006664,CUST03280,4433114,Mortgage,10.08,36,Closed,0.01
LOAN011966,CUST04893,2392706,home loan,8.37,120,Bad Debt,0.99
LOAN010229,CUST02950,564198,Education Loan,10.53,24,active,0.0
LOAN003117,CUST02173,1062178,HOME LOAN,8.99,48,Closed,0.0
LOAN010161,CUST04827,51452,PERSONAL LOAN,13.37,Unknown,ONGOING,0.0
LOAN011594,CUST00090,351772,Personal,13.91,180,Current,0.0
LOAN007641,CUST03222,1017039,Home Loan,9.4,84,ongoing,0.0
LOAN009030,CUST00854,0,PERSONAL LOAN,16.11,Unknown,Ongoing,0.12
LOAN008581,CUST01500,1342274,BUSINESS LOAN,10.97,180,ongoing,-0.5
LOAN004902,CUST05436,642062,business loan,10.72,24,CLOSED,0.0
LOAN004535,CUST02173,1291757,,9.22,180,Closed,0.0
LOAN004105,CUST00090,922645,home loan,9.78,84,Paid Off,0.0
LOAN003285,CUST03223,4359057,home loan,9.52,36,default,0.99
LOAN007412,CUST03280,165690,PERSONAL LOAN,#N/A,180,Ongoing,0.0
LOAN003182,CUST00247,2856355,Biz Loan,13.15,36,Current,0.01
LOAN005234,CUST02173,N/A,SME Loan,13.0,-12,CLOSED,#N/A
LOAN000776,CUST02173,"2,240,167",SME Loan,12.57,,Fully Paid,0.01
LOAN005612,CUST04599,554235,BUSINESS LOAN,10.34,240,active,0.0
LOAN004967,CUST03280,NULL,home loan,8.51,36,CLOSED,0.01
LOAN006920,CUST04084,200790,EDUCATION LOAN,10.61,180,Bad Debt,0.0
LOAN001601,CUST03571,1822838,Mortgage,8.8,120,paid,0.0
LOAN000011,CUST00247,2642750,Housing Loan,9.53,60,Closed,0.01
LOAN011187,CUST05823,711254,Vehicle Loan,10.74,120,Unknown,0.0
LOAN005081,CUST03222,302650,Edu Loan,120,48,ACTIVE,0.0
LOAN011645,CUST03824,2712464,Mortgage,9.18,12,CLOSED,0.03
LOAN002405,CUST04270,4441485,Housing Loan,9.91,180,paid,0.0
LOAN000817,CUST00626,1908300,BUSINESS LOAN,13.45,180,Ongoing,0.99
LOAN005295,CUST05347,2662044,HOME LOAN,10.17,36,CLOSED,0.01
LOAN004028,CUST00709,"296,595",education loan,9.44,48,Open,0.0
LOAN005306,CUST05823,NULL,Personal,13.46,48,active,0.0
LOAN011346,CUST00709,3964011,Home Loan,9.83,60,Paid,0.01
LOAN003635,CUST03280,1433279,CAR LOAN,11.52,48,paid,0.0
LOAN007850,CUST02643,231089,Personal,12.42,84,Paid,0.0
LOAN000377,CUST05347,308834,personal loan,14.73,84,Ongoing,0.0
LOAN007750,CUST04270,3862762,Home Loan,8.62,24,Open,0.02
LOAN004165,CUST02933,596428,Vehicle Loan,10.82,24,Active,0.0
LOAN001370,CUST01140,1328336,Home Loan,7.51,48,Paid Off,0.0
LOAN005159,CUST05823,142839,personal loan,14.2,84,ONGOING,0.0
LOAN001957,CUST02643,1964239,business loan,12.61,60,ongoing,NULL
LOAN003392,CUST05707,3223535,,10.03,36,default,0.01
LOAN003548,CUST00247,1802701,SME Loan,12.16,120,active,0.0
LOAN000984,CUST04628,1086570,Car Loan,11.04,240,Paid,0.0
LOAN000078,CUST05436,1702974,Mortgage,7.86,180,ONGOING,0.0
LOAN002479,CUST03571,376260,PERSONAL LOAN,12.94,84,Active,0.0
LOAN007492,CUST00552,195347,personal loan,13.36,24,Ongoing,0.0
LOAN008958,CUST05707,63415,PL,14.22,36,CLOSED,0.0
LOAN009499,CUST04270,1951188,business loan,11.96,48,Paid Off,0.0
LOAN006619,CUST05328,4283039,HOME LOAN,nan,240,Current,0.0
LOAN004825,CUST03222,1989961,business loan,12.48,120,Current,0.0
LOAN003505,CUST04084,471102,PL,14.63,60,Defaulted,0.0
LOAN008445,CUST03571,NULL,Business Loan,12.14,60,ONGOING,0.0
LOAN005325,CUST02200,1646334,business loan,14.09,84,CLOSED,0.99
LOAN002868,CUST00587,4925429,Unknown,8.73,240,Current,99
LOAN002270,CUST03839,,personal loan,12.75,120,Closed,0.0
LOAN007941,CUST04827,3861431,Mortgage,8.45,36,Open,0.01
LOAN001593,CUST04599,2926111,SME Loan,10.94,48,ongoing,0.01
LOAN004193,CUST00247,2623665,Housing Loan,9.42,36,active,0.01
LOAN011457,CUST00090,999999999,CAR LOAN,11.21,240,CHARGED OFF,0.0
LOAN003724,CUST04599,321969,personal loan,12.89,60,Fully Paid,0.0
LOAN008521,CUST04599,1159345,Home Loan,7.2,240,ONGOING,0.0
LOAN011302,CUST05328,689090,car loan,11.46,24,Active,N/A
LOAN003458,CUST00552,2777386,BUSINESS LOAN,12.47,180,Active,0.0
LOAN001098,CUST02950,306220,Edu Loan,9.64,60,ONGOING,0.0
LOAN002743,nan,2686171,HOME LOAN,#N/A,60,Defaulted,nan
LOAN009205,CUST00587,259870,Personal,14.0,36, ,0.0
LOAN004664,CUST01439,#N/A,Mortgage,9.34,12,CHARGED OFF,0.99
LOAN010916,CUST01500,304070,Personal,12.99,84,Active,0.0
LOAN000860,CUST00552,445155,PERSONAL LOAN,12.88,240,PAID,0.0
LOAN008865,CUST01500,2115617,BUSINESS LOAN,11.35,24,Ongoing,0.01
LOAN000584,CUST02643,783155,Auto Loan,10.07,180,ongoing,0.0
LOAN009624,CUST01901,2177440,home loan,7.98,Unknown,paid,0.01
LOAN003374,CUST05735,471709,Personal,11.91,24,Ongoing,0.0
LOAN010260,CUST00090,4921505,home loan,8.58,120,Closed,0.0
LOAN011588,CUST03839,698968,Vehicle Loan,10.99,48,Current,0.0
LOAN001574,CUST00552,220175,PERSONAL LOAN,13.87,60,Current,NULL
LOAN001996,CUST03189,1429565,Home Loan,8.09,-12,Closed,0.0
LOAN009286,CUST00359,2042352,Biz Loan,10.93,180,Closed,0.99
LOAN003314,CUST04270,4756506,HOME LOAN,8.58,12,Active,0.05
LOAN005846,CUST05735,3112230,home loan,8.85,24,Current,0.02
LOAN004250,CUST00587,629279,education loan,9.73,180,Active,2.5
LOAN005206,CUST00552,337553,EDUCATION LOAN,10.2,180,Open,0.0
LOAN000187,CUST03824,Unknown,home loan,10.27,240,paid,99
LOAN010437,CUST01281, ,Personal Loan, ,Unknown,Active,0.0
LOAN007304,CUST03189,560049,Edu Loan,9.2,36,Active,0.0
LOAN005077,CUST00587,4031075,Home Loan,9.7,60,paid,0.01
LOAN003771,CUST01025,245579,CAR LOAN,10.69,180,Ongoing,0.0
LOAN008015,CUST00843,"₹1,169,331",home loan,8.0,120,PAID,0.0
LOAN001340,CUST01281,N/A,Vehicle Loan,10.12,120,Active,0.0
LOAN008350,CUST01025,84692,PERSONAL LOAN,13.78,84,ONGOING,0.0
LOAN009910,CUST03222, ,CAR LOAN,10.15,240,ONGOING,0.0
LOAN009276,CUST03824,313169,Personal Loan,15.05,84,PAID,0.0
LOAN010930,CUST04827,900545,Home Loan,8.48,48,active,0.0
LOAN001456,CUST02933,1239493,Vehicle Loan,9.9,12,Paid Off,0.01
LOAN007593,CUST04599,4411844,Home Loan,7.17,36,Ongoing,0.01
LOAN006119,CUST00015,1986544,business loan,20.79,48,Closed,0.0
LOAN008884,CUST03189,1326490,CAR LOAN,9.76,36,Paid,0.0
LOAN006157,CUST05347,4374257,Mortgage,9.71,60,Unknown,0.01
LOAN005106,CUST03824,151395,nan,13.77,120,PAID,0.0
LOAN006200,CUST05707,497995,BUSINESS LOAN,12.72,48,Fully Paid,N/A
LOAN001223,CUST03839,358743,Edu Loan,8.75,48,ONGOING,0.0
LOAN006413,CUST05735,"413,311",,9.03,36,ACTIVE,0.0
LOAN003651,CUST03562,4335619,Home Loan,10.66,36,Paid Off,0.01
LOAN004518,CUST00247,4782404,Housing Loan,8.19,120,Active,0.0
LOAN004211,CUST00090,"4,707,102",Home Loan,8.44,24,Current,0.02
LOAN008793,CUST03562,3582720,Mortgage,9.48, ,CLOSED,0.04
LOAN003576,CUST04827,"₹689,266",home loan,8.13,24,ACTIVE,0.0
LOAN009946,CUST02933,2555711,home loan,9.04,12,CLOSED,0.03
LOAN002549,CUST05823,2613084,Business Loan,12.98,24,ongoing,0.01
LOAN005352,CUST00487,869985,CAR LOAN,10.35,NULL,Fully Paid,0.99
LOAN011978,CUST00769,1480598,car loan,8.28,12,Open,0.99
LOAN002948,CUST03839,299869,PERSONAL LOAN,12.57,84,PAID,0.0
LOAN003681,CUST00552,916131,Vehicle Loan,10.23,48,CLOSED,0.0
LOAN000003,CUST05347,1299250,Biz Loan,13.06,120,active,0.0
LOAN010050,CUST00247,"₹94,376",PERSONAL LOAN,13.43,36,Fully Paid,0.0
LOAN009267,CUST03222,2737877,Home Loan,8.44, ,Open,0.0
LOAN002090,CUST03562,"1,927,275",HOME LOAN,10.4,180,active,0.0
LOAN009693,CUST03677,934774,Biz Loan,11.51,12,Ongoing,0.01
LOAN002837,CUST02173,766089,Business Loan,12.59,12,Fully Paid,0.01
LOAN001323,CUST00587, ,Personal Loan,14.15,84,ACTIVE,0.0
LOAN001694,CUST00015,244536,Student Loan,18.02,36,Paid Off,0.0
LOAN008443,CUST00843,964073,Vehicle Loan,9.49,36,Unknown,-0.5
LOAN007664,CUST00247,143234,Personal,13.53,12,active,2.5
LOAN005334,CUST02180,1398022,Biz Loan,11.8,12,Paid,0.99
LOAN007675,CUST04827,1839144,,11.44,240,ONGOING,0.0
LOAN010246,CUST04585,842309,Housing Loan,Unknown,24,Default,0.99
LOAN004601,CUST02950,N/A,car loan,9.54,36,Open,0.0
LOAN005022,CUST01550,52729,PL,13.56,180,Active,0.11
LOAN008331,CUST01500,1560451,HOME LOAN,7.05,12,Fully Paid,
LOAN000819,CUST05823,1499484,CAR LOAN,11.49,12,Current,0.01
LOAN000458,CUST00552,1673349,business loan,13.0,24,Active,0.01
LOAN003849,CUST01281,1329177,CAR LOAN,10.55,36,N/A,0.0
LOAN003475,CUST03571,443960,personal loan,13.25,24,PAID,0.0
LOAN000831,CUST03562,1429446,Home Loan,9.56,48,PAID,0.0
LOAN005167,CUST04599,1257981,car loan,8.91,60,Open,0.0
LOAN010077,CUST05436,298669,BUSINESS LOAN,12.34,36,Open,0.0
LOAN011987,CUST03677,1468540,Biz Loan,11.4,12,active,0.01
LOAN000495,CUST03677,1099933,Car Loan,9.44,48,PAID,0.0
LOAN007559,CUST02933,55415,Personal Loan,12.9,84,ONGOING,0.0
LOAN002169,N/A,354627,PERSONAL LOAN,13.27,nan,ongoing,0.0
LOAN008258,CUST00552,2988854,SME Loan,12.25,12,paid,0.03
LOAN003016,CUST00506,1114425,business loan,12.28,60,paid,0.75
LOAN002836,CUST05436,,Personal,12.32,240,Fully Paid,0.0
LOAN011506,CUST01754,750906,Vehicle Loan,11.07,120,Default,0.58
LOAN000722,CUST02933,4200695,HOME LOAN,9.33,84,PAID,0.01
LOAN008796,CUST05707,431755,CAR LOAN,11.98,120,PAID,0.0
LOAN006192,CUST00090,89601,Personal,14.56,nan,ongoing,0.0
LOAN008333,CUST00552,225882,personal loan,12.99,120,Ongoing,0.0
LOAN007594,CUST01500,88482,personal loan,12.84,Unknown,ONGOING,NULL
LOAN007379,CUST00109,1039446,BUSINESS LOAN,13.06,48,CHARGED OFF,0.99
LOAN002374,CUST03677,180817,personal loan,12.99,60,ACTIVE,0.0
LOAN008051,CUST01025,1014785,Mortgage,8.99,12,Ongoing,0.01
LOAN010975,CUST03571,1260459,business loan,13.66,240,,0.0
LOAN005297,CUST00843,1214570,Auto Loan,9.21,120,Paid Off,0.0
LOAN003797,CUST04270,287918,Education Loan,10.49,12,PAID,0.0
LOAN008533,CUST00552,2180310,Mortgage,9.23,240,Ongoing,0.0
LOAN003959,CUST03677,227702,PERSONAL LOAN,12.24,24,ongoing,0.0
LOAN003937,CUST05436,1102592,car loan,9.1,24,Active,0.01
LOAN009213,CUST03677,275530,Car Loan,10.18,60,ONGOING,0.0
LOAN005610,CUST01901,369571,car loan,-5,36,PAID,0.0
LOAN010939,CUST01500,2892669,Mortgage,7.2,60,Paid,0.01
LOAN006638,CUST03677,N/A,Car Loan,10.03,180,CLOSED,0.0
LOAN002553,CUST01140,3067066,Housing Loan,8.14,120,ACTIVE,0.0
LOAN006398,CUST01025,2007237,home loan,8.82,180,paid,0.0
LOAN009971,CUST02950,268204,Vehicle Loan,9.76,60,Fully Paid,0.0
LOAN000813,CUST03839,395222,Personal Loan,12.21,36,PAID,0.0
LOAN000202,CUST04628,589715,Mortgage,NULL,180,Active,0.0
LOAN004420,CUST00015,1773326,HOME LOAN, ,240,NULL,0.0
LOAN005469,CUST04084,1019536,business loan,13.39,12,default,0.01
LOAN008625,CUST03189,86566,Personal,12.8,nan,CLOSED,0.0
LOAN003583,CUST00552,209285,Student Loan,9.09,24,Fully Paid,0.0
LOAN007693,CUST01140,1637934,Mortgage,8.41,120,CLOSED,0.0
LOAN002469,CUST04270,333367,CAR LOAN,11.23,120,ONGOING,0.0
LOAN004696,CUST05436,"₹4,160,947",Housing Loan,7.56,12,ongoing,0.04
LOAN011155,CUST01947,,Mortgage,8.87,180,CHARGED OFF,0.99
LOAN001609,CUST03280,3032044,HOME LOAN,9.28,180,active,0.0
LOAN009580,CUST03824,"₹3,311,417",home loan,N/A,60,ACTIVE,0.01
LOAN003645,CUST03839,100124,#N/A,13.63,24,Ongoing,0.0
LOAN001310,CUST05823,1447926,HOME LOAN,10.21,120,CLOSED,0.0
LOAN009310,CUST05436,"₹470,477",personal loan,13.23,12,Paid Off,0.0
LOAN010685,CUST01281,363259,PERSONAL LOAN,12.84,180,Paid,0.0
LOAN000875,CUST01281, ,Car Loan,9.85,180,PAID,0.0
LOAN003158,CUST02950,1387910,Business Loan,11.42,48,N/A,0.0
LOAN007777,CUST03571,4791333,HOME LOAN,9.73,48,ongoing,0.01
LOAN001644,CUST04599,1881185,Biz Loan,10.54,36,Current,0.01
LOAN006307,CUST02569,682830,Education Loan,9.7,0,paid,0.99
LOAN001600,CUST01500,N/A,Student Loan,9.21,24,ONGOING,0.0
LOAN009045,CUST05328,469818,PERSONAL LOAN,14.06,120,CLOSED,0.0
LOAN005728,CUST03189,4254349,HOME LOAN,7.91,48,Paid Off,0.01
LOAN003440,CUST05735,180894,Personal Loan,12.8,12,Active,0.0
LOAN009772,CUST01025,3007480,Home Loan,7.87,60,ongoing,Unknown
LOAN004058,CUST04084,591659,Education Loan,10.37,60,Paid,0.0
LOAN000459,CUST00843,1522500,Home Loan,8.06,Unknown,ONGOING,0.02
LOAN001921,CUST00843,3797649,home loan,7.78,84,CLOSED,0.01
LOAN002391,CUST02643,260244,EDUCATION LOAN,9.78,180,CLOSED,0.0
LOAN002474,CUST03562,215848,Personal,13.85,12,Open,0.0
LOAN003650,CUST05069,₹0,Mortgage,7.69,120,Open,0.0
LOAN002081,CUST04827,2997636,Home Loan,8.57,180,Active,0.0
LOAN008316,CUST04270,0,PERSONAL LOAN,13.09,84,Ongoing,0.0
LOAN009732,CUST03824,388225,PL,13.21,180,paid,0.0
LOAN010463,CUST04270,193679,Education Loan,10.21,36,ongoing,0.0
LOAN001946,CUST03189,720560,Edu Loan,9.26,48,Ongoing,0.0
LOAN011255,CUST00015,305400,Personal Loan,20.91,84,CLOSED,0.0
LOAN002266,CUST01025,4492016,Housing Loan,8.7,180,Paid Off,0.0
LOAN007509,CUST04628,1204344,Vehicle Loan,10.92,24,paid,0.01
LOAN007656,CUST04599,1158548,Car Loan,N/A,180,Current,0.0
LOAN011368,CUST01901,475021,SME Loan,11.59,Unknown,ongoing,0.0
LOAN000240,CUST05707,696337,Education Loan,11.5,24,Paid Off,0.0
LOAN007170,CUST01141,2223165,Business Loan,12.31,60,paid,0.99
LOAN010113,CUST04084,195415,PERSONAL LOAN,13.44,12,Current,0.0
LOAN001068,CUST05328,343058,Education Loan,0,84,active,0.0
LOAN000047,CUST02266,132611,Personal,13.68,84,Active,0.13
LOAN007846,CUST05436,1275995,Car Loan,10.21,24,CLOSED,0.01
LOAN008200,CUST00552,104708,Personal,13.57,12,ACTIVE,#N/A
LOAN003500,CUST05347,1374071,Vehicle Loan,10.92,24,Open,N/A
LOAN005289,CUST05707,535858,Car Loan,10.42,48,Paid Off,0.0
LOAN011330,CUST05707,1028045,business loan,13.36,12,Fully Paid,0.01
LOAN009846,CUST05707,1359603,Business Loan,13.7,240,CLOSED,0.0
LOAN003009,CUST01281,1467431,SME Loan,13.18,24,paid,0.01
LOAN000818,CUST04270,186327,Personal,13.78,36,active,0.0
LOAN002280,CUST02643,980982,car loan,10.23,24,Ongoing,0.0
LOAN009005,CUST03222,"63,989",Personal,12.79,180,Active,0.0
LOAN007783,CUST00090,3008352,HOME LOAN,10.18,120,Paid,0.0
LOAN009659,CUST01281,4354228,NULL,9.13,48,CLOSED,0.01
LOAN000290,CUST05418,216586,personal loan,12.02,84,ACTIVE,0.34
LOAN000815,CUST01901,548571,Education Loan,9.35, ,Closed,0.0
LOAN003060,CUST01025,531644,Vehicle Loan,11.22,nan,paid,0.0
LOAN008673,,999999999,Personal Loan,14.94,120,Ongoing,0.0
LOAN006778,CUST00015,1445771,Home Loan,N/A,24,default,0.01
LOAN011533,CUST05347,392669,Personal,14.43,240,CLOSED,0.0
LOAN003560,CUST04827,1335344,car loan,10.35,12,Closed,0.01
LOAN009837,CUST04628,-1000,BUSINESS LOAN,12.72,240,CLOSED,0.0
LOAN009476,CUST03222,342963,Personal Loan,13.34,240,Active,0.0
LOAN001448,CUST05564,675394,Vehicle Loan,10.59,60,Default,2.5
LOAN003200,CUST01025,1709573,HOME LOAN,9.55,120,ONGOING,0.0
LOAN009757,CUST01500,4550742,Home Loan,6.88,-12,Paid,0.01
LOAN011098,CUST04498,386380,Business Loan,11.89,48,CLOSED,0.39
LOAN001439,CUST05823,3466049,Mortgage,8.98,24,Active,0.02
LOAN010780,CUST00015,4707036,home loan,16.94,24,nan,0.02
LOAN001199,#N/A,465922,Student Loan,10.78,48,Active,0.0
LOAN003695,CUST03571,1298920,Auto Loan,10.08,240,Paid Off,NULL
LOAN003173,CUST00709,275297,SME Loan,13.32,24,Paid Off,0.0
LOAN005666,CUST01901,167466,nan,8.91,240,Fully Paid,0.0
LOAN002758,CUST00552,833211,Biz Loan,13.29,84,Open,0.0
LOAN001792,CUST02173,1960851,Biz Loan,11.88,0,Ongoing,0.02
LOAN008839,CUST03347,486656,Car Loan,11.01,84,default,0.67
LOAN003955,CUST00290,121536,PERSONAL LOAN,14.35,84,PAID,0.5
LOAN005930,CUST04628,265202,nan,11.97,120,Ongoing,0.0
LOAN009803,CUST03839,229603,Personal,12.21,12,Defaulted,0.0
LOAN001798,CUST04084,"₹1,922,936",BUSINESS LOAN,13.02,48,active,0.0
LOAN008827,CUST01281,,Vehicle Loan,9.9,120,ongoing,0.0
LOAN007321,CUST03562,363824,PL,14.23,Unknown,Current,0.0
LOAN008906,CUST00247,482055,Car Loan,10.63,24,Paid,0.0
LOAN011994,CUST05823, ,personal loan,14.17,36,Active,0.0
LOAN003452,CUST00843,542649,Edu Loan,8.94,12,Open,0.01
LOAN003464,CUST04037,N/A,CAR LOAN,11.54,84,Bad Debt,0.96
LOAN008714,CUST00090,163265,PL,14.32,60,Fully Paid,-0.5
LOAN008881,CUST02412,434230,Personal Loan,14.41,12,Fully Paid,0.99
LOAN003872,CUST05735,436363,PL,12.08,24,Active,0.0
LOAN001941,CUST05735,612898,Housing Loan,8.2,120,N/A,0.0
LOAN010305,CUST03122,396634,Personal Loan,12.72,36,CLOSED,Unknown
LOAN009175,CUST03280,711348,Student Loan,10.91,36,Paid Off,0.0
LOAN003080,CUST03189,324412,Car Loan,9.45,120,Paid Off,0.0
LOAN005124,CUST05823,362687,SME Loan,13.66,60,Fully Paid, 
LOAN008238,CUST05069,"608,077",car loan,9.18,12,active,0.01
LOAN000443,CUST02933,2663598,BUSINESS LOAN,12.9,60,Paid Off,0.01
LOAN004117,NULL,493310,Personal,14.53,,CLOSED,0.0
LOAN001059,CUST01901,141369,education loan,8.46,48,ONGOING,0.0
LOAN007145,CUST01281,1035348,NULL,-5,12,Fully Paid,0.01
LOAN002094,CUST00843,"₹341,018",Personal Loan,11.75,240,#N/A,0.0
LOAN008506,CUST01281,240975,Personal Loan,13.92,24,Paid,0.0
LOAN011271,CUST05328,1639650,Home Loan,9.84,240,paid,0.0
LOAN010326,CUST00587,430927,Personal,13.97,180,ongoing,0.0
LOAN000203,CUST00090,166390,PERSONAL LOAN,14.18,60,Fully Paid,0.0
LOAN004591,CUST05436,229613,personal loan,120,24,ongoing,0.0
LOAN005797,CUST03174,175740,PERSONAL LOAN,11.63,48,PAID,0.32
LOAN010860,CUST03824,392260,Business Loan,14.14,12,Active,0.0
LOAN001221,CUST03222,2223950,Business Loan,13.47,24,Fully Paid,0.01
LOAN006305,CUST03824,4280242,Housing Loan,9.96,60,Paid,0.01
LOAN002711,CUST05328,,Car Loan,11.27,48,Paid,0.0
LOAN007165,CUST01140,318979,Personal Loan,12.31,120,Paid,nan
LOAN004835,CUST00090,945558,HOME LOAN,8.92,48,Closed,0.0
LOAN001251,CUST02643,2672419,home loan,Unknown,12,active,0.03
LOAN008192,CUST05076,2080734,Biz Loan,NULL,84,Paid,0.99
LOAN001998,CUST03677,61554,Personal,12.27,60,CLOSED,0.0
LOAN005051,CUST01043,223915,Personal Loan,16.08,240,Paid,0.16
LOAN011752,CUST05248, ,PERSONAL LOAN,20.06,180,Closed,0.08
LOAN003602,CUST00843,828956,Car Loan,8.92,48,ACTIVE,0.0
LOAN000468,CUST02124,305778,Personal,12.94,12,default,0.99
LOAN007355,CUST04270,472611,PERSONAL LOAN,13.33,120,ACTIVE,0.0
LOAN004637,CUST02567,391656,Personal Loan,13.24,24,Default,0.99
LOAN005575,CUST03189,79361,PL,13.06,240,ongoing,0.0
LOAN010303,CUST03839,489460,Personal,13.01,36,Paid,0.0
LOAN007086,CUST02933,70390,PL,13.47,12,ACTIVE,nan
LOAN004010,CUST00709,459770,PL,13.75,240,Open,0.0
LOAN005803,CUST05347,2987899,BUSINESS LOAN,12.46,48,DEFAULT,0.01
LOAN004319,CUST02933,444787,CAR LOAN,10.63,240,Fully Paid,0.0
LOAN008565,CUST01152,247977,PERSONAL LOAN,14.42,120,paid,0.2
LOAN005018,CUST05707,359952,car loan,-5,120,Current,0.0
LOAN003357,CUST00843,4985874,Housing Loan,8.2,36,Fully Paid,0.02
LOAN001603,CUST04084,752634,education loan,11.49,60,#N/A,0.0
LOAN004474,CUST03824,177780,NULL,14.93,36,Paid Off,0.0
LOAN011777,CUST05823,566951,EDUCATION LOAN,11.56,48,PAID,0.0
LOAN002893,CUST03824,799233,Car Loan,11.65,12,Paid,0.01
LOAN001341,CUST05069,518512,nan,7.54,240,CLOSED,N/A
LOAN006634,CUST04499,2299674,HOME LOAN,8.86,240,Ongoing,0.52
LOAN007571,CUST05707,2397902,HOME LOAN,,180,CLOSED,0.0
LOAN004384,CUST00015,1349141,car loan,18.5,36,DEFAULT,0.0
LOAN006088,CUST03571,2708272, ,9.43,12,Current,0.03
LOAN007415,CUST05328,233450,Personal,13.82,36,CLOSED,0.0
LOAN002882,CUST05735,177847,PERSONAL LOAN,12.31,12,ongoing,0.0
LOAN010354,CUST04628,483381,Student Loan,9.15,60,CLOSED,0.0
LOAN004839,CUST02950,1334348,car loan,9.8,36,Current,0.0
LOAN002747,CUST00199,2594790,business loan,12.43,48,CHARGED OFF,0.99
LOAN010845,CUST02903,1312317,Vehicle Loan,9.5,240,Paid,0.63
LOAN000430,CUST04628,2725379,SME Loan,120,60,ongoing,Unknown
LOAN001624,CUST03585,"2,313,601",Unknown,-5,36,default,0.99
LOAN010682,CUST05069,4732796,Home Loan,7.36,120,Open,0.0
LOAN001969,CUST00843,1119313,Vehicle Loan,9.4,24,N/A,#N/A
LOAN002770,CUST02933,NULL,car loan,10.22,120,Unknown,0.0
LOAN007050,Unknown,279451,PERSONAL LOAN,14.0,240, ,0.0
LOAN008421,CUST00247,383685,Education Loan,10.78,84,PAID,0.0
LOAN008949,CUST01833,1753852,Home Loan,8.13,48,Bad Debt,0.99
LOAN006618,CUST05328,366526,personal loan,13.94,120,Open,0.0
LOAN010350,CUST00552,101840,Personal Loan,13.39,24,PAID,0.0
LOAN008657,CUST00090,735265,Edu Loan, ,36,ongoing,0.0
LOAN000811,CUST02173,528350,Car Loan,9.62,240,Current,Unknown
LOAN008406,CUST00300,701844,Auto Loan, ,84,CLOSED,0.88
LOAN011495,CUST04599,409238,SME Loan,11.5,36,ongoing,0.0
LOAN007954,CUST00709,426050,Business Loan,13.22,12,ACTIVE,0.0
LOAN006484,CUST02173,1376723,Home Loan,8.41,12,Ongoing,NULL
LOAN008104,CUST03824,233187,Personal,13.68,24,Fully Paid,0.0
LOAN004024,CUST04827,#N/A,personal loan,12.94,120,ongoing,0.0
LOAN002647,CUST00015,2731883,BUSINESS LOAN,20.72,120,Paid Off,0.0
LOAN006894,CUST02950,"3,408,955",Housing Loan,7.96,12,active,0.03
LOAN005198,CUST05823,1101380,Vehicle Loan,11.72,N/A,CLOSED,0.0
LOAN000644,CUST01901,387999,Personal Loan,13.18,36,nan,0.0
LOAN005403,CUST01140,"₹3,046,725",Mortgage,7.04,60,Paid,0.01
LOAN011276,CUST04599,3085616,home loan,7.55,180,CLOSED,0.0
LOAN001429,CUST00552,285223,PL,12.76,180,Open,0.0
LOAN003541,CUST04827,2821591,Biz Loan,12.55,84,ACTIVE,0.0
LOAN009597,CUST05735,472105,Personal Loan,13.45,60,,0.0
LOAN004107,CUST01500,"443,946",Personal,13.09,12,Ongoing,0.0
LOAN003693,CUST00587,916373,Car Loan,10.65,180,Paid,0.0
LOAN002651,CUST00247,1782013,Home Loan,8.18,120,CLOSED,0.0
LOAN005754,CUST03839,1270454,Business Loan, ,48,Open,0.0
LOAN000066,CUST00015,536043,Vehicle Loan,17.96,180,Defaulted,0.0
LOAN009866,CUST01500,287987,Education Loan,8.28,24,ONGOING,0.0
LOAN007861,CUST00552,349778,NULL,10.03,36,CLOSED,0.0
LOAN001693,CUST00090,609663,N/A,9.65,36,active,0.0
LOAN010266,CUST04628,1800602,Home Loan,8.73,24,paid,0.01
LOAN003544,CUST00709,1214075,Vehicle Loan,11.1,84,Open,0.0
LOAN000130,nan,336534,personal loan,14.14,48,paid,0.0
LOAN010882,CUST03571,₹0,,14.23,84,Open,0.0
LOAN005622,CUST02056,353698,Personal Loan,11.86,36,PAID,0.58
LOAN000160,CUST04270,432645,EDUCATION LOAN,10.79,120,Closed, 
LOAN010025,CUST00587,362031,PERSONAL LOAN,12.99,60,active,0.0
LOAN006154,CUST00709,866608,Biz Loan,13.28,12,ongoing,2.5
LOAN006771,CUST03189,240663,car loan,9.58,24,Ongoing,0.0
LOAN010744,CUST03562,204232,personal loan,14.65,60,Closed,0.0
LOAN001543,CUST03222,1631402,Housing Loan,8.45,240,Paid Off,0.0
LOAN001084,CUST03280,92440,PERSONAL LOAN,14.41,60,PAID,0.0
LOAN011684,CUST03562,1110994,car loan,12.34,84,ongoing,0.0
LOAN009796,CUST05707,399390,personal loan,15.14,12,Defaulted,0.0
LOAN008245,CUST04827,481164,personal loan,13.87,12,Current,0.0
LOAN005316,CUST05707,1011164,car loan,10.61,36,Current,0.0
LOAN008964,CUST05707,4514062,Home Loan,9.99,180,Closed,0.0
LOAN000934,CUST00247,1726639,Mortgage,8.89,36,Ongoing,
LOAN006003,CUST05436,2643213,BUSINESS LOAN,12.46,84,Open,0.0
LOAN008569,CUST03677,122401,PL,12.51,240,Paid,0.0
LOAN003403,CUST03677,3820139,HOME LOAN,7.74,240,ongoing,0.0
LOAN010497,CUST00264,4847408,Mortgage,7.99,48,PAID,0.99
LOAN003975,CUST02290,1862471,Home Loan,9.47,24,Paid Off,0.99
LOAN000148,CUST05347,4215713,nan,10.28, ,Ongoing,0.01
LOAN000974,CUST04827,348415,Business Loan,12.1,24,NULL,0.0
LOAN006420,CUST05069,340580,PL,12.24,48,CLOSED,N/A
LOAN002918,CUST01500,4765644,Home Loan,8.09,36,Paid,0.02
LOAN005417,CUST03571,331720,Student Loan,9.84,120,PAID,0.0
LOAN009864,CUST02173,482440,Personal,13.57,24,Ongoing,0.0
LOAN011262,CUST00552,"199,438",PL,12.87,240,Ongoing,0.0
LOAN007193,CUST02643,466472,education loan,10.55,240,Current,0.0
LOAN007399,CUST04628,2972851,Home Loan,N/A,60,Open,0.01
LOAN000918, ,139515,PERSONAL LOAN,nan,24,PAID,0.0
LOAN009746,CUST04827,318751,personal loan,13.04,120,Paid Off,0.0
LOAN009270,CUST02933,2556705,Housing Loan,8.68,180,Unknown,0.0
LOAN008939,CUST03839,111914,Education Loan,10.32,240,Open,0.0
LOAN000937,CUST04270,96698,PL,13.01,48,ONGOING,0.0
LOAN006043,CUST00587,149384,EDUCATION LOAN,10.9,240,Paid Off,0.0
LOAN007084,CUST03839,444169,PERSONAL LOAN,13.23,48,ongoing,0.0
LOAN002625,CUST05436,2199470,Business Loan,10.99,180,Paid Off,0.0
LOAN006957,CUST02643,344460,PL,12.88,48,Fully Paid,0.0
LOAN003002,CUST03189,544886,Education Loan,9.3,120,PAID,0.0
LOAN007758,CUST02950,241990,Personal Loan,13.27,24,Fully Paid,0.0
LOAN009345,CUST04628,2586149,HOME LOAN,9.35,240,ongoing,0.0
LOAN008490,CUST05707,447870,Personal Loan,14.81,180,DEFAULT,0.0
LOAN010189,CUST01901,2507190,Home Loan,nan,24,Unknown,0.01
LOAN009786,CUST02173,782101,car loan,,48,Open,0.0
LOAN010208,CUST05347,599463,Auto Loan,11.26,36,Closed,0.0
LOAN000244,CUST04084,416153,Personal,14.22,240, ,0.0
LOAN001645,CUST01901,1164478,car loan,9.17,120,Active,0.0
LOAN003138,CUST05328,1125006,CAR LOAN,9.99,84,ONGOING,0.0
LOAN001157,CUST00090,450659,Car Loan,9.99,12,Current,0.0
LOAN004489,CUST00843,"₹4,217,049",home loan,7.2,84,Paid Off,0.01
LOAN004240,CUST00843,235074,personal loan,12.4,48,Active,0.0
LOAN008130,CUST03677,649136,Car Loan,8.77,84,Ongoing,0.0
LOAN000259,CUST03280,"₹760,557",Car Loan,10.9,48,Paid,0.0
LOAN002686,CUST04084,2814855,Housing Loan,10.76,60,Open,0.01
LOAN008612,CUST05328,4089653,home loan,9.81,60,Active,0.01
LOAN008899,CUST03280,1015170,Vehicle Loan,10.86,48,Paid Off,0.0
LOAN006897,CUST03839,396775,PERSONAL LOAN,13.44,60,Paid,NULL
LOAN000002,CUST00090,427519,Car Loan,10.34,180,Paid,0.0
LOAN009841,CUST00709,761312,Student Loan,9.06,36,Current,#N/A
LOAN004196,CUST00994,730692,CAR LOAN,10.11,12,Fully Paid,0.99
LOAN008634,CUST02173,781502,Housing Loan,7.81,48,Closed,0.0
LOAN007780,CUST01281,Unknown,education loan,10.97,36,paid,0.0
LOAN003995,CUST05735,N/A,Business Loan,12.09,60,ongoing,0.01
LOAN011144,CUST05450,371316,Personal,12.48,60,PAID,0.25
LOAN004219,CUST00247,"1,206,199",nan,12.4,12,PAID,0.01
LOAN006918,CUST00015,337100,Personal Loan,21.98,24,default,0.0
LOAN002070,CUST00247,1010091,Biz Loan,11.96,60,ACTIVE,0.0
LOAN008859,CUST03562,4373709,Home Loan,10.71,-12,Paid Off,0.01
LOAN011410,CUST04628,163762,Education Loan,10.64,120,Open,0.0
LOAN008033,CUST05328,358583,PERSONAL LOAN,14.12,60,CLOSED,0.0
LOAN003531,CUST05823,354341,PL,13.59,180,Active,0.0
LOAN004128,CUST03222,270346,Vehicle Loan,10.27,84,Active,0.0
LOAN005073,N/A,2341539,N/A,8.26,12,ONGOING,0.02
LOAN011172,#N/A,328340,CAR LOAN,9.99,12,Closed,0.0
LOAN005119,CUST03839,505037,Business Loan,12.22,120,ongoing,0.0
LOAN001577,CUST03758,1828017,business loan,11.66,24,active,0.99
LOAN003033,CUST03280,1735661,SME Loan,nan,120,PAID,0.0
LOAN009950,CUST01901,286874,PERSONAL LOAN,13.21,60,Active,0.0
LOAN010596,CUST03677,1499879,Car Loan,10.4,36,ongoing,0.0
LOAN009318,NULL,4907351,Home Loan,9.33,600,active,0.05
LOAN000329,CUST01025,225493,nan,13.84,36,Paid,0.0
LOAN004501,CUST02173,2900254,home loan,Unknown,180,ACTIVE,0.0
LOAN002946,CUST04599,256145,PERSONAL LOAN,12.07,240,Current,0.0
LOAN002379,CUST03189,1361958,business loan,12.38,36,Closed,0.0
LOAN006676,CUST00843,948020,CAR LOAN,9.33,24,active,0.0
LOAN004751,CUST01901,495594,Personal,12.54,60,Current,0.0
LOAN000795,CUST00015,124517,Personal Loan,20.29,180,Default,0.0
LOAN001250,CUST01500,632087,nan,8.7,120,paid,0.0
LOAN011828,CUST05823, ,PERSONAL LOAN,13.68,24,Paid Off,2.5
LOAN007964,CUST05735,233860,Personal Loan,NULL,-12,ongoing,0.0
LOAN000413,CUST03586,149789,PL,15.25,24,CLOSED,0.99
LOAN009078,CUST05347,151693,PL,14.55,180,ONGOING,0.0
LOAN007793,CUST03562,342738,Auto Loan,11.62,48,CLOSED,0.0
LOAN008430,CUST03222,2611457,NULL,8.47,240,Fully Paid,0.0
LOAN002632,CUST01281,2626872,business loan,13.1,48,Paid,0.01
LOAN000070,CUST00247,877163,Auto Loan,10.88,84,active,0.0
LOAN002703,CUST00843,203304,PL,12.63,120,Ongoing,0.0
LOAN009993,CUST03189,467082,PERSONAL LOAN,12.8,24,CHARGED OFF,0.0
LOAN009172,CUST05436,1071784,Home Loan,7.59,240,CLOSED,0.0
LOAN006729,CUST03280,4313947,HOME LOAN,9.32,48,Ongoing,0.01
LOAN007438,CUST03839,1002160,car loan,9.18,60,Paid,0.0
LOAN011675,CUST05823,3605556,Mortgage,9.78,84,Fully Paid,0.01
LOAN010622,CUST04628,4458677,home loan,9.3,12,Open,0.04
LOAN002329,CUST01281,2790762,Housing Loan,9.86,48,CLOSED,0.01
LOAN010689,CUST03824,786609,CAR LOAN,11.49,240,Open,0.0
LOAN005538,CUST05735,1524627,Home Loan,8.94,60,Ongoing,
LOAN004516,CUST04827,69610,PL,13.92,24,CLOSED,NULL
LOAN006207,CUST05735,325981,personal loan,Unknown,60,ongoing,0.0
LOAN003689,CUST01281,4782479,Mortgage,9.35,12,ONGOING,0.05
LOAN007621,CUST04270,876228,HOME LOAN,10.03,12,CLOSED,0.01
LOAN010453,CUST03839,411831,PERSONAL LOAN,12.63,180,Active,0.0
LOAN004361,CUST01281,"1,408,904",Housing Loan,8.32,84,Paid Off,0.0
LOAN001314,CUST03839,285595,Personal Loan,NULL,36,active,0.0
LOAN011895,CUST03824,2668189,Business Loan,12.76,24,Active,0.01
LOAN000269,CUST02933,nan,PERSONAL LOAN,12.38,48,Fully Paid,0.0
LOAN009844,CUST04827,214052,Edu Loan,10.28,12,active,0.0
LOAN003218,CUST03222,"₹1,436,924",CAR LOAN,10.29,84,Closed,0.0
LOAN007882,CUST05069,104367,Student Loan,,120,ongoing,0.0
LOAN004227,Unknown,1099312,#N/A,9.34,48,active,Unknown
LOAN002149,CUST03571,4310804,Housing Loan,9.06,60,Current,0.01
LOAN011342,CUST02173,1636553,SME Loan,12.77,60,ongoing,0.0
LOAN001816,CUST00552,489544,PL,13.63,120,Ongoing,0.0
LOAN002043,CUST02724,439494,PL,13.31,24,CLOSED,2.5
LOAN007056,CUST03280,"3,575,762",Housing Loan,9.96,48,Open,0.01
LOAN004652,CUST00552,4301225,Mortgage,8.46,24,Fully Paid,0.02
LOAN011732,CUST05436,1069140,Auto Loan,8.83,36,ongoing,0.0
LOAN005493,CUST01025,472641,PL,12.61,180,active,nan
LOAN010340,CUST03111,2927983,Home Loan,8.93,60,paid,0.99
LOAN002327,CUST00843,105011,Personal,11.93,48,Paid Off,0.0
LOAN006889,CUST04599,314964,Vehicle Loan,9.81,36,ONGOING,0.0
LOAN011451,CUST00247,317393,PL,nan,180,ongoing,0.0
LOAN000451,CUST01901,2097622,Business Loan,10.81,120,Current,0.0
LOAN007893,CUST00552,126396,PERSONAL LOAN,14.27,180,Charged Off,0.0
LOAN010073,CUST01190,411855,Student Loan,7.63,24,DEFAULT,0.99
LOAN001402,CUST03839,3138111,HOME LOAN,8.55,84,ONGOING,0.0
LOAN000728,CUST02934,1443966,Business Loan,,24,default,0.99
LOAN000159,CUST02933,151993,,8.96,120,CLOSED,Unknown
LOAN007945,CUST03677,311041,PERSONAL LOAN,12.8,24,ACTIVE,0.0
LOAN002595,CUST01901,"1,421,124",BUSINESS LOAN,11.52,36,active,0.0
LOAN001466,CUST05823,"343,575",PL,14.15,24,ONGOING,0.0
LOAN005309,CUST01901,2948174,business loan,12.39,36,Paid,0.01
LOAN004086,CUST05823,3416450,Mortgage,9.2,120,active,0.0
LOAN011998,CUST01140,263009,Education Loan,0,84,ACTIVE,0.0
LOAN001430,CUST05823,270084,Car Loan,11.49,60,Paid,0.0
LOAN007646,CUST03677,328384,PERSONAL LOAN,12.51,84,Paid,0.0
LOAN002019,CUST01463,1282132,Auto Loan,10.29,84, ,0.99
LOAN005541,CUST01500,1680207,Mortgage,0,60,ONGOING,0.0
LOAN000640,CUST03222,2874701,Home Loan,NULL,12,Paid Off,0.03
LOAN006803,CUST00015,389314,Personal,20.96,36,Charged Off,0.0
LOAN001454,CUST00247,1220155,,11.38,36,ONGOING,0.0
LOAN003972,CUST03571,405520,Personal,13.47,84,ongoing,0.0
LOAN011803,CUST02643,652993,Home Loan,8.76,240,ACTIVE,0.0
LOAN001294,CUST04827,742981,home loan,8.49,84,Active,0.0
LOAN001361,CUST03222,317552,Edu Loan,10.19,240,active,0.0
LOAN009409,CUST02215,#N/A,CAR LOAN,11.14,60,Bad Debt,0.9
LOAN010045,CUST04270,302198,Car Loan,11.21,48,Charged Off,0.0
LOAN010227,CUST00587,448019,Personal Loan,14.68,240,ONGOING,0.0
LOAN001081,CUST05069,"₹224,283",PL,12.42,12,Paid,N/A
LOAN005746,CUST05328,1160939,Car Loan,10.01,180,default,0.0
LOAN001309,CUST02643,582785,CAR LOAN,10.2,12,Fully Paid,0.01
LOAN004640,CUST02933,195202,nan,12.67,180,ONGOING,0.0
LOAN004032,CUST05823,"₹1,826,421",SME Loan,13.83,48,Open,0.0
LOAN004549,CUST01769,3557056,HOME LOAN,8.63,0,paid,0.99
LOAN011469,CUST03562,202490,business loan,13.75,180,ACTIVE,0.0
LOAN004632,CUST03280,484057,Biz Loan,Unknown,84,PAID,0.0
LOAN004225,CUST02885,1559717,Home Loan,8.66,120,Fully Paid,2.5
LOAN005370,CUST01140,190726,Personal Loan, ,84,ongoing,0.0
LOAN010304,CUST02818,789581,Auto Loan,12.11,36,PAID,0.99
LOAN010248,CUST04084,161345,PL,13.56,24,Current,0.0
LOAN004470,CUST05836,1636124,#N/A,14.24,120,Paid,0.99
LOAN009446,CUST05347,"235,872",education loan,10.85,60,ongoing,0.0
LOAN006224,CUST05823,4675423,home loan,10.58,12,active,0.05
LOAN001982,CUST05098,1209251,Auto Loan,9.26,60,Paid,0.99
LOAN006138,CUST05328,482115,personal loan,13.94,36,,0.0
LOAN007680,CUST03677,4955790,Mortgage,8.09,48,active,0.01
LOAN002013,CUST04628,991085,Vehicle Loan,11.28,120,CLOSED,#N/A
LOAN006142,CUST04270,3803150,,9.32,120,Current,0.0
LOAN006428,CUST02933,0,Vehicle Loan,9.41,120,Active,0.0
LOAN002436,CUST00843,2265646,Biz Loan,11.68,240,Bad Debt,0.0
LOAN005967,CUST00090,315470,PERSONAL LOAN,13.02,24,Open,0.0
LOAN009076,CUST03839,2945964,HOME LOAN,9.02,240,Open,0.0
LOAN003690,CUST05823,117521,personal loan,13.47,240,CLOSED,0.0
LOAN010706,CUST01140,91244,PERSONAL LOAN,12.49,180,Ongoing,0.0
LOAN011462,CUST04971,406905,Personal Loan,13.46,48,Closed,0.99
LOAN008466,CUST05604,322440,Personal,13.67,240,Ongoing,0.16
LOAN011759,CUST04599,260460,car loan,10.06,84,Fully Paid,0.0
LOAN001582,CUST05823,923059,Car Loan,12.37,84,Current,0.0
LOAN001202,CUST01281,407233,PERSONAL LOAN,13.73,48,Current,0.0
LOAN004691,CUST00843,802749,Housing Loan,7.06,48,Open,0.0
LOAN004984,CUST02950,145134,Personal Loan,12.82,240,Closed,0.0
LOAN010507,CUST01901,126677,Personal,12.82,12,paid,0.0
LOAN001502,CUST00247,1668768,Biz Loan,NULL,24,ongoing,0.01
LOAN008852,CUST05347,190777,Personal Loan,14.85,12,Active,0.0
LOAN000387,CUST05735,4436948,Home Loan,9.02,36,ONGOING,0.01
LOAN011211,CUST05347,"₹1,473,829",Vehicle Loan,11.88,48,Paid,0.0
LOAN004750,CUST01986,"745,178",Student Loan,8.99,24,Charged Off,0.99
LOAN001203,CUST03189,887413,Vehicle Loan,9.86,60,ONGOING,0.0
LOAN005036,CUST05916,359004,Car Loan,10.06,12,DEFAULT,0.99
LOAN009615,CUST03280,1353038,Unknown,10.11,180,ongoing,0.0
LOAN008537,CUST02173,422125,education loan,,nan,#N/A,0.0
LOAN002418,CUST05328,621853,Business Loan,13.58,84,Active,N/A
LOAN003762,CUST00552,446208,personal loan,13.13,60,NULL,0.0
LOAN006588,CUST00552,187826,Student Loan,9.08,36,active,0.0
LOAN003875,CUST00015,458598,personal loan,21.79,120,Paid,0.0
LOAN010411,CUST05436,N/A,BUSINESS LOAN,10.72,240,Fully Paid,0.0
LOAN009491,CUST03222,822903,car loan,10.22,120,ongoing,0.0
LOAN008794,CUST03839,434659,Personal Loan,#N/A,24,Open,0.0
LOAN001744,CUST00247,162588,personal loan,nan,84,CLOSED,0.0
LOAN002077,CUST04827,274376,PL,13.38,180,ACTIVE,0.0
LOAN002875,CUST00843,213896,PL,13.34,36,ACTIVE,0.0
LOAN011961,CUST02933,4139337,Housing Loan,9.2,12,ongoing,0.04
LOAN009066,CUST03571,335636,Student Loan,10.96,60,ACTIVE,0.0
LOAN002213,CUST04270,2621822,Housing Loan,9.97,84,ongoing,0.0
LOAN003295,CUST02950,#N/A,PL,13.28,12,Ongoing,0.0
LOAN002336,CUST00473,3929348,home loan,9.54, ,PAID,0.99
LOAN007196,nan,1207594,CAR LOAN,11.38,180,Fully Paid,0.0
LOAN004500,NULL,2245997,business loan,12.47,48,Active,0.01
LOAN007722,CUST01868,4684263,HOME LOAN,10.73,120,DEFAULT,0.99
LOAN000237,CUST00552,1201438,car loan,9.38,240,Paid,N/A
LOAN004727,CUST01140,68496,PL,nan,12,Current,0.0
LOAN011318,CUST03189,346887,personal loan,11.76,48,PAID,0.0
LOAN003899,CUST01140,3262356,Mortgage,7.81,48,Current,0.01
LOAN006161,CUST04599,1331083,BUSINESS LOAN,11.7,120,Active,0.0
LOAN006789,CUST05069,4471957,HOME LOAN,7.03,NULL,active,0.01
LOAN002619,CUST04270,483083,personal loan,12.99,240,ONGOING,0.0
LOAN008147,CUST04270,362449,Biz Loan,11.82,12,PAID,0.0
LOAN000824,CUST02950,456111,personal loan,13.55,180,Open,0.0
LOAN006201,CUST02173,115924,PL,120,36,Open,0.0
LOAN009967,CUST02643,715605,Car Loan,10.59,60,Ongoing,0.0
LOAN008298,CUST00735,3746603,HOME LOAN,8.09,84,Defaulted,0.99
LOAN005864,CUST05328,199532,personal loan,13.18,120,active,0.0
LOAN001026,CUST05823,1983224,HOME LOAN,9.03,60,ongoing,0.0
LOAN008230,CUST03562,462603,Auto Loan,10.91,24,paid,0.0
LOAN001704,CUST05069,1076702,Vehicle Loan,8.19,nan,Closed,0.0
LOAN004650,CUST03562,382470,PERSONAL LOAN,13.89,12,CLOSED,0.0
LOAN004101,CUST00709,725654,Vehicle Loan,9.68,60,Active,nan
LOAN003804,CUST05436,112006,Student Loan,9.52,12,Open,0.0
LOAN011043,CUST04027,103505,Personal,14.89,36,ONGOING,Unknown
LOAN003429,CUST00709,802294,Auto Loan,10.69,12,CLOSED,0.01
LOAN010022,CUST01500,314812,Car Loan,9.03,60,paid,NULL
LOAN001962,CUST00843,69620,Personal,12.68,180,ONGOING,0.0
LOAN005187,CUST02173,690948,Biz Loan,11.98,84,Current,0.0
LOAN000590,CUST00587,218850,personal loan,14.75,120,Paid Off,0.0
LOAN004166,CUST01140,4406705,HOME LOAN,7.82,,Closed,0.0
LOAN002191,CUST02040,1593246,Housing Loan,8.89,12,NULL,0.99
LOAN002363,Unknown,556695,Biz Loan,N/A,12,paid,0.01
LOAN000293,CUST03824,238493,car loan,10.36,84,ongoing,0.0
LOAN007820,CUST03571,67593,personal loan,14.31,24,paid,0.0
LOAN001896,CUST02933,532801,business loan,11.41,24,PAID,0.0
LOAN002466,CUST05823,760670,EDUCATION LOAN,10.21,240,CLOSED,0.0
LOAN009811,CUST00587,nan,Mortgage,9.41,24,paid,0.01
LOAN001910,CUST01025,489831,PL,12.27,240,ongoing,0.0
LOAN000271,CUST03824,278058,Edu Loan,Unknown,240,paid,0.0
LOAN006098,CUST00480,1955140,Business Loan,13.48,48,N/A,0.99
LOAN008083,CUST04599,1802427,Business Loan,11.41,180,ONGOING,0.0
LOAN010547,CUST00247,338445,PERSONAL LOAN,13.82,180,NULL,0.0
LOAN011019,CUST00015,1351211,BUSINESS LOAN,19.93,48,Paid Off,0.0
LOAN001992,CUST00587,429448,EDUCATION LOAN,10.75,24,Ongoing,0.0
LOAN002653,CUST05436,847782,CAR LOAN,9.48,48,active,0.0
LOAN011986,CUST04270,842890,home loan,9.66,84,ACTIVE,0.0
LOAN004125,CUST05436,3749715,home loan,Unknown,180,paid,0.0
LOAN008455,CUST02012,170062,PL,14.69,36,CHARGED OFF,0.99
LOAN004436,CUST04084,917751,Mortgage,10.01,120,ONGOING,0.0
LOAN009989,CUST00090,98499,Personal,13.73,180,Open,N/A
LOAN007706,CUST00247,443266,PERSONAL LOAN,13.65,84,Active,0.0
LOAN003523,CUST05436,247042,Auto Loan,Unknown,48,Fully Paid,Unknown
LOAN009203,CUST01336,-1000,Home Loan,8.62,36,CHARGED OFF,0.99
LOAN002733,CUST04628,1603367,Mortgage, ,180,ONGOING,0.0
LOAN005281,CUST00552,470743,N/A,14.16,48,ACTIVE,0.0
LOAN007558,CUST03824,246399,Vehicle Loan,10.51,48,Current,0.0
LOAN008700,CUST04827,414580,PERSONAL LOAN,#N/A,60,Active,0.0
LOAN006344,CUST05237,464151,Personal Loan,12.96,84,Ongoing,0.99
LOAN003169,CUST05328,460608,PERSONAL LOAN,13.11,84,PAID,0.0
LOAN006801,CUST02643,68347,PERSONAL LOAN,14.19,180,PAID,0.0
LOAN009138,CUST03280,1091167,car loan,11.3,36,active,0.0
LOAN009059,CUST03854,430117,Personal,12.29,36,CLOSED,0.99
LOAN008578,CUST05347,2238515,HOME LOAN,8.91,12,Bad Debt,0.02
LOAN004038,CUST03677,494775,Personal Loan,12.24,24,Closed,0.0
LOAN000585,CUST01140,1337440,HOME LOAN,8.64,84,active,0.0
LOAN002049,CUST03839,54824,PL,12.85,84,Ongoing,0.0
LOAN007525,CUST01281,299432,education loan,10.67,48,Ongoing,0.0
LOAN011011,CUST01025,434521,education loan,8.77,240,Fully Paid,0.0
LOAN002785,CUST02950,60824,Personal,12.28,120,DEFAULT,0.0
LOAN003931,CUST05347,Unknown,business loan,14.07,24,active,-0.5
LOAN009952,CUST02207,799208,home loan,7.87,180,CHARGED OFF,0.46
LOAN001260,CUST05436,284664,car loan,9.96,120,Active,0.0
LOAN001598,CUST04827,3573133,Mortgage,9.26,180,CLOSED,0.0
LOAN002964,CUST00587,96823,Personal Loan,13.58,84,PAID,0.0
LOAN009876,CUST02643,2606772,Mortgage,8.22,84,ACTIVE,0.0
LOAN009086,CUST05328,3897333,HOME LOAN,9.2,48,Closed,0.01
LOAN001912,CUST03280,2663528,HOME LOAN,9.46,24,Closed,0.01
LOAN000769,CUST05328,696605,Housing Loan,9.05,12,Ongoing,0.01
LOAN008854,CUST05436,Unknown,PL,12.4,48,Open,0.0
LOAN002064,CUST03839,130812,personal loan,12.75,84,Fully Paid,0.0
LOAN000978,CUST03839,1372068,home loan,8.97,12,paid,0.01
LOAN004416,CUST00843,4238810,Housing Loan,7.05,84,CLOSED,0.01
LOAN002688,CUST05823,176432,Personal,15.12,84,ONGOING,0.0
LOAN005585,CUST03654,3473554,Home Loan,9.36,24,default,0.99
LOAN009867,CUST05069,238349,PL,12.85,180,Ongoing,0.0
LOAN007125,CUST02933,2821279,Business Loan,13.07,36,active,0.01
LOAN009138,CUST03280,1091167,car loan,11.3,36,active,0.0
LOAN001133,CUST03222,NULL,Mortgage,9.96,36,paid,2.5
LOAN004703,CUST05069,4571803,HOME LOAN,6.67,48,Paid,0.01
LOAN010467,CUST05347,462843,Car Loan,10.44,24,Paid,0.0
LOAN003066,CUST00552,531458,Student Loan,10.09,12,Paid Off,0.01
LOAN001136,CUST05823,0,Home Loan,10.83,12,Default,0.05
LOAN004019,nan,1204632,Car Loan,11.51,240,Active,0.0
LOAN001477,CUST02933,1011088,Vehicle Loan,9.57,48,Fully Paid,0.0
LOAN002430,CUST04084,1347393,BUSINESS LOAN,14.14,NULL,ONGOING,0.0
LOAN006452,CUST05069,248257,Personal,12.23,48,Closed,0.0
LOAN002034,CUST03839,404238,PL,13.97,48,Open,0.0
LOAN004239,CUST00709,1339102,Auto Loan,9.98,84,Paid,0.0
LOAN000254,CUST04628,408071,Personal Loan,12.65,84,active,NULL
LOAN005178,CUST03760,791448,education loan,9.45,84,Closed,0.99
LOAN009237,CUST00843,"₹2,910,775",BUSINESS LOAN,11.53,nan,Open,0.0
LOAN008922,CUST05328,1350906,Housing Loan,9.6,84,#N/A,0.0
LOAN004049,CUST04965,1624125,Housing Loan,8.48,24,PAID,N/A
LOAN002744,CUST05210,1575194,SME Loan,13.53,60,Defaulted,0.99
LOAN000734,CUST00247,243288,Auto Loan,9.56,240,PAID,0.0
LOAN007855,CUST05735,181021,personal loan,13.4,84,Closed,0.0
LOAN001870,CUST05823,862919,business loan,12.55,60,Fully Paid,0.0
LOAN009754,CUST01025,4195101,HOME LOAN,9.28,24,Open,0.02
LOAN000226,CUST00015,3042312,Mortgage,16.06,120,Paid Off,0.0
LOAN010442,CUST00770,301263,Student Loan,10.33,12,ONGOING,0.99
LOAN008910,CUST00489,1667834,BUSINESS LOAN,12.16,48,DEFAULT,0.99
LOAN006704,CUST03189,"₹2,468,059",HOME LOAN,7.72,180,Ongoing,0.0
LOAN011769,CUST01500,147943,EDUCATION LOAN,-5,120,ONGOING,0.0
LOAN001857,CUST00709,1169151,Auto Loan,11.09,36,PAID,0.0
LOAN002828,CUST02950,2126366,SME Loan,11.93,36,Ongoing,0.01
LOAN001033,CUST04270,4601399,home loan,9.95,180,Current,0.0
LOAN001549,CUST03654,3280754,Home Loan,8.99,84,Default,0.99
LOAN006976,CUST04628,3283169,HOME LOAN,9.18,48,ACTIVE,N/A
LOAN006230,CUST02950,234987,PL,12.58,36,Ongoing,0.0
LOAN005936,CUST00587,1134770,car loan, ,0,Current,0.0
LOAN005327,CUST03824,3777253,Mortgage,9.15,48,Active,0.01
LOAN005809,CUST02807,412844,Personal Loan,13.24,60,DEFAULT,0.75
LOAN007032,CUST03869,3999281,Mortgage,9.43,48,CHARGED OFF,0.99
LOAN009417,CUST02643,298796,Edu Loan,10.73,240,PAID,0.0
LOAN003598,CUST03562,259848,PERSONAL LOAN,15.12,84,Default,0.0
LOAN009739,CUST00709,2636614,BUSINESS LOAN,11.37,240,CLOSED,0.0
LOAN003025,CUST00709,326843,EDUCATION LOAN,10.63,#N/A,Ongoing,0.0
LOAN006319,CUST04270,#N/A,Home Loan,9.95,60,ongoing,0.0
LOAN011736,CUST04360,"55,672",Personal,13.92,120,Paid,0.03
LOAN004641,CUST00709,482860,Personal Loan,12.54,24,Ongoing,0.0
LOAN006673,CUST05730,157313,PL,13.6,#N/A,Fully Paid,0.99
LOAN001906,CUST02213,1413207,CAR LOAN,9.33,240,ONGOING,0.25
LOAN002985,CUST01025,190061,Personal,12.48,12,NULL,0.0
LOAN009681,CUST05347,4916536,Home Loan,10.5,180,Open,0.0
LOAN008916,CUST04270,291281,Vehicle Loan,11.42,36,Paid,0.0
LOAN010537,CUST05436,884114,BUSINESS LOAN,10.84,24,Fully Paid,0.0
LOAN010967,CUST01281,#N/A,education loan,10.26,60,Paid,0.0
LOAN009555,CUST01140,1167300,CAR LOAN,9.73,240,Active,#N/A
LOAN010211,CUST02933,329313,Personal Loan,12.77,240,ongoing,NULL
LOAN009543,CUST05069,"₹172,310",Personal,11.88,48,,0.0
LOAN005884,CUST05707,366866,Vehicle Loan,12.3,36,Bad Debt,2.5
LOAN011709,CUST00709,601072,Student Loan,9.7,240,N/A,0.0
LOAN003613,CUST05823,1738396,Business Loan,12.69,84,Ongoing,0.0
LOAN008115,CUST02471,3484588,Home Loan,8.79,240,paid,0.99
LOAN011791,CUST03839,3850386,Home Loan,9.3,24,Open,0.02
LOAN003550,CUST02997,"₹1,037,653",Auto Loan,11.62,48,Fully Paid,0.99
LOAN001163,CUST01901,"1,214,254", ,9.71,84,Fully Paid,0.0
LOAN008066,CUST04270,Unknown,Mortgage,8.26,12,Paid,0.04
LOAN007276,CUST03944,748789,Car Loan,11.26,60,ACTIVE,0.99
LOAN001877,CUST01140,598480,CAR LOAN,9.15,180,PAID,0.0
LOAN002569,CUST00709,3569654,Housing Loan,Unknown,60,Fully Paid,0.01
LOAN004713,CUST02950,314080,PL,13.65,60,Paid Off,0.0
LOAN008188,CUST01901,702736,CAR LOAN,9.13,48,Open,0.0
LOAN010329,CUST00090,756221,Edu Loan,10.27,240,Paid,Unknown
LOAN011896,CUST03824,2059936,Biz Loan,13.78,60,ONGOING,0.0
LOAN008111,CUST02173,1201642,car loan,9.33,60,Ongoing,0.0
LOAN004655,CUST00642,239280,personal loan,13.66,180,DEFAULT,0.07
LOAN011433,CUST05735,595082,car loan,9.04,240,default,0.0
LOAN011984,CUST00709,385538,PL,13.87,84,Ongoing,0.0
LOAN007728,CUST03562,630442,Student Loan,12.02,600,Defaulted,0.0
LOAN010663,NULL,3744164,Mortgage,8.78,84,Paid Off,0.01
LOAN000046,#N/A,1022716,CAR LOAN,9.78,24,Fully Paid,0.01
LOAN006977,CUST01500,1487279,SME Loan,11.58,NULL,Paid Off,0.0
LOAN003838,CUST03198,"4,470,199",Home Loan,7.96,24,Bad Debt,0.99
LOAN005783,Unknown,292165,Personal,14.27,#N/A,Ongoing,0.0
LOAN001920,CUST02643,1351381,CAR LOAN,10.39,24,PAID,0.01
LOAN011911,CUST00015,205721,PL,21.99,180,Closed,0.0
LOAN001522,CUST04599,2990816,business loan,11.93,60,ACTIVE,0.01
LOAN010928,CUST03571,2243246,N/A,12.82,84,,0.0
LOAN011926,CUST00587,127672,PERSONAL LOAN,13.77,48,Open,0.0
LOAN011168,CUST01744,403541,Personal,12.59,12,Defaulted,0.99
LOAN003993,CUST05347,156130,PERSONAL LOAN,13.97,24,Active,0.0
LOAN005563,CUST05735,3773049,Home Loan,8.48,180,ACTIVE,0.0
LOAN002987,CUST03839,2612002,Business Loan,12.38,36,Current,0.01
LOAN008386,CUST01901,"₹167,344",Personal,12.19,240,Active,0.0
LOAN006272,CUST02933,399212,PL,13.05,240,ongoing,0.0
LOAN011945,CUST05735,842270,Home Loan,7.97,24,Current,0.0
LOAN006811,CUST05735,2433671,Housing Loan,8.01,60,Paid Off,0.0
LOAN007288,CUST03677,53346,Personal Loan,12.11,48,ongoing,0.0
LOAN006910,CUST00587,3948164,Home Loan, ,84,ACTIVE,0.01
LOAN004949,CUST03571,"999,999,999",Housing Loan,9.85,84,ACTIVE,0.0
LOAN010196,CUST04827,1844430,Home Loan,8.33,84,ACTIVE,0.0
LOAN001410,CUST04084,439856,Student Loan,9.85,120,ONGOING,0.0
LOAN009265,CUST00090,1707675,BUSINESS LOAN,12.22,120,active,0.0
LOAN001953,CUST01140,3592763,home loan,120,120,CLOSED,0.0
LOAN010407,CUST04308,1714041,HOME LOAN,8.64,240,Paid,0.99
LOAN008107,CUST00247,139077,EDUCATION LOAN,9.31,36,ACTIVE,0.0
LOAN008972,CUST01872,1055158,Auto Loan,10.71,240,Ongoing,0.32
LOAN011642,CUST04827,348077,Edu Loan,10.52,84,Closed,0.0
LOAN001627,#N/A,418020,Personal Loan,13.65,120,ongoing,0.0
LOAN010614,CUST05347,2387803,SME Loan,13.1,84,ACTIVE,0.0
LOAN007692,CUST00090,"207,694",Personal Loan,13.36,84,CLOSED,0.0
LOAN007177,CUST03824,"₹4,228,636",Mortgage,8.96,180,Ongoing,NULL
LOAN007442,CUST00585,,CAR LOAN,9.69,60,paid,0.99
LOAN011799,CUST01901,1699741,BUSINESS LOAN,11.83,84,Open,0.0
LOAN000738,CUST03824,1268361,Business Loan,12.85,240,Open,0.0
LOAN004861,CUST05347,nan,car loan,10.48,84,Fully Paid,0.0
LOAN008816,CUST00843,773384,Auto Loan,9.76,36,Paid Off,0.0
LOAN006767,CUST03677,247324,Personal Loan,13.03,36,active,0.0
LOAN010807,CUST05347,3686393,Mortgage,10.05,36,Paid,0.01
LOAN004917,CUST01281,140937,Personal Loan,12.93,24,Closed,0.0
LOAN004491,CUST00247,59813,Personal Loan,12.79,120,Closed,0.0
LOAN000457,CUST01484,477409,personal loan,13.26,180,CHARGED OFF,0.47
LOAN009939,CUST00015,"499,089",Student Loan,18.3,180,default,
LOAN001749,CUST00587,3920358,Housing Loan,9.07,84,active,0.01
LOAN008468,CUST04534,483442,PL,13.85,84,ONGOING,0.24
LOAN010877,CUST03730,#N/A,home loan,8.23,120,default,0.99
LOAN003034,CUST00247,1003968,NULL,10.26,48,Paid,0.0
LOAN009622,CUST04827,678551,Car Loan,11.21,24,PAID,0.0
LOAN000158,CUST02950,1254965,Mortgage,9.01,Unknown,ongoing,0.0
LOAN011562,CUST03280,2943933,business loan,12.54,84,Fully Paid,Unknown
LOAN004355,CUST03258,"3,446,314",Home Loan,9.98,24,Default,
LOAN002292,CUST03222,1901644,Housing Loan,,48,paid,0.0
LOAN002583,CUST05328,209051,Auto Loan,10.8,84,Active,0.0
LOAN003764,CUST03571,182682,Personal Loan,14.21,12,Ongoing,0.0
LOAN004863,CUST05328,"₹1,437,317",car loan,10.38,48,ONGOING,0.0
LOAN003155,CUST03222,192629,Edu Loan,10.09,36,ongoing,0.0
LOAN006488,CUST05735,1466356,home loan,8.21, ,Unknown,0.01
LOAN005520,CUST03839,392394,#N/A,12.25,36,Ongoing,0.0
LOAN009159,CUST00552,nan,EDUCATION LOAN,10.23,120,N/A,0.0
LOAN000731,CUST01901,462781,Personal Loan,12.39,240,Defaulted,0.0
LOAN005285,CUST03562,92281,Personal Loan,15.59,180,Unknown,0.0
LOAN001462,CUST04599,1684754,SME Loan,11.57,120,Current,0.0
LOAN002958,CUST04270,246483,Personal Loan,nan,12,Active,0.0
LOAN009157,CUST00843,873793,Vehicle Loan,Unknown,84,NULL,0.0
LOAN000736,CUST01025,777016,education loan,9.75,12,ACTIVE,0.01
LOAN001210,CUST03562,491745,Personal Loan,14.86,240,Current,0.0
LOAN010643,CUST00843,184029,Personal,13.4,12,ONGOING,0.0
LOAN009317,CUST00015,487779,Business Loan,20.83,nan,Charged Off,#N/A
LOAN003346,CUST04084,237833,PERSONAL LOAN,14.53,36,Current,0.0
LOAN006276,CUST05162,319853,Vehicle Loan,9.44,180,Paid,0.09
LOAN004689,CUST03562,433985,PL,14.33,36,PAID,0.0
LOAN010148,CUST02950,1375585,car loan, ,240,Closed,0.0
LOAN004612,CUST05436,1505171,business loan,12.46,180,ongoing,NULL
LOAN005109,CUST04270,893843,CAR LOAN,11.04,36,N/A,0.0
LOAN008096,CUST01140,299235,Auto Loan,8.75,84,active,0.0
LOAN001668,CUST01025,427244,personal loan,12.78,84,CLOSED,0.0
LOAN008175,CUST01834,439547,Personal Loan,13.2,36,CHARGED OFF,0.99
LOAN003954,CUST05823,NULL,Personal,14.07,120,ongoing,0.0
LOAN004022,CUST05735,1199486,Mortgage,9.17,48,NULL,0.0
LOAN006576,CUST00247,"₹83,322",PERSONAL LOAN,12.99,24,Closed,0.0
LOAN002185,CUST03222,319116,PERSONAL LOAN,13.66,12,Fully Paid,0.0
LOAN011061,CUST01025,611502,business loan,75,84,ONGOING,0.0
LOAN008589,CUST01281,293967,PL,13.77,36,Ongoing,0.0
LOAN009337,CUST03571,222351,PL,13.04,24,CHARGED OFF,0.0
LOAN001204,CUST00247,₹0,Personal Loan,12.46,12,ONGOING,0.0
LOAN002999,CUST05707,1928674,Mortgage,9.0,84,ACTIVE,0.0
LOAN006877,CUST01901,3765020,Home Loan,7.77,120,paid,0.0
LOAN001343,CUST01025,"₹1,065,396",car loan,9.38,60,Open,0.0
LOAN003618,CUST00843,1377464,car loan,10.45,48,Ongoing,0.0
LOAN005579,CUST03571,1175371,Vehicle Loan,75,36,Closed,0.0
LOAN000491,CUST03922,395904,Education Loan,11.72,12,Fully Paid,0.99
LOAN005880,CUST05328,307585,PERSONAL LOAN,14.29,24,#N/A,0.0
LOAN006587,CUST02804,537455,home loan,10.14,12,Fully Paid,99
LOAN007035,CUST03839,592506,home loan,9.24,60,ONGOING,0.0
LOAN009121,CUST02643,628419,Biz Loan,12.24,12,ONGOING,0.01
LOAN003935,CUST00587,2111109,Business Loan,12.96,12,paid,0.02
LOAN005369,,289368,Auto Loan,11.0,48,Active,0.0
LOAN001067,CUST00843,1725473,business loan,11.58,60,ONGOING,0.0
LOAN005261,CUST05775,1437530,Car Loan,10.94,36,Default,0.99
LOAN001814,CUST01025,339325,Personal,13.71,240,Ongoing,0.0
LOAN000715,CUST00552,1574868,HOME LOAN,8.41,84,Bad Debt,0.0
LOAN006647,CUST01772,2126768,business loan,13.1,180,paid,0.54
LOAN002256,CUST02933,471676,Personal,12.28,84,CLOSED,0.0
LOAN003594,CUST02173,350556,PL,14.05,,active,0.0
LOAN006012,CUST03571,165131,Personal,#N/A,48,ONGOING,0.0
LOAN005274,CUST00709,"3,675,980",Home Loan,9.47,180,Current,0.0
LOAN003187,CUST05735,717317,SME Loan,11.47,48,ACTIVE,0.0
LOAN001282,CUST05347,78685,PL,14.17,24,Active,0.0
LOAN001796,CUST01281,4114299,Home Loan,10.02,120,ACTIVE,0.0
LOAN008199,N/A,0,HOME LOAN,7.64,48,Paid Off,0.01
LOAN009301,CUST03824,2964202,HOME LOAN,8.94,240,ongoing,0.0
LOAN001765,CUST00693,2743151,BUSINESS LOAN,10.81,12,Current,-0.5
LOAN002734,CUST02933,4210302,Housing Loan,8.15,24,paid,0.02
LOAN009320,CUST04671, ,BUSINESS LOAN,11.02,12,Closed,0.99
LOAN005620,CUST02933,89375,Personal,13.57,180,CLOSED,0.0
LOAN003081,CUST00552,2601571,SME Loan,12.16,120,Paid Off,0.0
LOAN003216,CUST05069,"1,069,640",CAR LOAN,9.1,60,Current,0.0
LOAN007465,CUST04628,477279,personal loan,13.45,180,Active,0.0
LOAN006402,CUST01901,3615365,Mortgage,7.71,60,active,0.01
LOAN008271,CUST04628,387788,education loan,11.0,84,Ongoing,0.0
LOAN007994,CUST03824,103046,PL,14.23,48,Closed,0.0
LOAN008299,CUST00247,458908,education loan,10.63,120,ACTIVE,0.0
LOAN002318,CUST03280,1180315,HOME LOAN,9.52,180,Closed,0.0
LOAN003373,CUST02643,562498,,11.7,24,Fully Paid,0.0
LOAN009934,CUST03189,318038,education loan,8.65,48,ACTIVE,0.0
LOAN000209,CUST03280,,EDUCATION LOAN,11.04,84,PAID,0.0
LOAN003745,CUST00709,"₹150,614",personal loan,12.39,12,ONGOING,0.0
LOAN010498,CUST03677,591033,Mortgage,8.2,48,Fully Paid,0.0
LOAN001268,CUST00247,722874,BUSINESS LOAN,12.68,48,Active,0.0
LOAN008812,CUST05347,4841047,Housing Loan,10.13,36,Closed,0.02
LOAN003270,CUST03035,197816,PL,13.21,36,CHARGED OFF,0.47
LOAN001225,CUST03189,477481,PERSONAL LOAN,11.86,180,active,0.0
LOAN006569,CUST05823,1411565,car loan,12.05,180,Open,0.0
LOAN002719,CUST03955,255446,Car Loan,9.99,36,Unknown,0.99
LOAN001415,CUST01901,"297,306",PERSONAL LOAN,11.92,60,Paid Off,0.0
LOAN002030,CUST04407,1117283,car loan,12.67,36,Charged Off,N/A
LOAN002330,CUST01281,332406,Car Loan,10.2,84,Active,0.0
LOAN005915,CUST03677,"1,054,623",CAR LOAN,9.15,120,Fully Paid,0.0
LOAN006538,CUST00843,257708,Personal Loan,11.99,36,Current,0.0
LOAN005258,CUST03280,4148436,home loan,8.71,48,Ongoing,0.01
LOAN001589,CUST05069,1040730,Auto Loan,120,12,Ongoing,0.01
LOAN005832,CUST03280,396538,Car Loan,10.27,60, ,0.0
LOAN002267,CUST05069,2465959,Home Loan,8.1,120,#N/A,0.0
LOAN010728,CUST00843,538693,Mortgage,8.83,84,ACTIVE,0.0
LOAN007548,CUST05436,4389288,home loan,7.65,Unknown,Paid Off,0.02
LOAN001442,CUST02933,789384,Housing Loan,9.5,#N/A,paid,0.0
LOAN000532,CUST04599,472973,Edu Loan,8.96,120,Active,0.0
LOAN003079,CUST05069,2316904,Biz Loan,11.42,240,Paid Off, 
LOAN002058,CUST01140,56105,Personal Loan,13.14,60,Fully Paid,0.0
LOAN001073,CUST05069,2852245,home loan,7.5,48,Ongoing,0.01
LOAN011508,CUST05328,#N/A,PERSONAL LOAN,13.84,12,active,0.0
LOAN009879,CUST00843,722170,Auto Loan,9.8,84,ACTIVE,0.0
LOAN007995,CUST03189,464401,EDUCATION LOAN,9.63,48,Fully Paid,0.0
LOAN002861,CUST03189,1842577,HOME LOAN,8.34,120,paid,0.0
LOAN004813,CUST01798,777858,Education Loan,8.41,60,default,0.99
LOAN003352,CUST04599,"₹267,299",PL,11.78,600,ongoing,0.0
LOAN011756,CUST05735,486524,Personal,12.59,12,ONGOING,0.0
LOAN003134,CUST02173,218106,Vehicle Loan,9.17,180,PAID,0.0
LOAN004269,CUST02643,"68,613",PERSONAL LOAN,12.34,36,paid,0.0
LOAN008297,CUST00090,187173,Personal Loan,13.84,60,Active,0.0
LOAN002567,,975966,Housing Loan,6.9,24,ongoing,#N/A
LOAN009670,CUST00015,600061,Mortgage,15.57,24,paid,-0.5
LOAN002907,CUST00090,264533,Personal,13.21,84,Defaulted,0.0
LOAN010591,CUST03189,350022,N/A,12.94,240,ongoing,0.0
LOAN003649,CUST01281,#N/A,Personal,14.18,60,Closed,0.0
LOAN006504,CUST05436,649163,car loan,8.69,36,Paid Off,0.0
LOAN001663,CUST02950,86689,PL,13.24,60,CLOSED,0.0
LOAN010206,CUST03677,117927,PERSONAL LOAN,12.95,180,,0.0
LOAN009430,CUST00247,1062979,car loan,10.81,240,ONGOING,#N/A
LOAN011683,CUST01500,308688,Student Loan,Unknown,36,ACTIVE,0.0
LOAN002417,CUST00242,2433239,BUSINESS LOAN,11.21,24,paid,0.99
LOAN008129,CUST05328,374464,PL,14.67,24,ONGOING,0.0
LOAN003600,CUST05436,232840,personal loan,12.84,24,Open,0.0
LOAN003715,CUST04827,584563,Car Loan,11.28,120,active,0.0
LOAN006928,CUST05328,4407060,Housing Loan,8.28,N/A,Paid,0.01
LOAN004616,CUST04095,108440,EDUCATION LOAN,9.74,180,active,0.03
LOAN009549,CUST04084,472978,Business Loan,12.92,240,CLOSED, 
LOAN008531,CUST01281,1290424,HOME LOAN,8.31,84,Closed,0.0
LOAN005497,CUST00709,458489,Education Loan,10.44,120,CLOSED,0.0
LOAN003841,CUST04628,377099,PL,13.29,24,ACTIVE,0.0
LOAN001903,CUST05487,1133124,Vehicle Loan,7.88,24,Ongoing,0.99
LOAN004647,CUST05069,215977,PL,11.98,60,ACTIVE,0.0
LOAN008434,CUST01500,"₹152,783",PL,11.59,180,Open,0.0
LOAN005886,CUST03222,2833694,NULL,10.13,120,ongoing,0.0
LOAN002816,CUST03688,155504,personal loan,11.81,48,Active,0.18
LOAN010519,CUST03677,3076160,Mortgage,7.92,NULL,Open,0.0
LOAN006076,CUST00587,380745,Personal,13.34,12,ONGOING,0.0
LOAN010454,CUST04084,598759,Vehicle Loan,10.85,48,Ongoing,0.0
LOAN011030,CUST02800,352944,personal loan,13.63,240,Ongoing,0.35
LOAN010379,CUST03222,409431,Personal,14.32,60,ONGOING,0.0
LOAN002507,CUST00843,2385235,Unknown,8.55,24,ONGOING,0.01
LOAN004257,CUST01901,218571,personal loan,12.47,60,Fully Paid,0.0
LOAN004018,CUST01500,3447309,Housing Loan,8.39,48,ongoing,0.01
LOAN008819,CUST03222,3859187,home loan,9.32,36,ongoing,0.01
LOAN009101,CUST03677,1932335,BUSINESS LOAN,11.19,36,Open,0.01
LOAN005473,CUST00158,1680308,Mortgage,7.78,48,Ongoing,0.99
LOAN011638,CUST02173,1317672,business loan,12.48,36,Fully Paid,
LOAN011299,CUST02610,79707,PL,14.68,48,Defaulted,nan
LOAN005910,CUST05707,210688,personal loan,14.78,60,ongoing,0.0
LOAN006929,nan,428788,personal loan,13.55,12,Paid Off,0.0
LOAN000185,CUST00090,202113,Vehicle Loan,10.32,12,Paid Off,0.0
LOAN007613,CUST03189,,Auto Loan,9.95,36,paid,0.0
LOAN007943,CUST01281,307777,PL,13.01,60,ACTIVE,0.0
LOAN004497,CUST00587,197052,Personal,13.54,60,Ongoing,0.0
LOAN004198,CUST01140,2562674,Housing Loan,8.31,180,Defaulted,0.0
LOAN006341,CUST03824,270275,Personal Loan,13.68,24,Bad Debt,0.0
LOAN003679,CUST03280,947891,Car Loan,11.03,48,Open,0.0
LOAN000773,CUST05275,#N/A,Housing Loan,9.11,24,Paid,0.99
LOAN007768,CUST03280,2742218,Business Loan,13.54,48,ONGOING,0.01
LOAN010619,CUST04084,3689236,Mortgage,9.95,60,Closed,0.01
LOAN011954,NULL,"759,774",Biz Loan,11.28,24,PAID,0.0
LOAN002782,CUST00015,"3,930,346",Housing Loan,15.65,12,Bad Debt,0.04
LOAN010441,CUST03426,2369785,Home Loan,8.08,180,Charged Off,0.99
LOAN011432,CUST03562,450825,Personal Loan,14.77,60,Ongoing,0.0
LOAN010313,CUST00843,1758782,,7.12,24,ongoing,0.01
LOAN008377,CUST01978,324250,Auto Loan,10.11,48,default,0.94
LOAN003997,CUST00587,1163007,Auto Loan,10.05,84,ONGOING,0.0
LOAN003447,CUST01901,101944,Personal Loan,11.72,12,ACTIVE,0.0
LOAN006439,CUST02643,90439,PERSONAL LOAN,12.5,240,Ongoing,0.0
LOAN007796,CUST05823,2120726,Housing Loan,9.96,120,Open,nan
LOAN006723,CUST03677,564696,CAR LOAN,9.25,60,Closed,0.0
LOAN010154,CUST05735,NULL,Housing Loan,9.21,36,ONGOING,0.02
LOAN007592,CUST05121,492488,Edu Loan,11.16,36,CHARGED OFF,0.99
LOAN006790,CUST04084,182382,personal loan,14.09,N/A,ACTIVE,0.0
LOAN002444,CUST01281,259210,Student Loan,10.53,180,Current,0.0
LOAN005554,CUST02643,382354,Personal,13.64,0,N/A,0.0
LOAN004810,CUST05347,433693,Education Loan,10.1,240,Paid Off,0.0
LOAN001868,CUST04827,3537026,Home Loan,9.06,240,Ongoing,0.0
LOAN003407,CUST01140,305709,Vehicle Loan,8.79,48,Paid,0.0
LOAN004296,CUST03824,329966,personal loan,15.07,120,Paid Off,nan
LOAN004100,NULL,400421,Personal Loan,11.76,84,ongoing,0.0
LOAN010447,CUST01281,3910784,Home Loan,8.24,180,CLOSED,0.0
LOAN007672,CUST04270,2550737,HOME LOAN,8.71,12,Open,0.03
LOAN002334,Unknown,1399863,Business Loan,11.18,48,Defaulted,0.99
LOAN007458,CUST03280,387702,Personal,-5,120,Paid,0.0
LOAN011076,CUST00015,1068663,business loan,19.61,84,Default,0.0
LOAN007654,CUST02643,1475501,car loan,9.98,240,paid,0.0
LOAN003101,CUST00843,3896151,nan,7.79,,ACTIVE,#N/A
LOAN007687,CUST02643,98801,personal loan,13.22,12,CLOSED,0.0
LOAN006856,CUST04270,721353,Car Loan,11.43,24,ONGOING,0.0
LOAN000380,CUST03839,474333,Personal Loan,13.21,60,Current,0.0
LOAN000963,CUST04827,734288,CAR LOAN,11.32,36,Ongoing,0.0
LOAN010098,CUST04913,1631021,Housing Loan,9.1,24,Paid,0.99
LOAN008912,CUST03824,2889257,Home Loan,9.26,24,Paid,0.01
LOAN009552,CUST05328,3561119,,8.6,84,Active,0.01
LOAN000142,CUST05436,Unknown,EDUCATION LOAN,8.95,12,PAID,0.0
LOAN007503,CUST05347,444023,personal loan,15.22,48,PAID,0.0
LOAN000947,CUST05823,3175800,Mortgage,9.41,60,Paid,0.01
LOAN006490,CUST01500,567394,CAR LOAN,9.56,48,paid,0.0
LOAN006631,CUST01025,762193,HOME LOAN,9.25,84,Ongoing,0.0
LOAN008479,,1079296,Auto Loan,11.23,180,CLOSED,0.0
LOAN001345,CUST02173,1087130,Housing Loan,8.12,60,PAID,0.0
LOAN005660,CUST00240,761997,Student Loan,9.88,60,Defaulted,0.99
LOAN007622,CUST00247,-1000,PERSONAL LOAN,14.08,120,paid,0.0
LOAN006301,CUST05436,227510,car loan,10.19,24,ONGOING,0.0
LOAN002477,CUST00587,1039354,car loan,9.87,240,Current,0.0
LOAN002320,CUST04599,102597,PL,11.69,240,paid,0.0
LOAN010056,CUST04084,139924,Student Loan,10.59,24,Closed,0.0
LOAN006737,CUST04270,151906,EDUCATION LOAN,9.23,84,NULL,0.0
LOAN009935,CUST03824,730902,Edu Loan,11.37,60,Ongoing,0.0
LOAN006144,CUST03571,1142619,SME Loan,13.48,84,Paid,0.0
LOAN002093,CUST00247,1409142,Vehicle Loan,11.16,24,Active,0.01
LOAN011571,CUST00552,263591,Personal,12.62,240,Active,0.0
LOAN007520,CUST05436,3547090,Mortgage,8.86,240,Paid Off,0.0
LOAN000577,CUST04827,1610379,Mortgage,9.58,120,Closed,0.0
LOAN005255,CUST00843,492721,PERSONAL LOAN,13.41,84,active,0.0
LOAN009015,CUST02933,612626,Car Loan,9.35,240,paid,0.0
LOAN005301,CUST01281,364561,Personal,13.36,180,ONGOING,0.0
LOAN007207,CUST00090,1043482,Car Loan,9.96,120,NULL,0.0
LOAN004340,CUST03677,978011,home loan,Unknown,240,Open,0.0
LOAN002218,CUST03280,337052,PERSONAL LOAN,14.25,12,Open,0.0
LOAN009635,CUST05328,753607,EDUCATION LOAN,10.83,48,Active,0.0
LOAN004886,CUST04628,310168,Education Loan,10.13,24,Open,0.0
LOAN009069,CUST03222,3872339,Housing Loan,10.03,120,PAID,0.0
LOAN000948,CUST01140,1537436,Mortgage,NULL,60,ACTIVE,0.0
LOAN008945,CUST03222,1824970,Housing Loan,8.71,240,ONGOING,0.0
LOAN010697,CUST00237,Unknown,PL,12.68,24,Closed,0.99
LOAN002409,CUST01281,703228,Vehicle Loan,10.86,48,Ongoing,0.0
LOAN007952,CUST05707,1203042,BUSINESS LOAN,14.16,0,Closed,0.0
LOAN001834,CUST00587,729311,CAR LOAN,11.45,12,PAID,0.01
LOAN004684,CUST05347,2878863,Mortgage,9.55,24,active,0.01
LOAN011142,CUST04084,1537865,Mortgage,10.72,24,Closed,0.01
LOAN000273,CUST05823,332955,Vehicle Loan,10.58,240,CLOSED,0.0
LOAN003326,CUST03824,1105324,business loan,13.68,240,CLOSED,0.0
LOAN003368,CUST05347,4363653,home loan,9.93,24,paid,0.02
LOAN002607,CUST03280,686349,SME Loan,12.21,0,Ongoing,0.0
LOAN011475,CUST00843,217647,Car Loan,9.42,240,Ongoing,0.0
LOAN006757,CUST04599,1401789,Housing Loan,6.96,84,ACTIVE,0.0
LOAN006934,CUST04092,706626,Biz Loan,12.16,#N/A,paid,0.99
LOAN002263,CUST04628,480701,Personal Loan,14.26,12,Active,0.0
LOAN008808,CUST03562,309132,PERSONAL LOAN, ,-12,CLOSED,0.0
LOAN006609,CUST00340,4262149,home loan,10.41,24,default,0.99
LOAN001843,CUST03222,3356936,Housing Loan,9.3,12,CLOSED,0.03
LOAN007929,CUST04628,221493,Education Loan,10.92,60,ongoing,nan
LOAN002424,CUST05825,1600499,Housing Loan,8.38,120,Closed,0.99
LOAN006843,CUST05328,1310042,home loan,8.97,60,paid,0.0
LOAN000206,CUST04270,NULL,Auto Loan,9.88,36,Fully Paid,0.0
LOAN010895,CUST01901,318955,PL,12.94,60,ACTIVE,0.0
LOAN005269,CUST00587,313181,PERSONAL LOAN,14.2,240,Closed,0.0
LOAN004909,CUST04599,125152,PERSONAL LOAN,12.59,240,active,0.0
LOAN004882,CUST02950,657779,car loan,10.7,24,active,0.0
LOAN008395,CUST02950,1318620,Mortgage,9.2,36,paid,0.0
LOAN000330,CUST00015,1304037,car loan,18.19,36,Bad Debt,0.0
LOAN004579,CUST02089,1788379,Housing Loan,7.84,36,CHARGED OFF,0.99
LOAN011289,CUST05823,1349932,Business Loan,13.59,0,Fully Paid,0.01
LOAN007927,CUST01140,377223,PERSONAL LOAN,12.6,36,Ongoing,0.0
LOAN011792,CUST02590,300519,business loan,,240,Charged Off,0.42
LOAN006371,CUST02586,228565,personal loan,13.77,180,ongoing,0.32
LOAN010600,CUST04215,1272443,Home Loan,9.27,84,Default,N/A
LOAN006188, ,160975,Personal,13.23,60,ONGOING,0.0
LOAN003939,CUST00015,446262,Edu Loan,-5,-12,Paid Off,
LOAN011969,CUST01025,103392,Personal,12.69,240,CLOSED,nan
LOAN011541,CUST02950,463541,Car Loan,10.03,24,CLOSED,0.0
LOAN007843,CUST02950,1391658,Housing Loan,8.43,,CLOSED,0.01
LOAN006293,CUST02173,751733,Car Loan,10.6,48,Current,0.0
LOAN006061,CUST04599,388504,Personal Loan,12.78,Unknown,Active,0.0
LOAN002695,CUST01901,151159,Student Loan,9.46,180,Open,0.0
LOAN002640,CUST02173,554573,Car Loan,10.13,24,ongoing,0.0
LOAN000389,CUST02415,395206,personal loan,12.86,36,Closed,0.46
LOAN004405,CUST03280,865508,BUSINESS LOAN,12.57,36,active,0.0
LOAN003051,CUST02950,"1,754,287",home loan,8.84,84,Fully Paid,0.0
LOAN005694,CUST03839,3785271,Housing Loan,9.52,60,CLOSED,0.01
LOAN000008,CUST02888,1387222,CAR LOAN,10.73,12,CHARGED OFF,0.99
LOAN003496,CUST01140,4291497,home loan,7.23,36,CLOSED,0.01
LOAN000083,CUST00587,409879,personal loan,13.27,36,CLOSED,0.0
LOAN006031,CUST01500,92209,personal loan,12.97,180,active,0.0
LOAN004298,CUST01140,2615148,SME Loan,11.05,12,Paid Off,0.03
LOAN007107,nan,"₹1,393,740",car loan,10.27,240,ACTIVE,0.0
LOAN009324,CUST04375,945872,Vehicle Loan,11.21,180,Defaulted,0.53
LOAN005546,CUST03677,1702245,HOME LOAN,7.16,0,Closed,0.0
LOAN002969,CUST00587,4977512,Housing Loan,9.27,84,Fully Paid,0.01
LOAN000150,CUST01281,2747820,Home Loan,8.37,N/A,Paid,0.0
LOAN009718,CUST04628,682371,education loan,9.37,36,ONGOING,0.0
LOAN009959,CUST03571,1278144,home loan,8.52,120,Closed,0.0
LOAN008291,CUST00587,423742,Personal,13.71,36,Fully Paid,0.0
LOAN007824,CUST04599,1651187,SME Loan,10.5,48,Open,0.0
LOAN003772,CUST00552,1126753,Vehicle Loan,11.26,180,Current,0.0
LOAN009103,CUST01025,734476,CAR LOAN,10.12,120,PAID,0.0
LOAN001528,CUST03824,171363,PL,14.4,240,ongoing,0.0
LOAN000560,CUST03677,304533,Edu Loan,8.81,180,ongoing,0.0
LOAN005597,CUST00843,625858,BUSINESS LOAN,12.13,48,Active,0.0
LOAN005453,CUST03562,1008675,CAR LOAN,12.61,N/A,Ongoing,#N/A
LOAN011147,CUST03189,826827,Mortgage,7.52,84,Open,0.0
LOAN004660,CUST05735,703391,Mortgage,8.54,36,Default,0.0
LOAN011022,CUST02173,535633,Housing Loan,8.8,84,ONGOING,0.0
LOAN004527,CUST00090,276978,Personal Loan,14.56,36,Current,0.0
LOAN004539,CUST00249,326435,Personal Loan,15.08,180,Active,0.25
LOAN009395,CUST04628,326493,Edu Loan,9.66,-12,Current,0.0
LOAN006550,CUST05823,1459939,Vehicle Loan,11.8,180,CLOSED,0.0
LOAN007607,CUST05436,255152,Student Loan,8.46,60,active,0.0
LOAN009742,CUST05029,506794,Vehicle Loan,nan,60,Paid Off,0.99
LOAN009775,CUST03571,4932854,HOME LOAN,9.17,36,PAID,0.02
LOAN009840,CUST05069,0,BUSINESS LOAN,11.19,120,Paid,0.0
LOAN006785,CUST05823,4721468,Mortgage,9.31,240,nan,0.0
LOAN005917,CUST00709,nan,SME Loan,11.95,60,Paid Off,0.0
LOAN009994,CUST02173,199262,personal loan,13.23,240,paid,99
LOAN000895,CUST04628,407167,Edu Loan,10.52,60,Paid,0.0
LOAN002707,CUST01500,"2,133,729",Mortgage,7.76,12,ACTIVE,0.02
LOAN002867,CUST03562,708264,education loan,10.52,36,active,0.0
LOAN007047,CUST01701,"4,429,747",Home Loan,10.03,36,DEFAULT,0.99
LOAN000197,CUST04136,1794260,Business Loan,13.48,24,Charged Off,0.99
LOAN008093,CUST05328,835572,CAR LOAN,10.64,180,ONGOING,0.0
LOAN003637,CUST01500,566863,car loan,10.09,24,PAID,0.0
LOAN000039,CUST02950,2849970,Housing Loan,9.27,12,Fully Paid,0.03
LOAN011540,CUST02183,259548,PL,13.88,12,Paid Off,0.99
LOAN002001,CUST03758,493626,Personal Loan,12.44,12,Bad Debt,0.99
LOAN000226,CUST00015,3042312,Mortgage,16.06,120,Paid Off,0.0
LOAN005039,CUST05059,210314,Personal,15.27,24,Bad Debt,0.99
LOAN001082,CUST03839,4450814,HOME LOAN,-5,84,ACTIVE,0.01
LOAN011162,CUST00709,879000,Mortgage,9.39,240,ongoing,0.0
LOAN005502,CUST03189,1354664,SME Loan,10.94,36,Open,0.0
LOAN000521,CUST00587,69512,Personal Loan,14.33,120,Open,0.0
LOAN008846,CUST03280,487361,Edu Loan,11.08,240,ongoing,0.0
LOAN004412,CUST05461,220006,Personal Loan,12.27,60,active,Unknown
LOAN007174,CUST05055,1759112, ,7.82,84,Closed,0.99
LOAN009592,CUST00090,144908,Personal,13.79,84,ongoing,0.0
LOAN001581,CUST00843,186966,personal loan,12.44,60,Paid,0.0
LOAN011445,CUST02173,96316,personal loan,13.57,12,Active,0.0
LOAN004618,CUST05735,520289,Auto Loan,9.73,60,ongoing,0.0
LOAN009485,CUST04827,4224560,Housing Loan,9.32,240,Open,0.0
LOAN009139,CUST03902,N/A,Education Loan,9.33,120,PAID,0.22
LOAN001999,CUST05347,4804018,Housing Loan,8.81,12,CLOSED,0.05
LOAN000973,CUST01281,"₹589,791",Car Loan,9.96,24,Paid,0.0
LOAN008840,CUST02950,3688085,Home Loan,8.41,240,Current,0.0
LOAN009504,CUST03677,986495,HOME LOAN,7.33,60,paid,0.0
LOAN008447,CUST00090,243003,PL,13.75,N/A,DEFAULT,0.0
LOAN011079,CUST03571,2109693,Housing Loan,8.42,,PAID,0.0
LOAN004523,CUST03677,2355209,nan,11.32,12,Current,0.02
LOAN002708,CUST02950,1788158,BUSINESS LOAN,12.92,180,ONGOING,0.0
LOAN008622,CUST03677,256507,Car Loan,9.19,180,Open,0.0
LOAN007869,CUST03562,"₹163,825",Personal Loan,14.46,120,paid,0.0
LOAN006853,CUST03222,1008542,Mortgage,9.37,60,Unknown,0.0
LOAN006876,CUST00015,3887586,Mortgage,16.97,48,CLOSED,NULL
LOAN010703,CUST00587,918554,Car Loan,10.06,120,Fully Paid,0.0
LOAN001396,CUST02643,4752577,Housing Loan,75,24,Current,0.02
LOAN002877,CUST01025,2066507,Housing Loan,8.28,180,CLOSED,0.0
LOAN008663,CUST01025,665778,EDUCATION LOAN,9.21,60,Paid Off,N/A
LOAN000308,CUST00090,234502,Student Loan,10.64,180,Paid Off,0.0
LOAN005097,CUST03677,450711,Auto Loan,120,240,Active,0.0
LOAN006706,CUST00552,604734,Education Loan,10.43, ,Closed,0.0
LOAN000020,CUST01140,236231,personal loan,12.09,84,Ongoing,0.0
LOAN009519,CUST04084,393522,Edu Loan,11.6,48,paid,
LOAN005191,CUST03562,3729605,Home Loan,9.18,84,PAID,0.01
LOAN010087,CUST00247,100184,EDUCATION LOAN,9.41,120,N/A,0.0
LOAN002402, ,,Auto Loan,10.27,36,Closed, 
LOAN006147,N/A,481467,Student Loan,10.14,180,paid,0.0
LOAN003763,CUST00015,1351162,CAR LOAN,nan,24,default,N/A
LOAN011221,CUST01281,Unknown,home loan,10.02,84,ACTIVE,0.0
LOAN007018,CUST04599,1513128,business loan,10.87,240,Closed,0.0
LOAN004097,CUST05497,nan,HOME LOAN,6.68,60,paid,0.99
LOAN000205,CUST05735,#N/A,Personal Loan,12.05,60,Open,0.0
LOAN002382,CUST05735,"₹497,648",personal loan,13.39,120,ACTIVE,0.0
LOAN008482,nan,378577,Personal Loan,11.95,48,Closed,0.0
LOAN004531,CUST04599,"₹2,177,940",HOME LOAN,7.16,120,Ongoing,0.0
LOAN003616,CUST02173,2670711,Housing Loan,8.8,120,CLOSED,0.0
LOAN003916,CUST04270,809753,Biz Loan,11.82,180,Ongoing,0.0
LOAN006473,CUST05823,1122958,Vehicle Loan,12.34,120,CLOSED,0.0
LOAN002939,CUST03562,nan,HOME LOAN,9.32,180,Closed,0.0
LOAN009285,CUST03571,2519328,home loan,10.17,60,PAID,0.01
LOAN003557,CUST00587,1152220,Vehicle Loan,11.66,60,active,0.0
LOAN007696,CUST04270,2147743,Business Loan,12.07,12,paid,0.02
LOAN007958,CUST02950,443431,EDUCATION LOAN,10.01,24,Closed,0.0
LOAN002366,CUST01140,-1000,Housing Loan,7.85,12,active,0.05
LOAN004521,CUST03562,"578,553",Student Loan,10.75,12,Current,0.01
LOAN001333,CUST01901,289913,Personal,12.38,240,Current,Unknown
LOAN001873,CUST05328,982463,SME Loan,11.8,12,Fully Paid,0.01
LOAN002568,CUST04270,1646305,BUSINESS LOAN,NULL,60,active,0.0
LOAN010190,CUST03677,355143,PERSONAL LOAN,12.35,60,Fully Paid,0.0
LOAN007860,CUST03824,248064,Personal Loan,14.98,24,NULL,0.0
LOAN011139,CUST04827,196249,Personal Loan,13.36,48,active,0.0
LOAN003502,CUST04339,246169,Personal Loan,13.59,48,CHARGED OFF,0.52
LOAN010118,CUST01281,NULL,Edu Loan,0,48,ongoing,0.0
LOAN011713,CUST03189,451169,Vehicle Loan,10.41,180,ONGOING,0.0
LOAN007464,CUST04599,363623,personal loan,11.79,12,Active,0.0
LOAN010563,CUST05069,#N/A,Home Loan,8.07,84,N/A,0.01
LOAN003271,CUST03839,993920,car loan,10.12,180,CLOSED,0.0
LOAN003289, ,1291632,Biz Loan,12.46,0,Paid,0.0
LOAN001861,CUST05735,236825,Vehicle Loan,8.98,180,Ongoing,0.0
LOAN003050,CUST01281,1325413,Car Loan,11.33,24,Paid Off,0.01
LOAN003115,CUST02643,602263,EDUCATION LOAN,8.87,12,paid,0.01
LOAN002415,CUST02933,208161,PERSONAL LOAN,13.98,84,paid,0.0
LOAN002502,CUST02643,1422628,SME Loan,11.57,240,Bad Debt,0.0
LOAN010159,CUST02173,435800,PL,14.16,240,Paid,0.0
LOAN007418,CUST05025,2780501,Home Loan,7.83,60,PAID,0.99
LOAN007813,CUST03571,445230,CAR LOAN,9.75,180,Ongoing,0.0
LOAN010363,CUST05328,1078390,BUSINESS LOAN,11.9,240,Active,0.0
LOAN009187,CUST01140,342164,Personal Loan,11.22,12,ACTIVE,0.0
LOAN011263,CUST03222,1766430,SME Loan,N/A,48,Closed,0.0
LOAN009960,CUST05735,834684,CAR LOAN,10.61,48,Current,0.0
LOAN011319,NULL,798669,SME Loan,10.91,12,Fully Paid,0.01
LOAN003209,CUST03588,3178453,home loan,8.22,12,default,0.99
LOAN001809,CUST05069,"₹2,917,597",HOME LOAN,7.56,240,ONGOING,0.0
LOAN002340,CUST05735,220040,CAR LOAN,#N/A,24,Open, 
LOAN001537,CUST03677,1018597,Housing Loan,8.06, ,Charged Off,0.0
LOAN007602,#N/A,1893700,BUSINESS LOAN,11.91,120,Ongoing,0.0
LOAN000604,CUST00552,2520065,Mortgage,9.33,180,DEFAULT,0.0
LOAN009347,CUST03197,1041572,Vehicle Loan,11.15,Unknown,PAID,0.99
LOAN005634,CUST02933,2061380,home loan,9.12,60,ACTIVE,0.0
LOAN001075,CUST00709,"₹1,112,884",Auto Loan,10.88,240,Paid,0.0
LOAN006643,nan,290102,personal loan,13.91,240,Ongoing,0.0
LOAN005037,CUST00247,213941,car loan,9.53,36,Active,0.0
LOAN004425,CUST05707,230201,Auto Loan,11.28,48,Closed,0.0
LOAN007142,CUST00843,4413612,Mortgage,8.95,48,ongoing,0.01
LOAN001151,CUST03824,0,Personal Loan,14.52,84,Active,0.0
LOAN008845,CUST04270, ,Vehicle Loan,nan,36,CLOSED,0.0
LOAN009856,CUST01140,989218,business loan,11.05,180,ONGOING,0.0
LOAN011008,CUST02173,2014797,BUSINESS LOAN,12.74,180,Closed,0.0
LOAN011020,CUST04827,887478,Home Loan,8.3,240,Active,0.0
LOAN003035,CUST03839, ,Home Loan,8.15,240,ongoing,0.0
LOAN000417,CUST01825,"663,967",CAR LOAN,11.67,48,CHARGED OFF,0.99
LOAN004339,CUST03189,1764485,Mortgage,75,120,CLOSED,0.0
LOAN005672,CUST00709,1761421,Housing Loan,9.13,240,Ongoing,0.0
LOAN011653,CUST00247,4835090,Mortgage,9.39,240,paid,0.0
LOAN009227,CUST01025,0, ,13.4,180,NULL,0.0
LOAN010249,CUST04270,4983139,HOME LOAN,8.39,36,Unknown,0.02
LOAN010343,CUST03280,740286,CAR LOAN,11.79,120,Paid,0.0
LOAN000303,CUST02950,703198,Vehicle Loan,10.9,36,Current,0.0
LOAN001002,CUST03562,2619661,Housing Loan,-5,84,ACTIVE,0.0
LOAN009961,CUST00843,"950,555",HOME LOAN,7.21,36,Open,0.0
LOAN005795,CUST03571,406829,personal loan,13.01,36,ACTIVE,0.0
LOAN009466,CUST01025,2270265,Housing Loan,9.28,12,ONGOING,0.02
LOAN001691,CUST02346,207087,personal loan,12.86,120,Current,0.48
LOAN003915,CUST01901,1830277,Housing Loan,7.95,120,CLOSED,0.0
LOAN007489,CUST03677,545158,Car Loan,10.36,60,Unknown,-0.5
LOAN008937,CUST01281,131470,Education Loan,9.58,240,ONGOING,0.0
LOAN004538,CUST05851,"308,444",Personal Loan,13.01,60,NULL,0.62
LOAN005506,CUST03280,1524311,Mortgage,10.02,180,PAID,0.0
LOAN006660,CUST02933,128266,Personal Loan,0,60,ONGOING,0.0
LOAN009729,CUST03562,2338640,BUSINESS LOAN,13.86,120,Paid,N/A
LOAN006947,CUST05069,1194908,Biz Loan,#N/A,12,PAID,0.01
LOAN004071,CUST01281,368093,PL,120,240,PAID,0.0
LOAN010627,CUST04628,1134297,Car Loan,11.12,24,ACTIVE,0.01
LOAN005414,CUST05823,"₹690,498",education loan,11.45,24,Paid,0.0
LOAN011884,CUST03562,1456039,car loan,12.35,240,active,0.0
LOAN004400,CUST01901,1851347,HOME LOAN,7.71,36,Active,0.01
LOAN008848,CUST05707,1913586,home loan,10.05,240,ongoing,0.0
LOAN007297,CUST03280,3351495,HOME LOAN,9.13,240,paid,0.0
LOAN006872,CUST03189,2291159,Biz Loan,12.29,180,Closed,0.0
LOAN002028,CUST03677,485301,PERSONAL LOAN,12.44,60,ongoing,0.0
LOAN010991,CUST04827,2977635,Mortgage,8.44,12,Closed,0.03
LOAN005025,CUST05064,384676,EDUCATION LOAN,11.55,48,CHARGED OFF,0.53
LOAN001578,CUST00774,3854637,HOME LOAN,9.39,#N/A,Fully Paid,0.99
LOAN011248,CUST05707,3485114,Housing Loan,9.54,12,active,0.03
LOAN005186,,2089186,Mortgage,9.61,48,active,0.01
LOAN010488,CUST00587,422989,Personal Loan,Unknown,36,ACTIVE,0.0
LOAN006705,CUST04084,305390,Edu Loan,11.0,N/A,Active,2.5
LOAN008145,CUST03189,2798392,business loan,10.95,84,Closed,0.0
LOAN009359,CUST00090,250146,business loan,13.02,12,ongoing,0.0
LOAN010264,CUST00015,1432783,Housing Loan,16.65,240,Default,0.0
LOAN003058,CUST03222,384606,Edu Loan,10.62,24,CLOSED,0.0
LOAN007527,CUST03280,N/A,Auto Loan,N/A,24,ACTIVE,0.0
LOAN007200,CUST01901,457349,Unknown,10.35,240,Fully Paid,0.0
LOAN010762,CUST03824,nan,Personal,14.78,60,CLOSED,0.0
LOAN007449,CUST05347,3967973,Mortgage,10.28,36,active,0.01
LOAN008676,CUST04628,546097,Education Loan,9.97,24,active,#N/A
LOAN010152,CUST03571,4670028,home loan,8.83,60,Ongoing,2.5
LOAN007430,CUST03189,282222,EDUCATION LOAN,9.21,180,PAID,99
LOAN005284,CUST02933,"322,881",Personal Loan,12.63,12,Ongoing,-0.5
LOAN002682,CUST03255,275005,Personal Loan,13.97,24,DEFAULT,N/A
LOAN002979,CUST03834,341286,PL,0,180,Bad Debt,0.08
LOAN005379,CUST05823,555439,Mortgage,9.76,120,Closed,0.0
LOAN002010,CUST04628,774371,home loan,9.62,24,ONGOING,0.0
LOAN009956,CUST00552,1265199,Auto Loan,10.85,12,active,0.01
LOAN001824,CUST03571,261051,Biz Loan,12.61,180,CLOSED,0.0
LOAN001713,CUST00552,1018337,BUSINESS LOAN,13.29,12,Paid,0.01
LOAN003059,CUST05069,484906,Personal,11.05,24,CLOSED,0.0
LOAN007316,CUST01025,472395,CAR LOAN,9.93,60,Fully Paid,0.0
LOAN002789,CUST01901,Unknown,N/A,9.28,84,Active,0.0
LOAN010139,CUST00587,185583,Personal,12.87,120,Ongoing,0.0
LOAN003913,CUST05069,"₹768,760",Auto Loan,#N/A,240,Current,0.0
LOAN002522,CUST01179,301436,PL,12.18,240,Fully Paid,0.06
LOAN006728,CUST03571,4346067,home loan,9.13,36,Active,N/A
LOAN006812,CUST03677,136590,#N/A,13.28,240,ONGOING,0.0
LOAN003761,CUST02933,164618,personal loan,12.09,240,Paid Off,0.0
LOAN001247,CUST04628,219010,Personal Loan,13.16,60,paid,0.0
LOAN003735,CUST00554,328688,CAR LOAN,9.13,48,DEFAULT,0.99
LOAN002313,CUST01500,"₹275,065",car loan,8.3,60,NULL,99
LOAN003778,CUST00843,2674457,Business Loan,12.28,240,PAID,0.0
LOAN008146,CUST02933,1440758,Housing Loan,9.33,84,PAID,0.0
LOAN010960,CUST03824,432476,CAR LOAN,10.98,180,Paid,0.0
LOAN001399,CUST04827,322281,Personal,13.82,180,active,0.0
LOAN007133,CUST03824,280116,PL,14.34,240,Current,0.0
LOAN008138,CUST00015,360413,PL,nan,48,CHARGED OFF,#N/A
LOAN006190,CUST00050,255460,PL,12.84,120,Current,0.1
LOAN001093,CUST01025,564792,EDUCATION LOAN,Unknown,120,Fully Paid,0.0
LOAN004724,CUST03824,1851411,home loan,9.44,120,Open,99
LOAN010696,CUST04628,3872504,Home Loan,9.2,240,Paid,0.0
LOAN008765,CUST05069,1336992,car loan,9.69,84,ONGOING,0.0
LOAN001437,CUST05347,2506242,Business Loan,13.01,120,DEFAULT,0.0
LOAN007748,CUST03677,454049,PERSONAL LOAN,12.43,60,Open,0.0
LOAN008727,CUST03154,365841,PL,12.76,240,CLOSED,0.07
LOAN004288,CUST03839,1877281,home loan,NULL,240,ACTIVE,0.0
LOAN010556,CUST05823,585886,EDUCATION LOAN,11.83,84,active,0.0
LOAN001120,CUST00552,114084,PERSONAL LOAN,14.21,120,active,0.0
LOAN005867,CUST05823,1408089,CAR LOAN,12.02,36,Paid,0.0
LOAN003436,CUST04628,641148,Auto Loan,nan,84,Paid Off,0.0
LOAN009167,CUST03280,3817236,Housing Loan,10.46,120,Open,0.0
LOAN010855,CUST03839,904987,Vehicle Loan,9.7,60,Active,0.0
LOAN009112,CUST00015,907154,Mortgage,15.81,240,Paid,0.0
LOAN011161,CUST03839,222850, ,13.45,84,Open,0.0
LOAN000236,CUST01881,1044317,Vehicle Loan,8.9,120,ongoing,0.88
LOAN005973,CUST00090,1041824,SME Loan,11.81,48,ONGOING,0.0
LOAN005137,CUST04599,973583,BUSINESS LOAN,10.38,24,PAID,0.0
LOAN000233,CUST02173,426765,PERSONAL LOAN,13.93,180,Active,0.0
LOAN000700,CUST00090,1439730,Housing Loan,9.92,12,Current,0.01
LOAN007491,CUST01140,,PERSONAL LOAN,11.61,36,Paid Off,0.0
LOAN010288,CUST00843,416019,personal loan,13.12,84,PAID,0.0
LOAN010143,CUST02950,426140,Personal Loan,12.55,48,Active,0.0
LOAN003131,CUST02643,219225,personal loan,12.58,240,Active,0.0
LOAN009532,CUST02950,335737,education loan,9.22,600,active,0.0
LOAN001076,CUST03677,1213854,car loan,10.5,84,paid,0.0
LOAN011100,CUST05436,"₹436,801",Personal Loan,13.16,180,paid,0.0
LOAN005184,CUST04270,2382321,HOME LOAN,9.55,84,Fully Paid,0.0
LOAN005646,CUST00247,603645,Mortgage,8.27,180,Active,0.0
LOAN009127,CUST04270,984519,#N/A,8.47,12,Current,0.01
LOAN000461,CUST00015,415987,personal loan,21.3,600,Paid,0.0
LOAN007446,CUST05328,122359,PERSONAL LOAN,nan,36,Open,0.0
LOAN009838,CUST05436,3260288,home loan,7.65,84,Fully Paid,0.0
LOAN000838,CUST03839,4257551,Mortgage,9.61,36,ACTIVE,0.01
LOAN004065,CUST03562,#N/A,,9.19,84,ONGOING,0.01
LOAN006281,CUST03571,266256,personal loan,13.14,24,Ongoing,0.0
LOAN009591,CUST05347,597552,CAR LOAN,11.44,120,Open,0.0
LOAN011851,CUST03448,"1,129,192",SME Loan,12.38,12,Open,0.99
LOAN011622,CUST02933,N/A,Business Loan,11.81,NULL,Open,2.5
LOAN002792,CUST00015,125484,Personal Loan,20.05,120,Ongoing,0.0
LOAN009009,CUST05707,148138,PERSONAL LOAN,15.01,60,active,0.0
LOAN001557,CUST05069,"2,212,913",Biz Loan,11.11,120,ongoing,0.0
LOAN001506,CUST03280,1173502,Business Loan,Unknown,84,Paid,0.0
LOAN011957,CUST04827,169287,PL,12.78,84,Open,0.0
LOAN008826,CUST03189,98159,PERSONAL LOAN,12.19,60,Ongoing,0.0
LOAN010121,CUST01025,402485,Personal,13.48,24,Active,0.0
LOAN003032,CUST03222,388329,Vehicle Loan,,180,Paid Off,0.0
LOAN002881,CUST00709,"4,832,333",HOME LOAN,8.95,48,ACTIVE,0.01
LOAN007924,CUST01032,1523678,Housing Loan,10.24,120,paid,0.99
LOAN005578,CUST02933,"2,343,645",Mortgage,N/A,84,Current,N/A
LOAN006908,CUST04827,224590,Personal,14.19,48,Current,0.0
LOAN007333,CUST04827,1285664,car loan,10.13,24,CLOSED,0.01
LOAN000324,CUST05823,582516,HOME LOAN,9.92,48,,0.0
LOAN007698,CUST04827,1109616,Housing Loan,8.05,36,Ongoing,0.0
LOAN009521,CUST05347,275268,personal loan,15.16,240,Paid,0.0
LOAN011847,CUST02173,343374,PL,13.56,240,paid,0.0
LOAN003596,CUST01281,407850,CAR LOAN,10.67,36,PAID,0.0
LOAN010735,CUST03189,342045,Personal,11.76,24,Active,0.0
LOAN005873,CUST01901,1346589,Biz Loan,11.9,36,Closed,0.0
LOAN000852,CUST02950,3676263,HOME LOAN,8.58,180,ACTIVE,0.0
LOAN003815,CUST05086,347245,PERSONAL LOAN,15.18,36,default,0.99
LOAN010667,CUST02933,712493,car loan,10.74,120,Default,0.0
LOAN002916,CUST00015,2297520,BUSINESS LOAN,19.5,48,Default,0.01
LOAN008017,CUST05436,515856,Housing Loan,8.83,180,Ongoing,0.0
LOAN011477,CUST00843,1047358,Vehicle Loan,8.83,120,Current,0.0
LOAN010576,CUST03571,1022495,car loan,11.43,48,Default,0.0
LOAN005683,CUST05328,1390172,Vehicle Loan,NULL,180,Open,99
LOAN006376,CUST00015,1438107,Vehicle Loan,18.81,60,Bad Debt,0.0
LOAN000169,CUST01140,105203,PERSONAL LOAN,11.49,36,Current,0.0
LOAN010109,CUST00843,1025322,Business Loan,11.08,24,,0.01
LOAN007354,CUST02950,2933131,HOME LOAN,7.71,120,Closed,0.0
LOAN006551,CUST00843,464811,Car Loan,9.68,24,Fully Paid,0.0
LOAN011467,CUST01140,0,Home Loan,8.17,60,Current,NULL
LOAN003128,CUST01140,241682,Personal,13.02,180,active,0.0
LOAN004303,CUST03222,#N/A,Housing Loan,10.04,84,Active,0.01
LOAN007113,CUST05707,3715979,Housing Loan,9.25,84,Active,0.01
LOAN010666,CUST05823,908368,CAR LOAN,10.74,24,Open,0.0
LOAN005677,CUST03571,480041,Car Loan,11.17,84,active,0.0
LOAN008405,nan,"₹338,359",Personal,14.04,Unknown,Paid Off,0.23
LOAN011765,#N/A,2486553,Housing Loan,7.76,48,Active,0.01
LOAN008778,CUST03222,290802,Personal Loan,14.24,120,paid,nan
LOAN007533,CUST05707,430385,Personal Loan,0,180,Active,0.0
LOAN007512,CUST05069,4630220,Mortgage,6.9,60,Paid,0.01
LOAN008075,CUST00015,3838886,Mortgage,#N/A,180,paid,0.0
LOAN001324,CUST00552,1249443,Auto Loan,9.36,36,Active,0.0
LOAN006009,CUST05347,"₹1,155,943",CAR LOAN,10.93,84,ONGOING,0.0
LOAN003281,CUST01281,124655,Personal,13.73,12,PAID,0.0
LOAN001607,CUST03280,746164,Edu Loan,9.93,12,Paid Off,0.01
LOAN001806,CUST05707,189999,personal loan,14.37,180,paid,0.0
LOAN008280,CUST01901,622098,Student Loan,8.89,84,CLOSED,0.0
LOAN001585,CUST05328,86357,Personal Loan,14.15,12,active,0.0
LOAN007071,CUST03189,2693249,Housing Loan,-5,60,Closed,0.01
LOAN007324,CUST01140,2725531,Mortgage,7.98,12,Open,0.03
LOAN010501,CUST05707,57050,PERSONAL LOAN,14.25,12,ongoing,0.0
LOAN006464,CUST03677,"₹371,690",CAR LOAN,8.66,180,CLOSED,0.0
LOAN004964,CUST00709,"1,784,333",Business Loan,11.93,180,Active,0.0
LOAN000175,CUST00247,647600,Edu Loan,9.85,180,ongoing,0.0
LOAN008668,CUST02933,332433,Personal Loan,12.33,24,PAID,0.0
LOAN001699,CUST00015,234994,PERSONAL LOAN,NULL,36,DEFAULT,0.0
LOAN000601,CUST00709,2861555,Housing Loan,9.46,12,Active,0.03
LOAN004450,CUST04827,NULL,Mortgage,8.83,120,Closed,0.0
LOAN007197,CUST01140,184301,personal loan,12.75,84,ONGOING,0.0
LOAN010156,CUST00552,205802,Personal,12.67,120,Ongoing,0.0
LOAN006099,CUST03189,"4,080,351",HOME LOAN,7.04,240,Current,0.0
LOAN004829,CUST04628,4372319,Mortgage,9.78,240,Unknown,0.0
LOAN000440,CUST01281,781382,Edu Loan,11.08,180,PAID,0.0
LOAN004332,CUST03694,"₹106,592",Unknown,11.71,120,Active,0.04
LOAN001391,CUST02933,2282817,Housing Loan,8.82,12,nan,0.02
LOAN002287,CUST03280,"₹4,845,238",Home Loan,10.11,24,CLOSED,0.02
LOAN007999,CUST01500,1420602,Business Loan,10.97,84,Paid,0.0
LOAN007513,CUST03939,235185,PL,14.37,12,Charged Off,0.99
LOAN011728,CUST00015,215542,PL, ,48,Default,0.0
LOAN006278,CUST03189,457687,CAR LOAN,9.41,36,Ongoing,0.0
LOAN000285,CUST05328,N/A,Biz Loan,12.27,24,Paid,0.0
LOAN011279,CUST02950,772933,SME Loan,11.86,120,Paid,0.0
LOAN009559,CUST04084,104988,Personal,14.74,60,Paid Off,0.0
LOAN008471,CUST01281,1293175,Vehicle Loan,10.11,60,paid,0.0
LOAN009859,CUST05402,2964820,business loan,11.25,24,Paid Off,0.99
LOAN000342,CUST04599,4118337,Housing Loan,8.14,84,active,0.01
LOAN005322,CUST05436,2911623,Housing Loan,7.32, ,ongoing,0.01
LOAN002368,CUST01500,-1000,Housing Loan,7.24,120,CLOSED,0.0
LOAN000364,CUST05823,297731,Personal Loan,14.74,240,ACTIVE,0.0
LOAN006317,CUST01025,"₹947,785",Housing Loan,75,36,ACTIVE,0.0
LOAN001605,CUST03222,132881,Education Loan,9.45,12,CLOSED,0.0
LOAN009333,CUST04084,3993909,Home Loan,9.22,84,active,0.01
LOAN007617,CUST02643,881817,Car Loan,10.21,120,Paid,0.0
LOAN001392,CUST05823,434360,personal loan,13.53,84,Open,0.0
LOAN003784,CUST05823,2929513,business loan,13.44,48,active,0.01
LOAN011956,CUST05707,539986,Education Loan,9.92,48,ONGOING,0.0
LOAN010334,CUST02643,703277,car loan,10.87,240,Fully Paid,0.0
LOAN002667,CUST02953,489055,SME Loan,11.49,240,Current,-0.5
LOAN007258,CUST05735,2340290,Biz Loan,10.98,24,paid,0.01
LOAN002385,CUST03562,251005,Personal,14.41,N/A,Closed,0.0
LOAN011513,CUST00015,551708,Car Loan,nan,Unknown,paid,0.01
LOAN005310,CUST05069,663139,car loan,8.41,240,active,0.0
LOAN006337,CUST02950,4437138,Housing Loan,9.42,240,Open,0.0
LOAN002889,CUST04827,2555175,BUSINESS LOAN,11.58,120,Closed,0.0
LOAN011038,CUST03677,4387708,Housing Loan,9.0,180,Ongoing,0.0
LOAN001865,CUST02933,1710307,home loan,120,12,Active,0.02
LOAN004903,CUST02643,2390475,SME Loan,12.64,0,CLOSED,0.0
LOAN003958,CUST00247,345243,PL,13.4,24,ONGOING,0.0
LOAN007366,CUST03562,346225,Personal Loan,15.22,48,ONGOING,0.0
LOAN000802,CUST05328,2986947,Biz Loan,13.38,120,Open,0.0
LOAN011148,CUST03824,591180,Biz Loan,12.8,24,ACTIVE,0.0
LOAN002483,CUST03580,177321,PERSONAL LOAN,14.68,60,Paid,0.36
LOAN009917,CUST00709,251383,Edu Loan,10.56,36,ONGOING,
LOAN001878,CUST04270,430575,Personal,14.56,,Ongoing,99
LOAN002184,CUST03264,"₹616,736",Biz Loan,14.13,120,Paid,0.48
LOAN000094,CUST01025,664938,HOME LOAN,9.1,84,active,0.0
LOAN001460,CUST00709,431629,,13.86,36,ongoing,0.0
LOAN003324,CUST03280,352987,BUSINESS LOAN,13.88,60,Active,0.0
LOAN009641,CUST04528,1068568,CAR LOAN,10.77,84,DEFAULT,0.99
LOAN009405,CUST04084,238982,personal loan,13.36,36,Defaulted,0.0
LOAN002404,CUST02831,"₹52,285",#N/A,14.45,48,paid,0.14
LOAN000694,CUST03562,"1,074,690",Business Loan,13.87,48,Active,0.0
LOAN000093,CUST01638,95536,Personal Loan,13.03,120,ACTIVE,0.19
LOAN002961,CUST01281,262286,personal loan,13.07,84,active,0.0
LOAN006573,CUST00090,317456,Auto Loan,11.57,240,Ongoing,0.0
LOAN003816,CUST02045,455480,PL,14.57,60, ,0.94
LOAN001364,CUST04827,1454050,car loan,10.39,24,Paid,0.01
LOAN011849,CUST04599,288462,PL,12.73,36,PAID,0.0
LOAN007745,CUST01901,4329367,N/A,8.2,60,Ongoing, 
LOAN006342,CUST04270,427866,Car Loan,10.96,60,Open,0.0
LOAN004213,CUST02165,445558,Student Loan,9.88,60,CHARGED OFF,0.92
LOAN000737,CUST05328,306820,Auto Loan,11.17,84,CLOSED,0.0
LOAN010569,CUST02173,182311,PL,13.3,24,ACTIVE,0.0
LOAN010344,CUST03824,"₹461,264",Personal,14.88,60,Paid,0.0
LOAN005691,CUST00090,3388021,Mortgage,9.36,60,Active,0.01
LOAN000455,CUST00015,418513,Personal Loan,20.53,12,Default,0.0
LOAN011052,CUST05707,858570,Vehicle Loan,-5,84,Paid Off,0.0
LOAN010457,CUST00552,1650197,SME Loan,11.5,60,Fully Paid,0.0
LOAN004161,CUST00552,848341,Vehicle Loan,10.85,240,ACTIVE,0.0
LOAN011240,CUST05069,3371878,HOME LOAN,7.23,24,Current,0.02
LOAN004624,CUST01901,165969,personal loan,12.37,180,Paid Off, 
LOAN011236,CUST03571,NULL,SME Loan,13.13,48,paid,0.01
LOAN008519,CUST02643,3001390,home loan,9.59,24,active,0.02
LOAN007083,CUST04827,168859,PERSONAL LOAN,N/A,12,ongoing,0.0
LOAN008708,CUST03677,2678633,home loan,7.62,24,ONGOING,0.01
LOAN011259,CUST02933,1238309,SME Loan,12.18,12,Current,0.01
LOAN002056,CUST03677,620389,Home Loan,8.51,12,active,0.01
LOAN010458,CUST04270,75348,personal loan,13.71,24,ongoing,0.0
LOAN009185,CUST05707,1786446,home loan,10.46,24,ACTIVE,0.01
LOAN010402,CUST00247,4498170,Housing Loan,8.44,24,PAID,0.02
LOAN009983,CUST05347,242415,PERSONAL LOAN,15.09,36,Active,0.0
LOAN000372,CUST00090,,Housing Loan,8.57,84,Open,0.01
LOAN005882,CUST00552,426703,PL,14.25,84,ACTIVE,0.0
LOAN007760,CUST02866,477133,SME Loan,10.76,12,paid,0.99
LOAN003910,CUST03824,4447656,Home Loan,9.69,48,Paid Off,0.01
LOAN010936,CUST03222,3499119,Mortgage,8.42,36,Paid,0.01
LOAN000684,CUST00843,954676,Vehicle Loan,9.76,60,Paid,0.0
LOAN007289,CUST05735,"₹488,993",Personal,13.6,,Paid Off,0.0
LOAN011719,CUST05069,286790,car loan,9.72,60,PAID,
LOAN007599,CUST01901,1845881,Housing Loan,8.62,84,CLOSED,0.0
LOAN002454,CUST01901,379809,Student Loan,9.58,36,Active,0.0
LOAN010859,CUST00709,251711,Personal Loan,14.25,#N/A,Closed,0.0
LOAN001552,CUST03839,3778026,Home Loan,9.45,180,CLOSED,0.0
LOAN005388,CUST03677,999999999,Mortgage,7.78,48,Current,0.01
LOAN007358,CUST00247,"₹754,203",home loan,8.63,48,Paid Off,0.0
LOAN011444,CUST03189,295029,PL,Unknown,84,PAID,0.0
LOAN006727,CUST05328,4788449,Home Loan,8.87,48,Fully Paid,0.01
LOAN011649,CUST02643,727342,Education Loan,8.91,180,CLOSED,0.0
LOAN003619,CUST03571,361419,Edu Loan,9.9,120,N/A,0.0
LOAN009262,CUST04827,777266,education loan,10.53,180,Paid Off,0.0
LOAN011697,CUST01493,1624901,home loan,9.31,48,Fully Paid,0.99
LOAN001659,CUST05347,430851,personal loan,N/A,120,CLOSED,0.0
LOAN001519,CUST03824,248971,PERSONAL LOAN,13.86,36,Open,nan
LOAN005242,CUST04599,658320,Student Loan,9.09,120,paid,0.0
LOAN004870,CUST03824,537939,BUSINESS LOAN,13.63,48,Paid Off,0.0
LOAN002694, ,2858914,Home Loan,7.92,24,Active,0.01
LOAN005851,CUST00090,Unknown,education loan,11.13,36,paid,0.0
LOAN003172,CUST00709,1477185,car loan,11.32,84,CLOSED,0.0
LOAN005062,CUST03222,195651,Personal,13.09,12,CLOSED,0.0
LOAN005956,CUST05436,2312594,Mortgage,8.21,24,Fully Paid,
LOAN000140,CUST04084,89675,PERSONAL LOAN,13.41,36,Active,0.0
LOAN007959,CUST03280,138139,personal loan,13.94,240,Ongoing,0.0
LOAN007821,CUST03222,334123,PERSONAL LOAN,13.5,120,Ongoing,0.0
LOAN006414,CUST02643,nan,Student Loan,10.63,180,CLOSED,0.0
LOAN010032,CUST00015,331939,personal loan,21.58,12,DEFAULT,0.0
LOAN010572,CUST01140,2097407,HOME LOAN,7.01,84,Current,0.0
LOAN002153,CUST03222,171598,personal loan,12.84,12,default,0.0
LOAN001902,CUST03280,252813,Education Loan,10.48,60,PAID,0.0
LOAN001584,CUST00959,3062434,Mortgage,8.06,240,Fully Paid,0.99
LOAN005673,CUST03571,700760,CAR LOAN,10.78,180,Active,0.0
LOAN008528,CUST02950,,car loan,11.0,48,Ongoing,-0.5
LOAN008103,CUST00090,1087741,Auto Loan,10.3,60,CLOSED,0.0
LOAN006500,CUST03677,558308,#N/A,9.97,-12,Open,99
LOAN007301,CUST03222,296972,Education Loan,10.15,48,Active,0.0
LOAN004830,CUST03189,354096,PL,11.63,12,nan,0.0
LOAN003780,CUST01901,408124,personal loan,11.86,180,Paid Off,0.0
LOAN009219,CUST02933,523453,car loan,10.94,12,active,0.01
LOAN006217,CUST01025,703564,CAR LOAN,10.56,36,Active,0.0
LOAN008197,CUST03280,1235717,car loan,10.55,84,CLOSED,0.0
LOAN004747,CUST05013,643960,Housing Loan,9.83,84,PAID,0.77
LOAN004318,N/A,205652,Biz Loan,13.11,36,ONGOING,0.0
LOAN004123,CUST05735,289984,Personal Loan,13.13, ,Open,0.0
LOAN005201,CUST02195,250269,Auto Loan,10.95,120,Paid Off,0.2
LOAN011070,CUST01101,493270,education loan,10.86,24,paid,0.99
LOAN001177,CUST00843,4441906,Home Loan,7.22,120,Open,0.0
LOAN005762,CUST01500,201016,Student Loan,9.25,12,ONGOING,0.0
LOAN000100,CUST03839,1022296,SME Loan,,,ONGOING,0.0
LOAN011632,CUST02933,253084,Biz Loan,12.36,180,CLOSED,0.0
LOAN006410,CUST04599,3908735,Housing Loan,7.44,24,nan,0.02
LOAN000139,CUST02643,436190,Edu Loan,9.82,240,CLOSED,0.0
LOAN010395,CUST00587,nan,car loan,10.58,48,ACTIVE,0.0
LOAN002465,CUST00587,3873810,Home Loan,10.23,48,ACTIVE,0.01
LOAN001363,CUST04827,780025,Education Loan,10.1,240,ONGOING,0.0
LOAN003057,CUST01901,401762,EDUCATION LOAN,120,24,Fully Paid,0.0
LOAN006386,CUST05436,858748,Car Loan,9.69,36,Paid Off,2.5
LOAN000927,CUST04628,165864,Personal,12.73,240,Active,0.0
LOAN001647,CUST05707,"4,849,420",Housing Loan,9.53,240,Fully Paid,0.0
LOAN005117, ,274816,personal loan,11.86,600,ONGOING,0.0
LOAN010085,CUST00943,3690904,Mortgage,9.88,120,Fully Paid,0.99
LOAN005105,CUST04270,2211618,Mortgage,8.37,60,ongoing,nan
LOAN001090,CUST03562,163359,personal loan,nan,180,DEFAULT,0.0
LOAN011641,CUST03677,288689,car loan,10.04,240,active,0.0
LOAN004444,CUST03571,211927,Business Loan,12.23,24,Paid,0.0
LOAN004433,CUST05328,-1000,Education Loan,10.62,84,ongoing,0.0
LOAN009619,CUST02643,2732623,HOME LOAN,9.37,36,nan,0.01
LOAN002346,CUST04270,2103730,Business Loan,12.49,60,Active,0.0
LOAN006654,CUST00587,727193,EDUCATION LOAN,10.12,24,Open,0.0
LOAN005407,CUST03839,290061,education loan,8.78,60,ongoing,0.0
LOAN005272,CUST00015,499687,Car Loan,17.76,Unknown,DEFAULT,0.0
LOAN002691,CUST00843,1393966,nan,9.6,48,Open,0.0
LOAN010399,CUST04628,790560,Unknown,8.25,48,PAID,0.0
LOAN006309,CUST03189,119982,PERSONAL LOAN,13.3,84,ongoing,0.0
LOAN009640,CUST03189,279647,Personal Loan,12.97,36,Ongoing,0.0
LOAN004486,CUST05347,442725,PERSONAL LOAN,15.1,12,Fully Paid,0.0
LOAN005324,CUST04827,930797,Housing Loan,8.8,36,ACTIVE,0.0
LOAN010486,CUST03189,323837,Unknown,12.05,24,Active, 
LOAN000903,CUST00709,163624,Student Loan,10.1,12,ONGOING,0.0
LOAN008470,CUST04599,422176,education loan,8.9,60,ACTIVE,0.0
LOAN004186,CUST01524,141389,Personal,13.52,240,Default,#N/A
LOAN001648,CUST04084,2268178,Home Loan,9.84,240,Paid Off,0.0
LOAN003750,CUST05328,404887,Car Loan,11.38,36,Closed,0.0
LOAN002957,CUST01140,412036,car loan,8.67,60,Paid Off,0.0
LOAN004112,CUST01419,216917,Personal,14.13,60,NULL,0.54
LOAN010990,CUST01804,342619,PL,11.49,24,Ongoing,0.65
LOAN001317,CUST05698,972187,HOME LOAN,8.07,84,PAID,0.99
LOAN009281,CUST05436,139351,Personal Loan,13.55,240,Ongoing,
LOAN002815,CUST03222,213149,Education Loan,9.44,NULL,Ongoing,0.0
LOAN010287,CUST04920,290994,Personal Loan,14.2,12,DEFAULT,0.99
LOAN003575,CUST05401,1155302,Home Loan,7.15,60,Active,0.99
LOAN008249,CUST05735,1957772,home loan,8.47,48,Active,0.0
LOAN007982,CUST03562,278665,#N/A,14.39,N/A,Open,0.0
LOAN006745,CUST02643,1203237,Vehicle Loan,11.22,24,Fully Paid,0.01
LOAN003219,CUST01508,343414,PERSONAL LOAN,12.13,84,Fully Paid,0.47
LOAN011179,CUST04628,496614,PL,13.04,120,ACTIVE,0.0
LOAN003065,CUST03276,4669674,Mortgage,8.32,12,CLOSED,0.99
LOAN006170,CUST01025,494348,personal loan,14.09,240,ACTIVE,0.0
LOAN003574,CUST01500,147033,PL,11.31,84,ONGOING,0.0
LOAN011044,CUST05735,322449,personal loan,13.32,60,Closed,0.0
LOAN000327,CUST05436,180920,PERSONAL LOAN,12.63,180,PAID,0.0
LOAN006097,CUST00552,679728,nan,8.88,48,ONGOING,0.0
LOAN010445,CUST00843,385801,PL,12.99,24,ongoing,0.0
LOAN010006,CUST02815,311689,PL,12.16,36,CLOSED,0.96
LOAN006635,CUST00015,1058062,home loan,15.68,Unknown,CHARGED OFF,0.0
LOAN006071,CUST02643,97335,personal loan,13.4,180,nan,0.0
LOAN003881,CUST03824,645477,Vehicle Loan,10.33,24,Closed,-0.5
LOAN009598,CUST00090,261414,personal loan,14.03,120,Closed,0.0
LOAN004773,CUST03571,106408,PL,14.48,48,paid,0.0
LOAN003509,CUST05694,2755794,HOME LOAN,7.87,NULL,CHARGED OFF,0.99
LOAN004030,CUST03677,262902,PERSONAL LOAN,13.02,48,Ongoing,0.0
LOAN001278,CUST02643,2860282,SME Loan,120,240,Active,0.0
LOAN011356,CUST03222,909127,car loan,0,24,ONGOING,0.0
LOAN003617,CUST01140,273645,personal loan,12.77,N/A,NULL,0.0
LOAN004627,CUST01281,2611565,business loan,12.09,48,PAID,0.01
LOAN000921,CUST01901,406249,Vehicle Loan,10.4,180,paid,0.0
LOAN003149,CUST01140,nan,PL,12.4,60,ongoing,0.0
LOAN003251,CUST04599,482387,PERSONAL LOAN,12.01,36,ONGOING,0.0
LOAN000010,CUST03868,424218,Personal Loan,14.35,240,Charged Off,0.26
LOAN003612,CUST03189,292400,PL,13.35,60,active,0.0
LOAN000492,CUST00709,2841159,Housing Loan,8.6,180,Active,0.0
LOAN000256,CUST00587,501030,Student Loan,9.53,36,ongoing,0.0
LOAN005115,CUST05328,1780947,Business Loan,12.21,36,ONGOING,0.01
LOAN004373,CUST05347,3982627,Mortgage,10.7,60,Current,0.01
LOAN004344,CUST04270,1285016,Vehicle Loan,9.84,60,Current,0.0
LOAN009468,CUST04599,466438,personal loan,NULL,36,Open,0.0
LOAN002279,CUST00247,3904320,Home Loan,8.65,48,NULL,0.01
LOAN011114,CUST02841,368020,Personal,13.67,84,CLOSED,0.4
LOAN005821,CUST05436,66050,PL,12.87,240,ACTIVE,0.0
LOAN007757,CUST03222,1497601,Business Loan,13.2,36,Active,0.0
LOAN001811,CUST03677,1112588,CAR LOAN,10.29,60,Paid Off,0.0
LOAN001023,CUST05436,2090386,business loan,12.51,60,ongoing,0.0
LOAN002489,CUST00895,3091754,Home Loan,10.56,120,Default,0.99
LOAN009028,CUST01500,249693,CAR LOAN,9.26,48,Open,
LOAN000910,CUST03562,2215473,Housing Loan,9.67,120,Open,0.0
LOAN005044,,1265688,Car Loan,10.57,120,ONGOING,0.0
LOAN011365,CUST01281,3411703,Housing Loan,10.07,24,Paid Off,0.02
LOAN010525,CUST05707,4738574,Mortgage,10.03,84,Paid,0.01
LOAN001146,CUST00709,381443,personal loan,13.83,36,Active,0.0
LOAN011912,CUST05436,108229,personal loan,12.56,84,Active,0.0
LOAN005236,CUST02950,479185,Vehicle Loan,9.69,36,NULL,0.0
LOAN006314,CUST04628,453122,Unknown,13.97,24,PAID,0.0
LOAN010911,CUST05436,4245596,HOME LOAN,7.08,120,Active,0.0
LOAN007392,CUST03562,2233668,Housing Loan,10.97,180,ONGOING,0.0
LOAN004184,CUST01500,4617571,Home Loan,7.58,24,PAID,0.02
LOAN011824,CUST01722,1494123,Auto Loan,11.02,84,Charged Off,0.99
LOAN001887,CUST00552,1026189,Business Loan,11.43, ,ACTIVE,0.0
LOAN002936,CUST03824,666151,education loan,10.49,60,ongoing,0.0
LOAN010182,CUST02515,1590668,SME Loan,12.99,24,Defaulted,0.99
LOAN004827,CUST03839,3391790,Home Loan,8.75,24,PAID,0.02
LOAN000615,CUST00997,4703371,Home Loan,8.24,240,Ongoing,0.99
LOAN006399,CUST04827,484593,education loan,9.84,48,PAID,0.0
LOAN006950,CUST03189,3690427,home loan,7.54,84,Current,0.01
LOAN000647,CUST00843,426953,Vehicle Loan,8.87,48,PAID,0.0
LOAN004304,CUST04599,999999999,EDUCATION LOAN,7.95,84,PAID,0.0
LOAN006906,CUST03571,499538,Vehicle Loan,11.52,84,Ongoing,0.0
LOAN004389,CUST04084,390044,Car Loan,10.61,12,Paid,0.0
LOAN007022,CUST03571,"₹835,870",Auto Loan,10.75,12,Current,0.01
LOAN004799,CUST04270,140022,Edu Loan,10.0,36,Open,
LOAN007311,CUST03571,2015146,home loan,8.75,36,Paid Off,0.01
LOAN003053,CUST02643,3402311,Mortgage,7.81,24,Paid Off,0.02
LOAN001489,CUST00116,0,business loan,12.1,48,paid,0.99
LOAN011505,nan,1158566,Vehicle Loan,10.53,84,Ongoing,0.0
LOAN001139,N/A,536870,car loan,11.03,60,ONGOING,0.0
LOAN010378,CUST01025,259977,nan,9.71,84,ACTIVE,0.0
LOAN008735,CUST01500,640167,EDUCATION LOAN,7.95,240,ONGOING,0.0
LOAN009186,CUST04084,"587,032",Car Loan,11.84,240,Paid,0.0
LOAN008825,CUST03562,602825,Vehicle Loan,12.46,120,Closed,0.0
LOAN010841,CUST03562,80415,personal loan,15.32,24,paid,0.0
LOAN005752,CUST05823,"₹778,776",Education Loan,11.19,48,Ongoing,0.0
LOAN006923,CUST01901,1879878,Home Loan,7.15,12,ONGOING,0.02
LOAN010219,CUST03562,2933113,BUSINESS LOAN,13.94,48,PAID,0.01
LOAN010484,CUST03839,884037,Mortgage,7.88,12,Closed,0.01
LOAN011918,CUST05735,1288326,Car Loan,9.12,240,Open,0.0
LOAN011312,CUST01025,235789,education loan,N/A,12,Fully Paid,0.0
LOAN003017,CUST00247,413551,PL,12.65,-12,ongoing,0.0
LOAN011110,CUST00709,220872,Auto Loan,10.72,120,ONGOING,Unknown
LOAN000195,CUST02173,484865,PERSONAL LOAN,13.43,36,ACTIVE,0.0
LOAN009524,CUST01901,2120945,Home Loan,7.87,48,Current,0.01
LOAN007835,CUST03824,1662055,HOME LOAN,9.86,24,ACTIVE,0.01
LOAN002219,CUST00090,425306,education loan,10.33,120,ACTIVE,0.0
LOAN002945,CUST00247,4128799,Home Loan,8.96,120,Active,0.0
LOAN005726,CUST04628,811719,Auto Loan,9.8,24,ongoing,0.0
LOAN010410,CUST03189,2517297,BUSINESS LOAN,11.21,240,ongoing,0.0
LOAN003800,CUST04827,2285325,home loan,8.61,48,ACTIVE,0.01
LOAN002524,CUST03189,360892,Personal,12.04,60,Current,0.0
LOAN011256,CUST05823,1953490,HOME LOAN,10.64,48,Current,0.0
LOAN001087,CUST00587,2500591,HOME LOAN,8.79,240,Current,0.0
LOAN005957,CUST03562,258898,personal loan,15.52,60,Active,0.0
LOAN004881,CUST05347,258174,Personal Loan,14.0,48,Active,0.0
LOAN000583,CUST03839,539015,Edu Loan,10.53,240,paid,0.0
LOAN000129,CUST02173,413007,personal loan,13.85,48,ONGOING,0.0
LOAN008167,CUST00587,1794969,Housing Loan,8.69,240,Fully Paid,0.0
LOAN004922,CUST03571,3597143,Housing Loan,9.85,60,Paid Off,NULL
LOAN001149,CUST02933,1890913,SME Loan,11.45,60,PAID,0.0
LOAN011672,CUST00015,901668,Vehicle Loan,18.47,240,default,0.0
LOAN010024,CUST00709,168235,PERSONAL LOAN,14.29,120,ACTIVE,0.0
LOAN008539,CUST03189,1422493,Vehicle Loan,10.1,60,active,0.0
LOAN000499,CUST00139,4032841,Home Loan,11.04,12,CLOSED,0.99
LOAN003377,CUST01281,3986581,Home Loan,9.51,24,ONGOING,0.02
LOAN000174,CUST00552,"562,654",Home Loan,7.91,Unknown,Open,0.0
LOAN001835,CUST01500,178215,PL,11.9,120,paid,0.0
LOAN011499,CUST01901,999999999,SME Loan,10.84,180,Current,0.0
LOAN011650,CUST05347,"587,134",Vehicle Loan,10.91,48,Active,0.0
LOAN000225,CUST04084,271696,business loan,14.16,60,CHARGED OFF,0.0
LOAN007691,CUST00843,3186616,Home Loan,7.72,24,ACTIVE,0.02
LOAN007790,CUST02195,406888,personal loan,12.53,180,ACTIVE,0.21
LOAN000810,CUST03677,2857617,N/A,8.98,36,Fully Paid,
LOAN010079,CUST00552,363346,Car Loan,10.89,36,Ongoing,0.0
LOAN000726,CUST05347,2199259,BUSINESS LOAN,13.76,60,ONGOING,0.0
LOAN001085,CUST01901,4737253,Mortgage,8.55,60,CLOSED,0.01
LOAN006641,CUST00843,658825,Unknown,9.33,60,ONGOING,0.0
LOAN002953,CUST04270,1582801,business loan,13.6,240,ACTIVE,0.0
LOAN002895,CUST02891,"1,564,346",SME Loan,12.63,240,Paid Off,0.99
LOAN003526,CUST02950,245278,PL,12.32,240,active,0.0
LOAN006672,CUST04599,NULL,Personal Loan,11.75,12,Ongoing,0.0
LOAN003384,CUST02523,948381,CAR LOAN,8.66,120,DEFAULT,0.99
LOAN005342,CUST01500,"276,426",personal loan,11.62,180,Paid,0.0
LOAN005317,CUST02733,134824,PL,12.59,24,Default,0.99
LOAN010973,CUST05735,360575,Edu Loan,9.83,240,ongoing,0.0
LOAN000335,CUST03189,"81,125",PL,12.49,60,Paid,0.0
LOAN005626,CUST02327,1127925,Car Loan,10.46,180,Ongoing,0.76
LOAN001416,CUST05735,1113179,home loan,8.23,48,ONGOING,0.0
LOAN003004,CUST00723,2604727,HOME LOAN,8.57, ,Defaulted,0.99
LOAN011160,CUST00090,nan,Personal,14.16,84,nan,0.0
LOAN009890,CUST03642,402109,Personal Loan,14.21,84,ongoing,0.35
LOAN005692,CUST00015,3066697,Home Loan,15.92,180,Paid Off,0.0
LOAN009756,N/A,344534,Edu Loan,10.81,180,PAID,0.0
LOAN001569,CUST04628,403183,PL,,36,active,0.0
LOAN009713,CUST03677,"₹2,554,006",SME Loan,nan,240,ACTIVE,0.0
LOAN010870,CUST05855,794969,HOME LOAN,10.4,24,Default,0.99
LOAN002601,CUST01025,401149,Personal Loan,12.42,60,Paid,0.0
LOAN005329,CUST02933,513392,BUSINESS LOAN,11.5,24,Active,0.0
LOAN005410,CUST04599,980414,car loan,Unknown,48,Ongoing,0.0
LOAN004515,CUST00843,1174670,Auto Loan,10.38,36,paid,0.0
LOAN009753,CUST04628,426900,PERSONAL LOAN,13.85,48,Paid Off,0.0
LOAN010224,CUST04628,785675,Housing Loan, ,60,Ongoing,0.0
LOAN011494,CUST02173,339463,personal loan,12.21,60,ONGOING,0.0
LOAN010790,CUST01140,425002,PL,12.03,240,N/A,0.0
LOAN011241,CUST00587,225361,Car Loan,75,0,Ongoing,N/A
LOAN006852,CUST00709,1773487,BUSINESS LOAN,12.84,24,active,0.01
LOAN011121,CUST00015,197456,education loan,16.88,24,Charged Off,0.0
LOAN004792,CUST05069,574193,Vehicle Loan,9.88,12,active,99
LOAN003388,CUST04599,222135,personal loan,12.89,NULL,paid,0.0
LOAN001967,CUST01025,214018,education loan,9.08,24,Closed,N/A
LOAN001872,CUST00843,#N/A,Personal Loan,11.96,240,active,0.0
LOAN011609,CUST01281,730067,business loan,12.62,180,Active,0.0
LOAN004325,CUST01983,432288,PL,13.97,240,NULL,0.18
LOAN006786,CUST03280,,Mortgage,9.08,48,active,0.01
LOAN001681,CUST02933,290547,PL,N/A,84,Paid,#N/A
LOAN007129,CUST05823,1153026,Vehicle Loan,11.94,24,ongoing,0.01
LOAN007445,CUST02950,422338,Personal,13.39,180,Fully Paid,0.0
LOAN007051,CUST05048,"3,344,024",HOME LOAN,9.65,36,Paid Off,0.99
LOAN001360,CUST00843,N/A,Personal Loan,12.56,12,PAID,0.0
LOAN005837,CUST03571,387873,car loan,10.2,240,Paid,0.0
LOAN005708,CUST03824,1553948,Biz Loan,14.01,240,Closed,0.0
LOAN007013,CUST00090,766743,Auto Loan,10.12,36,active,0.0
LOAN002096,CUST01140,670872,EDUCATION LOAN,8.3,60,Active,0.0
LOAN001616,CUST05823,881774,home loan,10.43,48,Paid Off,0.0
LOAN000204,CUST02285,355142,Personal Loan,12.64,120,CHARGED OFF,0.24
LOAN004925,CUST04084,1952442,Housing Loan,9.8,48,PAID,nan
LOAN005472,CUST01281,"377,881",PERSONAL LOAN,13.31,36,PAID,0.0
LOAN004378,CUST01281,106159,PL,14.0,60,Fully Paid,0.0
LOAN001735,CUST02950,#N/A,Housing Loan,9.07,180,Paid,0.0
LOAN005130,CUST01665,1325217,Housing Loan,8.23,48,Bad Debt,nan
LOAN003162,CUST04436,"₹252,241",EDUCATION LOAN,11.04,60,paid,0.27
LOAN006049,CUST04827,609090,Mortgage,8.27,48,,0.0
LOAN006687,CUST03017,0,home loan,7.75,180,CLOSED,0.99
LOAN001719,CUST02933,439784,Student Loan,9.44,120,#N/A,0.0
LOAN004768,CUST00015,1969305,Home Loan,17.22,24,Paid,0.01
LOAN003198,CUST03189,843992,Home Loan,8.47,84,Active,0.0
LOAN008286,CUST01140,4947983,home loan,7.93,180,Ongoing,0.0
LOAN010412,CUST03578,1950373,business loan,10.45,60,Fully Paid,0.99
LOAN002600,CUST04270,"₹586,926",Vehicle Loan,10.61,120,Fully Paid,0.0
LOAN007851,CUST03839,nan,Vehicle Loan,11.08,180,paid,0.0
LOAN005382,CUST00587,639537,Biz Loan,12.4,180,Active,0.0
LOAN005343,CUST02933,1238099,HOME LOAN,9.11,36,ONGOING,0.0
LOAN005841,CUST00843,151397,personal loan,12.0,240,paid,0.0
LOAN007827,CUST00587,1313658,business loan,12.59,36,ONGOING,0.0
LOAN001925,CUST05347,3714241,Home Loan,10.08,120,paid,#N/A
LOAN000167,CUST00587,143754,PERSONAL LOAN,12.79,84,ACTIVE,0.0
LOAN003249,CUST03998,214452,Student Loan,9.8,48,Closed,0.21
LOAN008140,CUST00587,764260,education loan,11.15,24,CLOSED,0.0
LOAN002975,CUST03824,623641, ,10.91,48,Ongoing,0.0
LOAN005010,CUST00552,225809,PL,12.74,240,CHARGED OFF,0.0
LOAN005229,CUST03280,793875,BUSINESS LOAN,13.79,24,ONGOING,0.0
LOAN002285,CUST01901,242375,Auto Loan,120,120,ONGOING,0.0
LOAN008046,CUST00121,154117,,14.41,36,Paid,0.57
LOAN006017,CUST04628,750688,car loan,10.61,48,Closed,nan
LOAN007031,CUST01500,2068476,Mortgage,8.22,240,Bad Debt,0.0
LOAN001565,CUST05328,387275,PL,14.11,120,Paid Off,0.0
LOAN003980,CUST05287,1308208,Vehicle Loan,9.71,24,Closed,0.99
LOAN000213,CUST01281,1379695,Car Loan,10.34,24,Current,0.01
LOAN000106,CUST03280,745496,BUSINESS LOAN,12.85,240,Open,99
LOAN007314,CUST03562,1578172,SME Loan,12.79,240,Ongoing,0.0
LOAN010573,CUST05328,"3,356,280",home loan,8.76,12,Paid,0.03
LOAN007166,CUST00709,1653032,home loan,8.19,84,active,0.0
LOAN003420,CUST05823,"388,602",personal loan,13.9,84,PAID,0.0
LOAN010549,CUST00279,#N/A, ,12.04,48,DEFAULT,0.99
LOAN002746,CUST05069,80313,personal loan,N/A,48,Paid,0.0
LOAN007914,CUST05707,564034,Student Loan,-5,84,active,#N/A
LOAN008774,CUST05823,2877529,Home Loan,9.52,24,Closed,Unknown
LOAN009224,CUST04827,511967,CAR LOAN,9.42,60,Ongoing,0.0
LOAN004905,CUST05823,219240,PL,13.85,240,NULL,0.0
LOAN008841,CUST00709,301858,Personal,12.53,60,CLOSED,0.0
LOAN010626,CUST01500,692702,nan,9.36,180,paid,0.0
LOAN006564,CUST04084,"4,695,001",Mortgage,9.07,12,Current,0.05
LOAN003391,CUST04523,4066287,Mortgage,9.41,84,DEFAULT,0.99
LOAN011233,CUST03824,411639,personal loan,14.86,60,ONGOING,N/A
LOAN001271,CUST05069,137577,Personal,12.43,180,Ongoing,0.0
LOAN006288,CUST05823,765740,car loan,11.05,48,PAID,0.0
LOAN003774,CUST02643,243929,PL,12.94,24,CLOSED,0.0
LOAN006933,CUST03824,674652,EDUCATION LOAN,10.89,36,Ongoing,0.0
LOAN003714,CUST05436,4677894,home loan,7.11,24,ACTIVE,0.02
LOAN008018,CUST01500,866335,home loan,6.79,12,Ongoing,0.01
LOAN007300,CUST01025,"116,291",personal loan,14.07,nan,Paid,0.0
LOAN008669,CUST02933,365758,PL,13.07,60,Current,0.0
LOAN007463,CUST02933,,PL,12.62,84,paid,0.0
LOAN002080,CUST05207,999999999,HOME LOAN,8.98,12,PAID,0.99
LOAN009911,CUST02933,1314819,Biz Loan,#N/A,84,ONGOING,0.0
LOAN007536,CUST00709,1311035,Auto Loan,10.84,240,ONGOING,0.0
LOAN010092,CUST03222,1445207,business loan,11.83,24,Paid,0.01
LOAN008132,CUST02643,96072,personal loan,13.49,84,Paid Off,0.0
LOAN004551,CUST02023,230242,PL,13.15,48,paid,0.33
LOAN011306,#N/A,1231281,home loan,17.24,48,Paid,0.0
LOAN006047,CUST03222,4553598,Home Loan,8.19,36,active,0.02
LOAN006795,CUST05319,459574,PERSONAL LOAN,12.66,12,Defaulted,0.99
LOAN004623,CUST05707,2671591,Housing Loan,9.35,36,active,0.01
LOAN004317,CUST03280,86088,Personal Loan,13.92,240,CHARGED OFF,0.0
LOAN011861,CUST00552,2127545,Home Loan,9.48,60,Paid Off,0.0
LOAN009454,CUST01500,1266009,SME Loan,10.5,48,ONGOING,N/A
LOAN009595,CUST03222,"₹643,039",Education Loan,11.18,120,ongoing,0.0
LOAN008223,CUST04827,765151,Education Loan,10.59,120,Open,0.0
LOAN001643,CUST03571,1285231,Business Loan,#N/A,48,ONGOING,0.0
LOAN010620,CUST04628,104455,PERSONAL LOAN,12.72,nan,Active,0.0
LOAN004320,CUST03824,498180,Personal,14.07,36,Ongoing,0.0
LOAN002470,CUST05823,3399863,Mortgage,10.21,120,Current,0.0
LOAN006320,CUST04084,3994800,home loan,9.63,48,Closed,2.5
LOAN008886,CUST00587,145090,Edu Loan,9.34,240,active,0.0
LOAN001017,CUST01245,325926,Personal Loan,13.96,36,Bad Debt,0.77
LOAN000241,CUST00709,1267243,Mortgage,8.88,48,PAID,0.0
LOAN000079,CUST00552,2745733,home loan,9.38,48,Current,0.01
LOAN002121,CUST00843,324683,Personal Loan,11.92,12,Paid,0.0
LOAN003868,CUST04628,653053,Education Loan,9.7,36,ongoing,0.0
LOAN012000,CUST00843,2131194,home loan,8.68,,paid,0.01
LOAN000788,CUST00201,195205,education loan,10.78,48,Charged Off,0.83
LOAN011028,CUST04628,297250,Edu Loan,10.11,12,PAID,0.0
LOAN006034,CUST05707,"477,015",Personal Loan,0,24,Paid Off,0.0
LOAN007221,nan,N/A,,9.13,120,Ongoing,0.0
LOAN010071,CUST03571,481483, ,13.36,60,Paid Off,0.0
LOAN011733,CUST04942,256633,personal loan,14.6,12,Closed,0.99
LOAN005450,CUST01140,2782564,Unknown,7.81,48,ongoing,0.01
LOAN005100,CUST02173,"496,397",Personal,14.03,180,Ongoing,0.0
LOAN002585,CUST03222,999999999,Mortgage,75,36,Paid Off,0.02
LOAN010267,Unknown,738528,Car Loan,10.63,60,CLOSED,N/A
LOAN011130,CUST00247,1309357,CAR LOAN,11.22,180,Closed,0.0
LOAN008905,CUST05952,2197481,business loan,12.09,36,Paid,0.99
LOAN002529,CUST03839,404260,PL,12.52,240,ongoing,0.0
LOAN009104,CUST01025,166379,personal loan,14.05,12,PAID,0.0
LOAN011702,CUST00247,448304,Student Loan,9.49,48,CLOSED,0.0
LOAN009998,CUST00843,1190318,business loan,10.77,24,Current,0.01
LOAN008171,CUST02643,3099386,Mortgage,75,12,paid,0.03
LOAN008248,CUST01140,1653075,Biz Loan,11.94,60,,0.0
LOAN001174,CUST00587,2577249,HOME LOAN,8.7,nan,Open,0.01
LOAN002168,CUST00720,2379415,BUSINESS LOAN,11.44,24,Default,0.99
LOAN009391,CUST04827,210896,Student Loan,9.01,180,ongoing,-0.5
LOAN009277,CUST00015,1103769,Home Loan,17.08,12,CHARGED OFF,#N/A
LOAN006663,CUST04270,401970,Personal Loan,12.97,#N/A,Open,0.0
LOAN007849,CUST03824,411557,Edu Loan,9.76,60,Ongoing,0.0
LOAN011487,CUST00843,527479,EDUCATION LOAN,8.67,24,ACTIVE,0.0
LOAN005078,CUST02933,147962,Personal,12.92,48,Current,0.0
LOAN005696,CUST00626,98432,PERSONAL LOAN,14.46,24,Fully Paid,0.55
LOAN011914,CUST05823,323503,Personal,13.53,240,ongoing,0.0
LOAN005971,CUST01901,1343145,Business Loan,10.73,180,Active,0.0
LOAN011386,CUST03571,479617,PERSONAL LOAN,13.25,36,PAID,0.0
LOAN007353,CUST00587,Unknown,Student Loan,11.17,60,Paid Off,0.0
LOAN007674,CUST00843,"₹367,372",PL,12.03,180,Current,0.0
LOAN005636,CUST03839,"₹1,218,200",Vehicle Loan,10.77,84,paid,0.0
LOAN001121,CUST05707,2155669,HOME LOAN,10.55,240,ACTIVE,0.0
LOAN008087,CUST04599,213216,Vehicle Loan,9.49,48,ACTIVE,0.0
LOAN004393,CUST02950,1076930,Mortgage,8.5,12,ONGOING,0.01
LOAN011485,CUST05707,2022176,SME Loan,14.12,60,Active,0.0
LOAN003291,CUST03280,126125,PERSONAL LOAN,13.69,120,PAID,0.0
LOAN000633,CUST04599,3568472,Housing Loan,8.78,60,Active,0.01
LOAN009978,CUST01025,1076163,CAR LOAN,11.17,24,paid,0.01
LOAN004932,CUST01025,3567788,,9.66,36,Current,0.01
LOAN011238,CUST00709,379268,Personal Loan,NULL,24,CLOSED,0.0
LOAN006503,CUST03222,4089056,home loan,9.14,36, ,0.01
LOAN005744,N/A,2568368,HOME LOAN,8.24,Unknown,Paid Off,0.01
LOAN000500,CUST03677,Unknown,Auto Loan,8.9,84,Fully Paid,0.0
LOAN004009,CUST04270,1482413,Car Loan, ,240,Closed,0.0
LOAN000415,CUST00552,1455607,Car Loan,10.22,84,Fully Paid,0.0
LOAN006287,CUST03707,269773,Personal Loan,13.38,,Paid Off,0.18
LOAN005280,CUST03562,365387,PERSONAL LOAN,13.88,36,CLOSED,0.0
LOAN001852,CUST03562,3439456,Home Loan,10.07,240,Current,0.0
LOAN001799,CUST05707,455111,Student Loan,11.52,120,Paid,0.0
LOAN011678,CUST02643,901167,Vehicle Loan,9.24,600,Active,0.0
LOAN008798,CUST00709,2845954,home loan,7.89,0,Ongoing, 
LOAN004642,CUST05328,1342621,Mortgage,8.94,60,Open,0.0
LOAN006252,CUST04270,1377528,Mortgage,9.4,24,active,0.01
LOAN003927,CUST02933,1486405,CAR LOAN,9.58,240,ACTIVE,0.0
LOAN005181,CUST05750,466989,Personal Loan,11.11,120,Fully Paid,0.53
LOAN002016,CUST02933,-1000,Vehicle Loan,10.54,24,Ongoing,0.0
LOAN007626,CUST01901,3972277,Housing Loan,7.65,12,active,0.04
LOAN003486,CUST04084,2568930,business loan,12.81,120,Ongoing,0.0
LOAN004453,CUST00899,2199615,HOME LOAN,7.71,180,active,0.63
LOAN005505,CUST00106,377090,PL,12.57,36,CHARGED OFF,0.99
LOAN000130,nan,336534,personal loan,14.14,48,paid,0.0
LOAN011215,CUST04628,nan,Personal,12.62,12,#N/A,0.0
LOAN009014,CUST00015,511082,BUSINESS LOAN,N/A,60,Defaulted,0.0
LOAN010880,CUST05347,2663048,NULL,12.35,240,Fully Paid,0.0
LOAN003821,CUST03839,4309467,Home Loan,Unknown,84,active,0.01
LOAN009727,CUST00843,583031,home loan,7.49,12,PAID,0.01
LOAN009236,CUST04416,"₹404,909",PERSONAL LOAN,12.63,180,paid,0.63
LOAN009479,CUST05823,637153,Education Loan,10.77,12,ONGOING,0.01
LOAN010203,CUST01140,429662,Personal,11.96,180,Current,0.0
LOAN007087,CUST02643,2854888,home loan,9.02,24,Paid,0.01
LOAN006351,CUST03007,2119628,SME Loan,12.03,120,PAID,0.99
LOAN010010,CUST02173,4730851,Home Loan,9.16,180,ONGOING,0.0
LOAN011670,CUST05328,809530,Car Loan,10.41,84,Active,0.0
LOAN006407,CUST03222,660682,BUSINESS LOAN,12.4,240,default,0.0
LOAN001108,CUST01504,300678,CAR LOAN,9.58,180,ACTIVE,0.17
LOAN009263,CUST04599,1584748,Biz Loan,12.05,48,Open,0.0
LOAN004276,CUST01500,441470,Personal,11.37,48,Current,0.0
LOAN010005,CUST00015,397482,personal loan,21.51,48,DEFAULT,0.0
LOAN004126,CUST02173,328426,Personal Loan,12.5,48,Ongoing,0.0
LOAN000514,CUST03562,"181,546",Edu Loan,10.59,12,#N/A,Unknown
LOAN009447,CUST04628,221741,Personal,0,60,Closed,0.0
LOAN007550,CUST01500,3355677,Mortgage,6.81,-12,ONGOING,0.01
LOAN003348,CUST00709,471108,Car Loan,10.65,84,Paid,0.0
LOAN003768,CUST05328,1146780,Car Loan,10.19,84,ONGOING,0.0
LOAN009526,CUST02950,186094,Personal,12.98,60,Ongoing,0.0
LOAN003265,CUST02173,481294,Vehicle Loan,10.25,24,Fully Paid,0.0
LOAN009671,CUST00587,1722602,Home Loan,8.28,24,Paid Off,0.01
LOAN008160,CUST04827,101700,personal loan,12.92,12,Ongoing,0.0
LOAN010982,CUST00015,"929,128",Car Loan,18.37,240,Default,0.0
LOAN007049,CUST00015,1108033,NULL,17.79,120,CHARGED OFF,0.0
LOAN007841,CUST00587,346299,personal loan,13.66,36,#N/A,0.0
LOAN007522,CUST02643,1263612,BUSINESS LOAN,11.79,120,active,0.0
LOAN006561,CUST02173,142936,education loan,8.98,180,active,0.0
LOAN004933,CUST03422,1242204,Housing Loan,75,36,Default,0.99
LOAN002730,CUST05069,1215459,Vehicle Loan,9.59,24,DEFAULT,N/A
LOAN001147,CUST05707,1779249,Business Loan,12.78,240,CLOSED,0.0
LOAN004308,CUST00552,218113,PL,13.89,84,Open,0.0
LOAN009371,CUST03280,89765,PERSONAL LOAN,14.65,60,Bad Debt,0.0
LOAN002017,CUST05181,456467,PERSONAL LOAN,11.36,84,ACTIVE,0.72
LOAN000525,CUST00354,Unknown,Mortgage,10.23,84,Paid,0.99
LOAN000215,CUST00552,3951257,Housing Loan,9.1,12,Active,0.04
LOAN001762,CUST02173,643202,Business Loan,13.03,84,Paid Off,0.0
LOAN000787,CUST05328,4863029,Mortgage,8.31,24,ONGOING,0.02
LOAN009880,CUST01281,141582,Student Loan,10.6,12,Open,0.0
LOAN010756,CUST00587,4834726,Mortgage,8.36,12,Open,0.05
LOAN009870,CUST00090,Unknown,Vehicle Loan,10.97,180,ACTIVE,0.0
LOAN009090,CUST02643,407159,Education Loan,10.28,36,default,0.0
LOAN004447,CUST04166,256832,Personal Loan,15.15,24,CLOSED,0.96
LOAN006203,CUST03839,1873844,Mortgage,7.84,36,active,0.01
LOAN000808,CUST01500,206158,CAR LOAN,8.74,120,CLOSED,0.0
LOAN004796,CUST05707,898570,NULL,11.7,48,Unknown,0.0
LOAN011337,CUST05100,181895,education loan,11.13,84,Paid,0.24
LOAN003240,CUST05823,175938,PL,13.9,36,Open,0.0
LOAN003597,CUST03280,272471,PERSONAL LOAN,14.29,120,Bad Debt,0.0
LOAN009052,CUST05450,679501,business loan,12.24,36,Closed,0.77
LOAN006262,CUST01140,129246,Student Loan,8.21,36,Paid Off,0.0
LOAN004092,CUST01140,251531,education loan,8.75,48,paid,0.0
LOAN010945,CUST00015,1203369,business loan,20.37,84, ,0.0
LOAN000714,CUST04270,768438,Mortgage,10.03,120,Current,2.5
LOAN005423,CUST04878,1115107,Housing Loan,9.13,120,nan,0.99
LOAN004989,CUST03839,912466,Car Loan,10.89,48,Open,
LOAN005060,CUST00843,4965802,Housing Loan,8.44,60,Open,0.01
LOAN011626,N/A,1710560,SME Loan,N/A,24,PAID,0.01
LOAN000572,CUST05707,261196,PERSONAL LOAN,Unknown,60,ongoing,0.0
LOAN006523,CUST04270,394307,Personal Loan,13.57,180,active,0.0
LOAN002240,CUST02950,455148,education loan,10.46,120,active,2.5
LOAN004970,CUST03571,3234223,Housing Loan,9.53,240,paid,0.0
LOAN010163,CUST01500,550583,Student Loan,8.02,-12,paid,0.0
LOAN004171,CUST02933,1070152,Business Loan,11.09,36,Ongoing,0.0
LOAN002674,CUST00838,#N/A,Personal Loan,12.31,12,Bad Debt,0.99
LOAN008229,CUST01281,2522851,Mortgage,10.14,84,Paid,0.0
LOAN010066,CUST01140,659745,Education Loan,7.78,24,active,0.0
LOAN009311,CUST03562,1150559,Car Loan,11.06,180,Fully Paid,0.0
LOAN010422,CUST01500,418553,Auto Loan,0,180,Active,0.0
LOAN003897,CUST00843,913043,CAR LOAN,10.36,48,Ongoing,0.0
LOAN010717,CUST04628,3249822,home loan,9.0,84,Closed,0.0
LOAN006839,CUST03677,747954,Auto Loan,9.31,240,paid,0.0
LOAN002847,CUST01561,484460,Personal Loan,14.83,240,Open,0.09
LOAN007220,CUST05069,307638,PL,12.63,48,PAID,0.0
LOAN009389,CUST02643,86057,Personal,13.44,180,Bad Debt,
LOAN009608,CUST01281,4853620,HOME LOAN,9.6,84,ongoing,0.01
LOAN003439, ,806209,CAR LOAN,8.87,-12,Paid,0.0
LOAN009111,CUST00552,245639,education loan,9.23,12,Current,0.0
LOAN000994,CUST05069,1080069,car loan,9.92,120,CLOSED,0.0
LOAN000771,CUST01281,908680,Auto Loan,10.47,180,active,0.0
LOAN007106,CUST00709,256580,Vehicle Loan,10.31,180,ACTIVE,0.0
LOAN010026,CUST02643,574544,Auto Loan,10.79,60,PAID,0.0
LOAN003862,CUST01500,86671,Personal,13.16,36,Active,-0.5
LOAN009823,CUST05069,669091,education loan,7.54,24,Active,0.0
LOAN011351,CUST03571,3820461,HOME LOAN,9.0,36,Ongoing,0.01
LOAN010640,CUST04827,NULL,SME Loan,12.69,240,Paid,0.0
LOAN009183,CUST02141,51802,PL,75,24,Current,0.89
LOAN001104,CUST03562,2494197,home loan,10.49,24,Paid Off,0.01
LOAN005747,,1006565,CAR LOAN,N/A,240,Paid,0.0
LOAN009034,CUST04827,244931,Car Loan,9.54,48,PAID,0.0
LOAN010754,CUST00552,3163904,Mortgage,9.47,240,NULL,0.0
LOAN007320,CUST02933,2781608,Home Loan,7.96,60,PAID,0.01
LOAN009044,CUST05823,1373237,car loan,11.03,180,Active,0.0
LOAN006368,CUST00545,290505,Personal,13.32,60,default,0.52
LOAN011564,CUST00587,0,BUSINESS LOAN,13.42,60,Closed,0.0
LOAN009233,CUST05436,1545112,home loan,120,12,Paid Off,0.02
LOAN001766,CUST03571,61274,PERSONAL LOAN,13.0,24,Unknown,0.0
LOAN008802,CUST05823,1030226,Auto Loan,10.56,240,Defaulted,0.0
LOAN006733,CUST02213,414239,Car Loan,10.47,36,ONGOING,0.49
LOAN001513,CUST01140,134922,personal loan,12.76,48,ongoing,0.0
LOAN003549,CUST00716,1402070,N/A,8.74,24,Paid Off,0.99
LOAN000925,CUST05328,799581,car loan,10.05,84,Current,0.0
LOAN011801,CUST02643,195913,PL,12.44,84,ONGOING,0.0
LOAN006081,CUST00552,249898,Auto Loan,N/A,36,Fully Paid,0.0
LOAN002925,CUST03280,1266866,Vehicle Loan,11.17,84,Ongoing,0.0
LOAN000674,CUST04599,172631,PERSONAL LOAN,12.93,48,ACTIVE,0.0
LOAN009782,CUST00843,307136,Personal Loan,12.02,180,Paid,0.0
LOAN010897,CUST01025,4635214,home loan,9.16,24,CLOSED,0.02
LOAN001774,CUST03571,878859,BUSINESS LOAN,12.21,24,ongoing,0.0
LOAN011552,CUST05069,343926,Education Loan,9.35,48,N/A,0.0
LOAN001600,CUST01500,N/A,Student Loan,9.21,24,ONGOING,0.0
LOAN007204,CUST00270,1221291,SME Loan,13.78,N/A,Default,0.99
LOAN004013,CUST03882,"1,092,160",HOME LOAN,9.91,180,Default,0.78
LOAN005937,CUST02950,281529,Personal,12.1,60,Open,0.0
LOAN003908,CUST02933,1430685,home loan,7.82,48,Current,0.0
LOAN004645,CUST05707,"1,361,982",business loan,13.71,84,paid,0.0
LOAN009606,CUST01500,794212,Auto Loan,9.55,120,ACTIVE,0.0
LOAN010585,CUST04270,62846,Personal,14.57,120,active,0.0
LOAN002023,CUST03222,333725,Education Loan,,84,Closed,0.0
LOAN002955,CUST03824,475802,Personal Loan,13.8,12,ACTIVE,0.0
LOAN003296,CUST03677,4646546,Home Loan,7.43,24,ONGOING,Unknown
LOAN011257,CUST03677,1451239,Car Loan,9.1,60,paid,0.0
LOAN003247,CUST05735,719470,Edu Loan,9.34,60,Ongoing,0.0
LOAN008082,CUST05436,894521,BUSINESS LOAN,-5,120,CLOSED,Unknown
LOAN002689,CUST00843,999999999,home loan,8.63,120,active,N/A
LOAN004012,CUST03747,112829,Personal,12.35,36,Paid,0.84
LOAN002468,CUST02950,198022,Personal Loan,13.5,36,Active,0.0
LOAN010129,CUST03280,314187,Personal Loan,13.16,180,Paid,0.0
LOAN002949,CUST03222,244830,PL,13.81,Unknown,Closed,0.0
LOAN010827,CUST05436,3883090,home loan,9.07,60,Defaulted,0.01
LOAN000120,CUST03562,444388,SME Loan,12.97,0,ONGOING,0.0
LOAN000429,CUST00043,476669,CAR LOAN,11.31,84,Default,0.5
LOAN006115,CUST03824,"1,452,132",Biz Loan,12.21,24,Fully Paid,0.01
LOAN003684,CUST03677,2473524,BUSINESS LOAN,11.95,N/A,,0.02
LOAN010322,Unknown,324436,Education Loan,10.85,24,active,0.0
LOAN005565,CUST01901,"₹1,335,244",nan,9.07,60,active,0.0
LOAN009137,CUST05069,624952,education loan,8.86,180,ONGOING,0.0
LOAN007010,CUST05707,3374187,Mortgage,9.16,12,ongoing,0.03
LOAN004352,CUST04599,846046,Car Loan,9.06,24,Fully Paid,0.0
LOAN011743,CUST04628,nan,Housing Loan,8.09,240,Ongoing,0.0
LOAN002702,CUST05328,4000438,home loan,9.21,24,paid,0.02
LOAN000666,CUST02950,1769040,Housing Loan,8.01,84,Open,0.0
LOAN004801,CUST03571,1695231,HOME LOAN,-5,180,Paid Off,0.0
LOAN002924,,1379525,SME Loan,12.43,120,default,0.99
LOAN011560,CUST03966,440146,personal loan,13.31,84,Closed,0.58
LOAN007531,CUST05707,4769688,Home Loan,10.62,24,Active,0.02
LOAN010301,CUST00843,706217,education loan,8.25,48,ONGOING,0.0
LOAN007081,CUST02509,160699,PL,13.23,12,Closed,#N/A
LOAN005739,CUST03280,NULL,car loan,11.04,240,ongoing,0.0
LOAN010826,CUST00971,3066616,Home Loan,9.39,48,Default,0.99
LOAN006932,CUST03562,178885,PERSONAL LOAN,14.14,84,active,0.0
LOAN002165,CUST05735,"₹693,926",SME Loan,11.32,60,ongoing,0.0
LOAN003843,CUST01281,389752,PL,14.45,240,Paid,0.0
LOAN002102,CUST05162,615177,Vehicle Loan,10.69,60,Charged Off,0.54
LOAN005838,CUST05436,1147138,SME Loan, ,84,paid,0.0
LOAN001371,CUST02173,2058628,business loan,0,120,Paid Off,0.0
LOAN004749,CUST00552,999999999,SME Loan,11.61,48,ONGOING,0.0
LOAN002626,CUST04599,307237,personal loan,11.44,#N/A,Bad Debt,0.0
LOAN003413,CUST01901,242015,PERSONAL LOAN,11.88,48,Open,0.0
LOAN010080,CUST00015,901926,Auto Loan,18.39,12,Defaulted,0.01
LOAN011282,CUST04270,926307,Auto Loan,11.24,12,Paid,0.01
LOAN011165,CUST02173,332279,PERSONAL LOAN,12.92,180,Paid Off,-0.5
LOAN007923,CUST04084,1999521,Housing Loan,10.09,60,Fully Paid,0.0
LOAN003290,CUST04498,N/A,PERSONAL LOAN,11.72,36,Paid Off,0.56
LOAN007652,CUST04628,Unknown,Housing Loan,8.64,180,DEFAULT,
LOAN001494,CUST02643,2943401,Business Loan,12.72,120,Open,0.0
LOAN001977,CUST05823,311224,Student Loan,10.96,48,,0.0
LOAN003029,CUST00587,4051433,HOME LOAN,9.81,60,ACTIVE,0.01
LOAN009898,CUST05707,2632459,Home Loan,10.13,24,Fully Paid,0.01
LOAN010926,CUST03562,127472,Personal,14.66,24,Charged Off,0.0
LOAN004931,CUST02950,243479,Personal Loan,13.53,48,Closed,Unknown
LOAN008067,CUST04628,N/A,Auto Loan,10.64,24,ongoing,0.0
LOAN007679,CUST01901,247112,BUSINESS LOAN,11.08,60,Paid Off,0.0
LOAN006035,CUST00015,177448,Personal Loan,21.42,12,Ongoing, 
LOAN011710,CUST05707,1549294,Business Loan,14.16,-12,ongoing,0.0
LOAN002775,CUST03839,370063,Personal,13.89,12,ONGOING,0.0
LOAN002982,CUST05069,77851,personal loan,11.29,48,CLOSED,0.0
LOAN003732,CUST05069,972738,NULL,11.74,240,Paid Off,0.0
LOAN011602,CUST04599,1390550,Home Loan,7.81,180,Active,0.0
LOAN011361,CUST04628,1000342,home loan,8.2,12,Paid,0.01
LOAN003571,CUST01140,3824858,home loan,8.33,60,ongoing,0.01
LOAN011481,CUST01281,4853458,Home Loan,9.38,48,ongoing,Unknown
LOAN000643,CUST03562,191246,PERSONAL LOAN,14.16,240,Ongoing,0.0
LOAN007432,CUST03562,"₹1,100,993",Auto Loan,10.93,12,Active,0.01
LOAN010956,CUST04270,77567,PERSONAL LOAN,13.05,24,CLOSED,0.0
LOAN000184,CUST04827,#N/A,home loan,9.04,36,active,0.01
LOAN001553,CUST05707,Unknown,PL,15.0,12,CLOSED,0.0
LOAN002238,CUST05069,4018292,Home Loan,7.08,48,Active,0.01
LOAN008885,CUST02933,323565,Edu Loan,Unknown,180,Ongoing,0.0
LOAN010867,CUST02643,350153,Vehicle Loan,10.79,36,PAID,0.0
LOAN010846,CUST05069,419943,personal loan,11.96,180,ACTIVE,0.0
LOAN008659,CUST01140,1325605,Mortgage,6.71,240,Active,0.0
LOAN007900,CUST04270,"₹768,923",Student Loan,11.15,120,ACTIVE,0.0
LOAN010789,CUST00247,196608,Edu Loan,9.42,nan,ACTIVE,0.0
LOAN011235,CUST01500,626585,Education Loan,7.72,12,Default,0.01
LOAN011789,CUST01140,919880,N/A,6.88,0,ongoing,0.0
LOAN005567,CUST01025,2238369,HOME LOAN,9.24,36,ongoing,0.01
LOAN002573,CUST05436,4963248,Mortgage,7.8,84,Active,0.01
LOAN005946,CUST00843,63408,Personal,11.9,84,ongoing,0.0
LOAN004957,CUST05823,357321,car loan,11.23,60,ACTIVE,0.0
LOAN001379,CUST03824,444455,personal loan,13.78,60,active,-0.5
LOAN009355,CUST01500,895632,Business Loan,11.2,180,Closed,0.0
LOAN001407,CUST00015,255879,Education Loan,17.48,24,CHARGED OFF,0.0
LOAN010384,CUST04827,625772,CAR LOAN,9.99,24,PAID,0.0
LOAN007019,CUST03839,3785705,#N/A,0,48,active,0.01
LOAN001769,CUST01281,765761,Student Loan,11.09,48,Paid Off,0.0
LOAN004426,CUST00015,3187383,Mortgage,15.99,120,Paid,0.0
LOAN005699,CUST03222,345184,PL,13.03,120,Fully Paid,0.0
LOAN003147,CUST00587,3941763,Mortgage,8.75,120,Ongoing,0.0
LOAN011324,CUST00015,"₹3,329,360",Housing Loan,17.45,120,Default,0.0
LOAN006007,CUST03677,"₹3,551,211",HOME LOAN,8.78,60,ongoing,0.01
LOAN007201,CUST02989,999818,CAR LOAN,12.41,180,CHARGED OFF,0.99
LOAN002372,CUST02950,116575,EDUCATION LOAN,#N/A,12, ,0.0
LOAN010902,CUST02173,336327,Personal,13.83,120,PAID,0.0
LOAN007640,CUST03677,280176,Personal Loan,13.24,12,Paid,0.0
LOAN011596,CUST05707,2851989,BUSINESS LOAN,13.45,120,ONGOING,0.0
LOAN006919,CUST00015,662066,Car Loan,17.89,240,Closed,0.0
LOAN004837,CUST04270,1698307,HOME LOAN,8.72,180,ACTIVE,0.0
LOAN010588,CUST05006,952536,Vehicle Loan,11.34,84,default,nan
LOAN002106,CUST03222,81911,personal loan,nan,84,Paid,0.0
LOAN005347,CUST03222,"₹391,346",Personal Loan,12.75,12,active,0.0
LOAN000801,CUST04270,1856073,Housing Loan,9.53,180,Fully Paid,0.0
LOAN001591,CUST03824,2415324,BUSINESS LOAN,13.1,240,Active,0.0
LOAN002854,CUST01281,412103,Personal Loan,13.75,60,Current,0.0
LOAN007703,CUST05436,651529,education loan,8.13,84,Open,0.0
LOAN006333,CUST05328,470757,Personal,13.56,60,ACTIVE,0.0
LOAN000744,CUST00587,"282,418",personal loan,14.52,120,ACTIVE,nan
LOAN000658,CUST03824,466140,PL,,240,CLOSED,0.0
LOAN008335,CUST04599,272536,PL,11.84,24,active,0.0
LOAN007862,CUST04628,1072090,business loan,12.8,12,Active,0.01
LOAN008317,CUST03222,392805,PERSONAL LOAN,12.69,84,Fully Paid,0.0
LOAN004157,CUST00167,1489514,Auto Loan,75,240,active,0.27
LOAN005420,CUST03189,471727,PL,12.03,60,paid,0.0
LOAN008376,CUST03824,111385,PERSONAL LOAN,13.24,120,paid,0.0
LOAN010332,CUST00843,2132610,Housing Loan,7.68,36,Closed,0.01
LOAN006653,CUST01901,367616,SME Loan,10.46,60,ONGOING,0.0
LOAN009099,CUST03571,"₹387,916",Personal Loan,13.2,12,Open,0.0
LOAN010953,CUST02643,253763,SME Loan,11.52,24,ongoing,0.0
LOAN001381,CUST04827,1228277,home loan,9.08,240,ongoing,0.0
LOAN006162,CUST03571,1184464,Biz Loan,12.34,60,ONGOING,0.0
LOAN011727,CUST04599,1997472,Housing Loan,8.32,180,Ongoing,0.0
LOAN009955,CUST01500,455308,Personal Loan,13.02,48,Fully Paid,0.0
LOAN000153,CUST02643,1606970,HOME LOAN,7.94,84,ongoing,0.0
LOAN001169,CUST03571,"₹320,961",PL,13.28,180,Fully Paid,0.0
LOAN005647,CUST01025,"2,272,513",home loan,9.27,120,ongoing,0.0
LOAN006103,CUST03839,297938,Personal,13.22,84,active,NULL
LOAN002571,CUST03824,2837879,HOME LOAN,8.81,180,CLOSED,0.0
LOAN006686,CUST04270,136043,Personal Loan,-5,24,CHARGED OFF,0.0
LOAN005214,CUST01500,2063181,business loan,10.22, ,ongoing,#N/A
LOAN010816,CUST01140,309599,Personal,,180,paid,0.0
LOAN010511,CUST03839,722566,,9.53,60,ACTIVE,0.0
LOAN006891,CUST00709,4619876,Housing Loan,8.89,48,Active,0.01
LOAN004834,CUST04599,"₹311,030",PL,12.34,60,Active,0.0
LOAN005120,CUST00409,4420746,home loan,nan,84,Default,0.99
LOAN008454,CUST00843,624083,HOME LOAN,8.53,12,,0.01
LOAN009630,CUST00552,422511,PL,13.88,24,ONGOING,0.0
LOAN006101,CUST01140,470923,PL,11.33,24,Open,0.0
LOAN009611,CUST00090,"₹777,059",Education Loan,NULL,24,Active,0.0
LOAN005883,CUST03824,1477289,Auto Loan,11.09,60,PAID,0.0
LOAN007246,CUST01140,497903,PERSONAL LOAN,13.15,84,Ongoing,0.0
LOAN002463,CUST00090,1086024,car loan,11.14,24,Fully Paid,0.01
LOAN010558,CUST05707,"715,217",Car Loan,11.36,48,Current,0.0
LOAN008926,CUST04052,763617,home loan,9.38,24,PAID,0.99
LOAN002673,CUST00247,478233,Personal Loan,13.18,24,Ongoing,0.0
LOAN010337,CUST01140,Unknown,SME Loan,10.46,12,PAID,NULL
LOAN005804,CUST00843,1916736,Biz Loan,12.38,240,active,0.0
LOAN005839,CUST05347,₹0,Home Loan,9.79,240,paid,0.0
LOAN006056,CUST00015,138220,personal loan,20.1,240,DEFAULT,0.0
LOAN000501,CUST00709,3907223,Home Loan,9.75,N/A,default,0.0
LOAN010065,CUST01917,"492,923",personal loan,14.08,24,Closed,0.99
LOAN010504,CUST03677,1107632,Car Loan,9.36,24,CLOSED,0.01
LOAN000508,CUST00552,591187,Vehicle Loan,9.39,180,CLOSED,0.0
LOAN008272,CUST01741,543136,education loan,9.62,24,Bad Debt,0.99
LOAN002006,CUST00247,1682123,Home Loan,8.99,48,Open,0.0
LOAN008653,CUST04437,3125129,home loan,11.14,60,default,0.99
LOAN009674,CUST03189,3586352,home loan,8.46,60,nan,0.01
LOAN005552,CUST03562,67098,personal loan,15.5,240,Open,0.0
LOAN011753,CUST01901, ,BUSINESS LOAN,11.4,#N/A,Current,0.01
LOAN003833,CUST01025,1190419,Biz Loan,13.0,180,active,0.0
LOAN006129,CUST05436,100248,Personal,12.64,180,paid,0.0
LOAN011715,CUST02529,3700060,home loan,9.58,120,#N/A,0.99
LOAN007064,CUST03280,2143559,home loan,8.77,84,ACTIVE,0.0
LOAN005375,CUST00709,3618926,Housing Loan,8.01,24,Fully Paid,0.02
LOAN006584,CUST04237,797580,Auto Loan,9.0,180,Fully Paid,0.88
LOAN003902,CUST03571,NULL,CAR LOAN,10.47,60,Paid,0.0
LOAN010730,CUST04084,230977, ,15.08,240,Open,0.0
LOAN011015,CUST04270,1972958,SME Loan,12.53,120,active,0.0
LOAN010732,CUST04599,574867,Car Loan,10.06,240,ONGOING,0.0
LOAN006697,CUST05707,"₹299,218",Personal Loan,13.67,24,Bad Debt,0.0
LOAN001156,CUST02747,4757574,Mortgage,9.57,84,paid,0.99
LOAN008088,CUST00247,303545,SME Loan,12.28,84,Fully Paid,0.0
LOAN011003,CUST05135,2929313,Mortgage,8.83,84,Bad Debt,0.99
LOAN008041,CUST05377,59138,PL,11.99,24,Closed,0.14
LOAN005392,CUST00247,500765,EDUCATION LOAN,10.24,84,Open,0.0
LOAN010819,CUST05823,236542,PERSONAL LOAN,14.05,84,Charged Off,-0.5
LOAN006366,CUST01901,235436,EDUCATION LOAN,9.77,24,Open,nan
LOAN000602,CUST00015,2857628,Housing Loan,15.75,12,Closed,
LOAN003274,CUST03839,473866,PL,13.31,120,Paid Off,0.0
LOAN001194,CUST04270,782211,Mortgage,8.97,-12,Current,99
LOAN007487,CUST02933,230353,Edu Loan,10.39,24,Closed,0.0
LOAN008456,CUST03189,1610723,Mortgage,8.0,60,Closed,0.0
LOAN007517,CUST05823,436498,personal loan,13.44,180,ONGOING,0.0
LOAN009406,CUST05823,394767,PL,13.92,12,ongoing,0.0
LOAN000383,CUST00015,835960,business loan,19.79,240,Fully Paid,0.0
LOAN011333,CUST03562,3307373,HOME LOAN,10.92,NULL,active,0.02
LOAN006842,CUST04084,3877471,HOME LOAN,,36,Current,0.01
LOAN001230,CUST03677,4709686,Mortgage,8.71,24,Closed,0.02
LOAN001963,CUST00843,950417,Auto Loan,8.66,120,active,0.0
LOAN004458,CUST00247,4314600,HOME LOAN,7.96,24,paid,0.02
LOAN002178,CUST00247,3117586,Housing Loan,8.97,12,ongoing,0.03
LOAN009533,CUST00247,980404,Housing Loan,8.87,#N/A,ACTIVE,0.0
LOAN001490,CUST01570,-1000,home loan,9.74,240,,0.99
LOAN008181,CUST01901,NULL,Vehicle Loan,8.42,180,CLOSED,0.0
LOAN008997,CUST00843,190536,PERSONAL LOAN,13.52,0,Active,0.0
LOAN010004,CUST01901,4237081,home loan,7.08,240,active,0.0
LOAN005508,CUST05436,353073,Personal Loan,12.8,84,CLOSED,0.0
LOAN003717,CUST03222,Unknown,home loan,9.9,180,CHARGED OFF,0.0
LOAN011862,CUST04560,2199657,Home Loan,7.84,NULL,Paid,0.99
LOAN003120,CUST03280,"1,594,695",Biz Loan,13.64,180,Paid,0.0
LOAN005456,CUST03677,4677934,HOME LOAN,8.45,180,active, 
LOAN001531,CUST05707,675283,EDUCATION LOAN,11.05,240,paid,0.0
LOAN003520,CUST03677,482572,Personal Loan,12.66,240,PAID,0.0
LOAN009191,CUST04084,347445,personal loan,14.57,36,Ongoing,0.0
LOAN010093,CUST00996,342635,Personal Loan,14.37,24,Ongoing,nan
LOAN010042,CUST05735,"1,578,921",business loan,12.59,48,Active,0.0
LOAN002588,CUST01901,417091,Car Loan,9.36,180,Active,0.0
LOAN011741,CUST03578,1041726,home loan,8.12,48,Fully Paid,0.93
LOAN005806,CUST02643,3311687,Home Loan,9.25,36,Current,0.01
LOAN006286,CUST02173,651617,education loan,9.39,60,paid,0.0
LOAN008452,CUST02950,389230,PL,nan,48,Paid,0.0
LOAN011955,CUST03562,665237,Mortgage,10.81,12,Active,0.01
LOAN005807,CUST01500,2963141,SME Loan,11.53,84,Paid,0.0
LOAN007791,CUST03280,4135207,home loan,9.02,24,Open,0.02
LOAN000829,CUST00015,1763462,HOME LOAN,16.96,240,CHARGED OFF,0.0
LOAN002705,CUST05328,"₹2,827,277",business loan,12.31,60,ONGOING,0.01
LOAN004260,CUST03824,1396214,Auto Loan,12.08,60,Active,0.0
LOAN006990,Unknown,"₹2,954,216",Biz Loan,13.08,60,ACTIVE,0.01
LOAN001311,CUST04270,2662810,home loan,10.04,180,Paid Off,0.0
LOAN004494,CUST03562,704426,car loan,0,180,paid,0.0
LOAN002593,CUST05069,2790753,home loan,6.75,120,NULL,0.0
LOAN000573,CUST05859,2287781,Housing Loan,8.45,60,Closed,0.99
LOAN002870,CUST03824,3575706,Home Loan,10.1,180,ONGOING,0.0
LOAN001408,CUST02933,2546224,home loan,N/A,48,Closed,0.01
LOAN011464,CUST00090,500976,EDUCATION LOAN,10.81,240,paid,0.0
LOAN006675,CUST04599,2460306,Housing Loan,8.55,48,PAID,0.01
LOAN004151,CUST00587,793565,Education Loan,9.85,60,Open,0.0
LOAN009381,CUST00015,1181628,Car Loan,#N/A,240,Default,0.0
LOAN001366,CUST00843,4059544,Mortgage,7.38,24,Paid Off,0.02
LOAN007576,CUST04270,442768,PL,14.01,180,ACTIVE,0.0
LOAN001244,CUST03189,"236,117",PL,12.26,180,Ongoing,0.0
LOAN000231,CUST05328,4127511,Housing Loan,9.25,180,#N/A,0.0
LOAN001606,CUST03222,614898,Vehicle Loan,11.57,240,#N/A,0.0
LOAN011612,CUST04773,969223,CAR LOAN,11.43,240,Ongoing,0.45
LOAN003552,CUST02173,472548,Car Loan,10.67,12,Active,0.0
LOAN004077,CUST02933,743312,Home Loan,9.51,36,Closed,0.0
LOAN004677,CUST00709,951084,SME Loan,13.22,48,Paid,0.0
LOAN002693,CUST00587,267640,personal loan,13.12,48,nan,0.0
LOAN011491,CUST01281,114776,Personal Loan,14.64,240,ONGOING,0.0
LOAN000896,CUST03189,460694,Personal Loan,12.75,84,Paid Off,0.0
LOAN001405,CUST04270,-1000,Personal,13.92,240,Open,-0.5
LOAN006083,CUST04270,178175,PERSONAL LOAN,12.89,240,ONGOING,0.0
LOAN003987,CUST03677,422575,personal loan,N/A,240,Active,0.0
LOAN009744,CUST04827,2640235,HOME LOAN,9.2,84,paid,0.0
LOAN002389,CUST05985,371381,PERSONAL LOAN,13.32,24,Default,0.99
LOAN009655,,2814376,SME Loan,10.45,60,CHARGED OFF,0.99
LOAN007560,CUST03824,"₹3,640,788",Mortgage,10.23,24,ONGOING,0.02
LOAN003102,CUST02173,425791,PL,12.43,36,CLOSED,0.0
LOAN003579,CUST03677,112674,PERSONAL LOAN,12.9,240,ongoing,0.0
LOAN011104,CUST03677,1154002,business loan,11.37,240,CLOSED,0.0
LOAN007192,CUST03562,Unknown,car loan,10.95,48,ACTIVE,0.0
LOAN004537,CUST00554,1731642,Mortgage,8.01,84,Paid Off,0.99
LOAN008433,CUST00256,1256073,HOME LOAN,8.09,12,Paid,0.99
LOAN004234,CUST02173,233820,Car Loan,10.5,84,active,0.0
LOAN009055,CUST01025,350343,PERSONAL LOAN,N/A,36,N/A,0.0
LOAN001702,CUST04084,1228667,CAR LOAN,10.35,24,Ongoing,0.01
LOAN003867,CUST05347,288181,education loan,11.07,120,Active,0.0
LOAN001669,CUST04599,189249,Personal Loan,12.75,60,PAID,0.0
LOAN009041,CUST02933,2449499,Mortgage,7.67,Unknown,ONGOING,0.0
LOAN003965,CUST04810,227448,Personal Loan,12.27,36,Unknown,0.96
LOAN007986,CUST03839,926283,HOME LOAN,8.59,48,Active,0.0
LOAN008077,CUST03562,348199,PL,14.28,180,Paid Off,0.0
LOAN010069,CUST02950,80069,Personal,13.3,60,Current,0.0
LOAN006250,CUST00552,689529,Student Loan,9.59,60,ongoing,0.0
LOAN009787,CUST01140,2639460,Mortgage,7.92,48,Current,0.01
LOAN005592,CUST01140,1226854,business loan,11.7,12,Active,0.01
LOAN007300,CUST01025,"116,291",personal loan,14.07,nan,Paid,0.0
LOAN010999,CUST04827,165610,Personal,13.85,36,Paid,0.0
LOAN010487,N/A,2219283,business loan,0,12,PAID,0.99
LOAN006720,CUST05735,1241450,car loan,10.6,240,CLOSED,0.0
LOAN007556,CUST04084,214931,PL,13.92,24,Active,2.5
LOAN004979,CUST00709,656087,#N/A,9.76,24,CLOSED,0.0
LOAN009854,CUST04714,406181,Personal Loan,12.95,120,Open,0.37
LOAN001802,CUST03571,1085587,Vehicle Loan,11.29,60,CLOSED,0.0
LOAN003978,CUST04270,"₹486,938",Personal,12.73,12,Paid Off,0.0
LOAN004704,CUST02643,351691,Auto Loan,9.6,240,CLOSED,0.0
LOAN006907,CUST05735,2944677,Home Loan,8.77,12,ONGOING,0.03
LOAN005205,CUST04599,620128,Business Loan,12.0,180,ACTIVE,0.0
LOAN007568,CUST05347,1174309,Auto Loan,11.61,60,Current,0.0
LOAN002046,CUST03571,176980,Personal,14.09,60,ongoing,0.0
LOAN002853,CUST01500,1348057,Business Loan,10.99,48,ONGOING,0.0
LOAN009353,CUST05663,nan,BUSINESS LOAN,12.24,180,Paid,0.66
LOAN006589,CUST00860,"₹2,145,852",HOME LOAN,8.18,36,DEFAULT,0.99
LOAN002101,CUST01025,nan,business loan,12.69,24,Open,-0.5
LOAN002062,CUST04563,"₹1,782,111",Biz Loan,14.21,84,Defaulted,0.99
LOAN000026,CUST04628,163909,Personal,14.28,12,Open,0.0
LOAN001356,CUST00709,535086,Car Loan,10.7,36,Closed,0.0
LOAN005595,CUST00090,#N/A,,11.59,nan,PAID,0.01
LOAN000116,CUST00587,"2,113,290",business loan,13.58,24,Current,0.01
LOAN006725,CUST01500,2569595,SME Loan,nan,60,Active,0.01
LOAN007694,CUST04270,412771,EDUCATION LOAN,9.39,24,Fully Paid,0.0
LOAN007962,CUST04628,"₹659,520",EDUCATION LOAN,10.29,120,ACTIVE,0.0
LOAN003733,CUST02950,1568091,Mortgage,8.71,60,NULL,0.0
LOAN010783,CUST05328,"654,488",Business Loan,13.73,120,Paid,0.0
LOAN006459,CUST00843,989809,car loan,8.71,240,Ongoing,0.0
LOAN005925,CUST00061,747321,education loan,8.98,0,Active,0.97
LOAN008343,CUST05707,1750393,SME Loan,#N/A,48,Paid Off,0.0
LOAN004422,CUST01500,1271544,Auto Loan,8.9,120,Closed,0.0
LOAN010482,CUST00709,250537,personal loan,13.66,84,Open,0.0
LOAN006108,CUST02933,965979,HOME LOAN,9.57,36,Ongoing,0.0
LOAN007817,CUST02950,490842,personal loan,13.84,84,Paid Off,0.0
LOAN004113,CUST03571,1048030,Auto Loan,10.57,60,ACTIVE,0.0
LOAN006956,CUST00642,Unknown,Unknown,11.24,240,Bad Debt,0.11
LOAN002298,CUST04084,583731,Edu Loan,11.79,84,Closed,0.0
LOAN003141,CUST05707,272263,PERSONAL LOAN,15.32,24,active,0.0
LOAN010571,CUST05735,2414635,SME Loan,#N/A,48,Ongoing,0.01
LOAN010035,CUST04599,138582,PERSONAL LOAN,11.64,48,ongoing,0.0
LOAN000218,CUST04628,4482617,home loan,8.49,48,Open,0.01
LOAN001803,nan,1127253,HOME LOAN,#N/A,12,ongoing,0.01
LOAN007350,CUST01500,3134124,home loan,N/A,24,Current,0.02
LOAN000341,CUST03571,457644,Car Loan,11.05,24,ACTIVE,0.0
LOAN006749,CUST03189,1325983,CAR LOAN,9.25,240,Open,0.0
LOAN003345,CUST03189,263921,PERSONAL LOAN,13.5,12,Current,0.0
LOAN007448,CUST00090,4607107,home loan,,180,Closed,0.0
LOAN007402,CUST00015,674428,EDUCATION LOAN,17.7,12,Closed,0.01
LOAN003661,CUST00709,720365,Education Loan,8.92,240,Current,0.0
LOAN007195,CUST01901,2697714,Business Loan,11.84,240,Active,0.0
LOAN003524,CUST02370,159671,PL,14.72,36,Paid Off,0.19
LOAN006766,CUST05735,,SME Loan,11.47,180,Closed,0.0
LOAN001914,CUST03824,1263467,Vehicle Loan,11.11,12,Closed,0.01
LOAN001242,CUST04084,543608,Auto Loan,11.89,12,Paid Off,0.01
LOAN002726,CUST01140,1004313,CAR LOAN,8.19,24,active,0.01
LOAN004542,CUST04827,1136588,Vehicle Loan,10.42,0,Active,0.01
LOAN009348,CUST02173,1257815,Vehicle Loan,10.45,120,ongoing,0.0
LOAN011858,CUST04084,483710,PL,14.7,60,NULL,0.0
LOAN000340,CUST02173,868536,Car Loan,10.68,48,Active,0.0
LOAN000358,CUST03222,"1,125,822",Home Loan,8.73,12,Ongoing,0.01
LOAN000675,CUST00447,1824146,SME Loan,13.17,12,Paid,0.99
LOAN000790,CUST05347,586026,education loan,10.3,24,PAID,0.0
LOAN009652,CUST01500,1231570,Car Loan,8.42,12,active,0.01
LOAN005189,CUST03222,149437,PERSONAL LOAN,14.36,84,paid,0.0
LOAN002172,CUST05735,1252085,Car Loan,9.13,180,Fully Paid,0.0
LOAN008261,CUST04270,209459,Personal,14.06,60,Closed,-0.5
LOAN011805,CUST05328,319064,Student Loan,9.6,48,ONGOING, 
LOAN001594,CUST01140,2111534,SME Loan,11.53,12,ACTIVE,0.02
LOAN008985,CUST04628,2691351,Home Loan,Unknown,24,DEFAULT,0.01
LOAN005847,CUST01140,1651644,Housing Loan,6.84,180,ACTIVE,0.0
LOAN001461,CUST05735,640085,Education Loan,9.57,240,PAID,0.0
LOAN002884,CUST05823,2250589,HOME LOAN,-5,84,Active,0.0
LOAN007828,CUST00843,3209912,Housing Loan,7.31,24,ongoing,0.02
LOAN007058,CUST03607,884275,SME Loan,11.82,120,CHARGED OFF,0.69
LOAN009906,CUST05347,354232,personal loan,15.24,84,PAID,0.0
LOAN002147,CUST02950,1388626,CAR LOAN,10.43,180,N/A,0.0
LOAN003250,CUST01025,1907201,HOME LOAN,8.01,240,active,0.0
LOAN008566, ,"₹246,393",personal loan,13.53,84,Bad Debt,0.0
LOAN001295,CUST04628,107932,Education Loan,10.21,240,Ongoing,0.0
LOAN004033,CUST00552,-1000,SME Loan,11.4,240,Bad Debt,0.0
LOAN009166,CUST00872,248062,PERSONAL LOAN,13.3,600,Closed,0.15
LOAN009450,CUST02643,470137,PERSONAL LOAN,12.62,240,NULL,0.0
LOAN002589,CUST00090,477169,PL,13.81,60,Open,0.0
LOAN007651, ,"85,462",personal loan,14.76,nan,Open, 
LOAN009464,CUST02643,926669,car loan,11.13,120,active,0.0
LOAN008453,CUST04628,1968130,home loan,9.29,60,Open,0.0
LOAN006542,CUST00090,"₹779,803",Education Loan,9.55,#N/A,CLOSED,0.0
LOAN008717,CUST02725,2558085,SME Loan,13.35,180,ongoing,0.99
LOAN005438,CUST04827,220789,Vehicle Loan,NULL,48,paid,0.0
LOAN002934,CUST01181,1767230,HOME LOAN,7.33,12,NULL,0.99
LOAN011997,CUST04827,464183,PL,75,240,Closed,0.0
LOAN002195,CUST05735,307653,personal loan,13.45,84,ACTIVE,0.0
LOAN007848,CUST03824,1444297,Housing Loan,9.14,240,Current,0.0
LOAN000624,CUST02173,1151513,Car Loan,10.97,120,paid,0.0
LOAN003540,CUST05823,667516,SME Loan,14.0, ,active,0.0
LOAN004680,CUST00843,191311,personal loan,12.68,60,Current,
LOAN002931,CUST02643,607066,Mortgage,120,120,PAID,0.0
LOAN007079,CUST01322,192866,#N/A,14.85,240,nan,0.08
LOAN001051,CUST00015,572480,Vehicle Loan,17.33,36,Charged Off,0.0
LOAN009979,CUST05347,323861,PERSONAL LOAN,13.91,180,Active,0.0
LOAN004845,CUST03222,307628,Car Loan,11.0,240,ACTIVE,0.0
LOAN008757,CUST03189,314974,PL,12.48,84,ONGOING,0.0
LOAN004850,CUST03817,1305450,CAR LOAN,9.76,84,Charged Off,0.99
LOAN007274,CUST03839,414222,PL,13.32,120,ONGOING,0.0
LOAN009517,CUST00238,4130362,HOME LOAN,N/A,84,Paid,0.99
LOAN007377,CUST01025,330111,PERSONAL LOAN,13.93,48,Active,0.0
LOAN000121,CUST05823,2633968,HOME LOAN,9.3,36,Current,0.01
LOAN009366,CUST03824,1661848,HOME LOAN,,36,ONGOING,0.01
LOAN005593,CUST00090,3911936,HOME LOAN,9.86,120,Current,0.0
LOAN009008,CUST03824,1481239,CAR LOAN,10.62,240,CLOSED,0.0
LOAN010193,CUST05069,277282,EDUCATION LOAN,8.62,36,PAID,0.0
LOAN007004,CUST04599,1077972,Business Loan,11.7,240,,0.0
LOAN005333,CUST03839,2655740,,8.66,24,Active,Unknown
LOAN011227,CUST02643,420297,Personal,13.26,12,Ongoing,0.0
LOAN005535,CUST05735,867811,car loan,8.87,60,Closed, 
LOAN002042,CUST00090,495885, ,13.88,24,active,0.0
LOAN011558,CUST05328,816872,CAR LOAN,10.31,240,Open,0.0
LOAN009827,CUST03222,4606189,Mortgage,9.67,240,Active,0.0
LOAN011377,CUST02933,480451,SME Loan,11.13,60,active, 
LOAN010589,CUST01901,2716158,Business Loan,11.43,Unknown,Paid Off,0.0
LOAN006000,CUST04270,590757,Education Loan,10.33,180,Fully Paid,0.0
LOAN005718,CUST05328,518697,HOME LOAN,9.29,180,ACTIVE,0.0
LOAN009161,CUST02173,270443,personal loan,12.51,24,Ongoing,0.0
LOAN001241,CUST02643,nan,Student Loan,9.55,60,ONGOING,0.0
LOAN005092,CUST01281,Unknown,Housing Loan,8.95,12,Ongoing,0.05
LOAN009102,CUST04270,335390, ,12.76, ,ACTIVE,0.0
LOAN010210,nan,1363872,Car Loan,10.14,180,Fully Paid,0.0
LOAN007281,CUST02643,1372602,Vehicle Loan,11.01,12,Current,N/A
LOAN001287,CUST05069,541176,Vehicle Loan,9.15,12,Current,0.01
LOAN003189,CUST03824,1825015,home loan,9.92,36,Paid,0.01
LOAN004096,CUST00709,1068566,Mortgage,8.47,12,Active,0.01
LOAN009920,CUST02933,258064,PERSONAL LOAN,12.1,12,Ongoing,0.0
LOAN005161,CUST01500,288398,PERSONAL LOAN,11.63,120,Current,0.0
LOAN009480,CUST00247,3480365,HOME LOAN,8.95,12,Current,0.03
LOAN003712,CUST03839,104154,PL,14.02,60,Fully Paid,0.0
LOAN005863,CUST03280,1693375,Business Loan,12.21,84,Active,0.0
LOAN005678,CUST01901,278084,Personal Loan,12.57,180,PAID,0.0
LOAN004748,CUST03839,135391,Unknown,12.73,36,Ongoing,0.0
LOAN003095,CUST00247,226198,PL,14.0,24,paid,0.0
LOAN011714,CUST02933,481582,NULL,13.24,84,Active,0.0
LOAN002061,CUST05707,548778,BUSINESS LOAN,13.04,240,CLOSED,0.0
LOAN010734,CUST02950,682934,education loan,8.82,60,Fully Paid,0.0
LOAN010901,CUST00090,1378939,Auto Loan,10.75,36,#N/A,NULL
LOAN011888,CUST05436,453246,Personal Loan,12.85,60,CLOSED,0.0
LOAN009863,CUST02173,1973484,Business Loan,12.48,60,Ongoing,0.0
LOAN008770,CUST05823,143564,Personal,14.48,NULL,Open,0.0
LOAN000756,CUST04599,407755,Vehicle Loan,8.93,180,Open,0.0
LOAN004195,CUST02643,304178,SME Loan,12.67,24,CLOSED,0.0
LOAN008803,CUST01901,"₹306,166",PL,12.31,60,Fully Paid,0.0
LOAN008220,CUST00843,2509755,business loan,11.5,60,Closed,0.01
LOAN003137,CUST05069,2998171,Home Loan,8.37,nan,Unknown,0.0
LOAN009410,CUST05436,1265104,Auto Loan,9.44,12,Ongoing,0.01
LOAN000398,CUST04599,1783949,Mortgage,7.06,12,Ongoing,0.02
LOAN008231,CUST04628,N/A,Housing Loan,8.65,180,Fully Paid,0.0
LOAN011428,CUST04270,185369,PERSONAL LOAN,14.29,180,active,N/A
LOAN004111,CUST01500,833686,Mortgage,6.98,24,Ongoing,0.0
LOAN008891,CUST03189,66601,PL,12.49,60,Open,0.0
LOAN003207,CUST03571,2934359,Home Loan,8.49,48,Current,0.01
LOAN004449,CUST00197,162360,PL,12.61,240,Closed,0.12
LOAN003682,CUST05347,841881,business loan,12.47,24,CLOSED,0.0
LOAN001725,CUST00015,355464,personal loan,20.9,60,Defaulted,0.0
LOAN001332,CUST05328,135291,PL,12.79,36,CLOSED,0.0
LOAN008869,CUST03824,101988,PL,14.64,36,Fully Paid,0.0
LOAN003395,CUST01408,2932254,Business Loan,12.77,84,Default,0.99
LOAN001752,CUST05823,460211,PL,14.58,36,Closed,0.0
LOAN008029,CUST02933,922929,CAR LOAN,9.1,240,ACTIVE,0.0
LOAN008712,CUST00552,443283,Personal Loan,13.77,240,Closed,0.0
LOAN003206,CUST00843, ,PL,12.23,36,ongoing,0.0
LOAN006172,CUST01143,225406,Personal Loan,14.27,36,Paid,0.96
LOAN009462,CUST05328,133006,Personal Loan,14.72,240,Active,0.0
LOAN004572,CUST04270,256328,PERSONAL LOAN,14.21,12,#N/A,0.0
LOAN007344,CUST05328,2411872,BUSINESS LOAN,11.96,180,ongoing,0.0
LOAN005999,CUST01483,743414,Car Loan,10.56,180,nan,0.17
LOAN000298,CUST03189,1015168,CAR LOAN,10.07,36,Ongoing,0.0
LOAN006299,CUST01546,511288,Edu Loan,10.06,120,Defaulted,0.99
LOAN007420,CUST00709,146860,personal loan,13.4,24,Current,0.0
LOAN009222,CUST04084,2568071,SME Loan,14.25,84,Paid,0.0
LOAN003325,CUST01901,854694,NULL,9.55,180,Fully Paid,0.0
LOAN010296,CUST01901,783829,Car Loan,8.49,48,Open,0.0
LOAN005835,CUST03839,939140,home loan,7.89,36,Ongoing,NULL
LOAN011543,CUST01299,212616,car loan,10.54,48,Paid,0.76
LOAN011336,CUST03562,"₹817,220",HOME LOAN,9.94,12,Current,2.5
LOAN010727,CUST01281,2268420,home loan,9.6,180,ACTIVE,0.0
LOAN001433,CUST00903,832242,Mortgage,8.41,24,Fully Paid,0.99
LOAN008014,CUST04472,2909589,HOME LOAN,8.11,60,Open,NULL
LOAN003335,CUST03679,"₹480,512",personal loan,12.74,180,default,0.24
LOAN004280,CUST03189,883666,Car Loan,9.2,48,Paid Off,0.0
LOAN004468,CUST03562,1428123,Car Loan,11.24,240,PAID,nan
LOAN005871,CUST04599,492317,PERSONAL LOAN,13.05,120,Open,0.0
LOAN001863,CUST04827,207993,Personal,12.44,240,Current,0.0
LOAN010830,CUST04270,1166894,Auto Loan,10.93,84,Current,0.0
LOAN009448,CUST00090,387392,Auto Loan,11.56,12,Current,0.0
LOAN011693,CUST03571,550084,education loan,10.99,12,Current,0.01
LOAN006505,CUST03189,2707908,home loan,8.97,48,Active,0.01
LOAN000515,CUST04628,855231,HOME LOAN,9.81,120,ACTIVE,0.0
LOAN009457,CUST05347,1290202,Auto Loan,12.23,84,Ongoing,0.0
LOAN002068,CUST05598,"₹4,648,011",Housing Loan,9.44,60,Defaulted,0.99
LOAN001334,CUST01140,274296,CAR LOAN,9.23,120,paid, 
LOAN007910,CUST05735,"₹2,069,929",BUSINESS LOAN,12.47,24,Open,0.01
LOAN000557,CUST00369,-1000,Home Loan,7.31,240,PAID,0.99
LOAN002833,CUST04270,62837,Personal,13.02,12,PAID,0.0
LOAN003859,CUST00207,4530560,HOME LOAN,7.41,84,Charged Off,0.99
LOAN008416,CUST00722,425708,Personal Loan,12.4,180,paid,0.25
LOAN004953,CUST02173,244517,Student Loan,8.77,12,Open,0.0
LOAN011676,CUST02173,"₹2,442,481",Business Loan,11.78,36,Paid Off,0.01
LOAN011169,CUST00090,718191,Vehicle Loan,11.63,120,CLOSED,0.0
LOAN009535,CUST04084,724002,HOME LOAN,10.83,84,Paid,0.0
LOAN005405,CUST00247,261559,Personal Loan,12.82,240,Fully Paid,0.0
LOAN001561,CUST00247,"287,492",#N/A,14.4,60,Fully Paid,0.0
LOAN008921,CUST00541,63738,personal loan,14.4,24,default,0.53
LOAN004730,CUST00709,999999999,business loan,12.3,180,Closed,0.0
LOAN000131,CUST03677,3238153,Mortgage,7.37,48,Unknown,0.01
LOAN002493,CUST00709,664471,Education Loan,9.44,60,ongoing,0.0
LOAN001642,CUST02933,0,SME Loan,12.85,84,Active,0.0
LOAN008020,CUST03839,1224248,Vehicle Loan,9.25,36,active,0.0
LOAN002453,CUST00709,355499,PERSONAL LOAN,13.1,12,paid,0.0
LOAN003225,CUST03824,774694,CAR LOAN,11.07,60,Ongoing,0.0
LOAN006073,CUST05347,3007394,Home Loan,10.69,48,Paid Off,0.01
LOAN003973,CUST02733,342293,N/A,13.96,120,DEFAULT,0.54
LOAN010510,CUST05823,213892,personal loan,13.65,NULL,Paid,0.0
LOAN011042,CUST02950,2966762,Housing Loan,9.35,12,Open,0.03
LOAN002476,CUST05735,1497972,car loan,8.91,84,Current,0.0
LOAN005682,CUST05405,2576054,Housing Loan,6.84,36,PAID,0.99
LOAN009158,CUST00587,210535,personal loan,13.94,240,Active,0.0
LOAN000245,CUST05707,2912538,HOME LOAN,8.98,24,Current,0.01
LOAN011628,CUST04736,"575,378",Education Loan,9.51,-12,Paid,0.99
LOAN000400,CUST03222,1342107,business loan,12.68,60,CLOSED,0.0
LOAN009206,CUST00015,234870,Personal Loan,21.71,180,default,0.0
LOAN011489,CUST03189,145401,personal loan,13.05,48,ongoing,0.0
LOAN001782,CUST04270,3836388,nan,8.16,36,Fully Paid,0.01
LOAN009155,CUST00709,4869079,Housing Loan,9.77, ,Closed,0.02
LOAN007077,CUST05735,251292,Personal,13.13,84,ONGOING,0.0
LOAN007774,CUST04270,183846,PL,12.9,60,Paid Off,0.0
LOAN006980,CUST02643,1043696,Mortgage,9.6,36,Open,0.0
LOAN002676,Unknown,0,Unknown,9.94,24,Fully Paid,0.01
LOAN009050,CUST02893,489740,Student Loan,9.61,36,CHARGED OFF,0.99
LOAN011924,CUST00247,490892,education loan,9.39,48,Ongoing,0.0
LOAN004020,CUST04769,482042,Personal,12.26,120,Defaulted,0.35
LOAN010385,CUST04841,767833,Car Loan,9.69,240,Closed,0.29
LOAN010360,CUST03189,490495,education loan, ,60,active,0.0
LOAN000871,CUST05069,665331,education loan,N/A,120,Open,0.0
LOAN004766,CUST05069,2918923,SME Loan,10.89,48,ACTIVE,0.01
LOAN002180,CUST02950,1153867,Biz Loan,12.94,240,ONGOING,0.0
LOAN008444,CUST04827,3603929,HOME LOAN, ,180,Open,0.0
LOAN010011,CUST03222,262532,education loan,9.74,180,ONGOING,nan
LOAN004998,CUST03189,698288,Vehicle Loan,9.14,48,ONGOING,0.0
LOAN007223,CUST04827,253931,BUSINESS LOAN,,240,ongoing,0.0
LOAN008135,CUST03677,nan,Personal,12.7,180,NULL,0.0
LOAN007506,CUST05735,3177627,,8.78,240,ongoing,0.0
LOAN000789,CUST03571,103634,PERSONAL LOAN,13.54,180,ONGOING,0.0
LOAN000671,CUST04628,461009,PERSONAL LOAN,13.42,36,Open,0.0
LOAN003260,CUST02933,382271,PL,13.36,24,active,0.0
LOAN009965,CUST04599,300710,education loan,7.85,36,ACTIVE,0.0
LOAN004081,CUST00090,2407770,BUSINESS LOAN,12.41,12,PAID,0.02
LOAN000360,CUST04628,N/A,PERSONAL LOAN,14.45,84,CLOSED,0.0
LOAN005829,CUST05735,749964,CAR LOAN,9.73,120,CLOSED,0.0
LOAN000222,CUST04270, ,PL,13.38,48,Ongoing,0.0
LOAN006530,CUST02173,476387,PL,13.66,240,Active,0.0
LOAN002155,CUST00843,4820097,HOME LOAN,8.0,36,Ongoing,0.02
LOAN011574,CUST04827,345233,PL,13.14,12,ACTIVE,0.0
LOAN008330,CUST04270,396053,PERSONAL LOAN,14.33,240,Default,0.0
LOAN010142,CUST03571,354354,EDUCATION LOAN,10.65,36,paid,0.0
LOAN003678,CUST00090,812781,Auto Loan,11.34,24,#N/A,0.0
LOAN000522,CUST01025,1313450,CAR LOAN,,-12,Open,0.0
LOAN004505,CUST03839,NULL,CAR LOAN,9.9,36,Bad Debt,0.0
LOAN011065,CUST03280,145082,Personal Loan,14.73,12,CLOSED,0.0
LOAN009643,CUST03222,257984,Car Loan,11.22,84,Fully Paid,0.0
LOAN005621,nan,#N/A,BUSINESS LOAN,13.07,180,Paid Off,0.0
LOAN008643,CUST03280,320979,Personal,13.38,-12,active,0.0
LOAN009490,CUST00709,#N/A,Business Loan,12.64,0,PAID,0.01
LOAN000935,CUST04084,413669,PL,15.21,12,Fully Paid,0.0
LOAN004333,CUST03571,2915490,Housing Loan,8.87,84,Ongoing,0.0
LOAN004312,CUST00843,438300,PERSONAL LOAN,11.71,240,CLOSED,0.0
LOAN001217,CUST03862,747256,Student Loan,7.86,nan,Ongoing,0.99
LOAN005015,CUST05823,3003141,HOME LOAN,9.35,120,paid,0.0
LOAN001190,CUST01893,1340732,Auto Loan,10.51,84,Fully Paid,0.99
LOAN007778,CUST04084,939990,HOME LOAN,10.24,120,Paid,0.0
LOAN010096,CUST05823,Unknown,PERSONAL LOAN,13.61,240,ongoing,99
LOAN001479,CUST05269,3061819,HOME LOAN,11.57,48,paid,0.99
LOAN007237,CUST03222,718680,car loan,10.1,24,Bad Debt,0.0
LOAN011012,CUST03280,679161,Biz Loan,12.3,48,Fully Paid,0.0
LOAN001186,CUST00090,217440,personal loan,13.79,36,active,0.0
LOAN008563,CUST03839,1219491,SME Loan,11.97,48,ACTIVE,0.0
LOAN002566,CUST05313,1846775,Business Loan,12.45,240,Bad Debt,0.99
LOAN002801,CUST02340,4262549,Home Loan,9.53,120,Default,0.99
LOAN005988,CUST03562,#N/A,business loan,13.12,180,,0.0
LOAN006840,CUST01507,448744,EDUCATION LOAN,9.55,240,Open,0.1
LOAN009171,CUST03562,77990,personal loan,14.47,NULL,Current,0.0
LOAN007254,CUST05328,1113140,Mortgage,8.69,24,Fully Paid,0.01
LOAN010761,CUST05823,1002654,SME Loan,13.62,36,Current,0.0
LOAN007242,CUST05707,369265,,13.54,180,Open,0.0
LOAN002742,CUST04827,194902,Student Loan,9.97,60,ACTIVE,0.0
LOAN004294,CUST00247,387139,PL,12.74,120,Closed,0.0
LOAN010471,CUST02173,1649603,Housing Loan,8.57,60,Active,0.0
LOAN000836,CUST05347,1549144,Home Loan,9.72,180,CLOSED,0.0
LOAN008268,CUST02199,485278,Car Loan,9.19,180,active,0.36
LOAN000069,CUST01901,296438,PL,12.1,48,#N/A,Unknown
LOAN007439,CUST00587,430706,PL,13.73,60,Paid Off,0.0
LOAN003188,CUST00709,"₹431,871",CAR LOAN,11.04,84,paid,0.0
LOAN000892,CUST00247,522476,BUSINESS LOAN,11.67,60,Open,0.0
LOAN011157,CUST02950,1154658,Auto Loan,10.13,180,Defaulted,
LOAN006883,CUST01500,290404,Personal,11.98,120,nan,0.0
LOAN011931,CUST03839,453097,BUSINESS LOAN,12.84,240,Ongoing,0.0
LOAN004666,CUST00620,261340,SME Loan,12.66,12,Fully Paid,0.99
LOAN002859,CUST05069,73984,PERSONAL LOAN,12.65,180,ONGOING,0.0
LOAN006511,CUST04827,1342542,Auto Loan,9.77,180,ongoing,0.0
LOAN004804,CUST04599,1459528,Biz Loan,11.44,24,ongoing,0.01
LOAN003667,CUST01281,437306,Student Loan,9.57,84,Closed,0.0
LOAN000365,CUST00843,604891,Car Loan,10.26,84,Ongoing,0.0
LOAN008764,CUST05707,"₹4,280,306",home loan,10.72,240,paid,0.0
LOAN002396,CUST04628,3846795,Home Loan,9.73,180,Current,0.0
LOAN005491,CUST05436,1927249,Mortgage,7.64,36,paid,0.01
LOAN001879,CUST05347,200920,Car Loan,11.5,12,Active,0.0
LOAN004235,CUST05823,825333,car loan,11.88,24,Paid Off,0.0
LOAN006105,CUST01500,1274570,Mortgage,NULL,60,#N/A,0.0
LOAN004767,CUST03824,339558,PL,14.7,180,Active,0.0
LOAN005091,CUST04084,1416456,Auto Loan,10.72,24,paid,0.01
LOAN001031,CUST05328,2104038,SME Loan,12.92,180,Open,0.0
LOAN005038,CUST05347,1227761,Auto Loan,Unknown,240,Paid Off,2.5
LOAN009150,CUST03571,686849,car loan,11.06,240,ONGOING,0.0
LOAN011745,CUST02950,916119,Auto Loan,9.72,48,Ongoing,0.0
LOAN009338,CUST04827,457575,Personal,12.46,60,Closed,0.0
LOAN002443,CUST00552,1208867,CAR LOAN,10.28,120,ONGOING,0.0
LOAN010805,CUST03824,223595,Personal Loan,14.21,84,Paid Off,0.0
LOAN008952,NULL,-1000,car loan,9.33,120,ACTIVE,0.0
LOAN010415,CUST01901,196010,PERSONAL LOAN,11.93,24,Active,0.0
LOAN001411,CUST04084,694623,Vehicle Loan,10.86,36,CLOSED,0.0
LOAN009514,CUST01769,447510,personal loan,12.48,180,Ongoing,0.29
LOAN002392,CUST05707,361390,EDUCATION LOAN,11.19,240,ongoing,99
LOAN005680,CUST03189,476759,business loan,11.47,180,nan,0.0
LOAN004238,CUST01140, ,Education Loan,8.73,#N/A,Open,0.0
LOAN005742,CUST04084,721888,Vehicle Loan,11.61,120,CLOSED,0.0
LOAN001313,CUST00015,4731932,Housing Loan,17.0,48,Bad Debt,99
LOAN004807,N/A,145988,Personal Loan,13.6,240,paid,0.0
LOAN000147,CUST03677,470025,PL,11.87,84,Paid,0.0
LOAN008385,CUST03280,2305256,business loan,13.49,240,Active,0.0
LOAN004658,CUST04270,469150,Edu Loan,9.78,24,Paid,0.0
LOAN010530,CUST00709,891204,business loan,13.15,48,Fully Paid,0.0
LOAN008575,Unknown,2869045,Home Loan,16.14,60,default,0.01
LOAN001555,CUST00015,838858,Car Loan,18.03,240,CLOSED,0.0
LOAN008989,CUST01281,332459,Education Loan,10.89,120,Charged Off,0.0
LOAN004560,CUST04084,1341330,Vehicle Loan,10.7,84,active,0.0
LOAN004048,CUST05347,2005003,SME Loan,13.22,84,Open,0.0
LOAN008515,CUST05735,320837,Edu Loan,8.36,12,Default,0.0
LOAN001673,CUST00090,0,car loan,11.28,60,Open,N/A
LOAN011657,CUST03824,841231,CAR LOAN,10.79,60,Active,0.0
LOAN004919,CUST05069,360129,Personal,11.68,120,Closed,0.0
LOAN008173,CUST03189,215801,PERSONAL LOAN,11.91,12,Closed,0.0
LOAN009439,CUST04104,224743,Personal,75,48,CLOSED,0.99
LOAN008965,CUST03189,177867,Personal Loan,12.7,12,Fully Paid,0.0
LOAN004656,CUST04850,520532,HOME LOAN,10.8,60,default,0.47
LOAN002928,CUST00843,3324539,Home Loan,8.59,24,nan,0.02
LOAN002459,CUST00090,951241,car loan,9.97,84,ONGOING,0.0
LOAN004583,CUST05069,441518,Personal,11.38,24,Open,0.0
LOAN000849,CUST00843,1646394,home loan,8.37, ,paid,#N/A
LOAN005146,CUST03562,4579382,NULL,9.61,180,Current, 
LOAN000481,CUST04628,2587668,BUSINESS LOAN,12.6,60,Active,0.01
LOAN009666,CUST01281,427807,Personal,14.34,48,PAID,0.0
LOAN002269,CUST03824,1968129,home loan,9.67,180,Closed,0.0
LOAN007290,CUST02933,4403889,home loan,8.84,120,Current,0.0
LOAN000659,CUST03562,251306,Personal Loan,13.81,36,ongoing,0.0
LOAN006497,CUST02643,162385,Personal Loan,#N/A,60,ACTIVE,#N/A
LOAN010067,CUST00587,3130945,home loan,8.58,84,CHARGED OFF,0.0
LOAN009396,CUST03280,403269,car loan,10.77,84,ongoing,0.0
LOAN008003,CUST01281,N/A,personal loan,14.61,120,ACTIVE,0.0
LOAN002823,CUST00247,74566,PL,13.99,36,Paid,0.0
LOAN003135,CUST03189,2380949,Mortgage,8.44,60,Active,99
LOAN004455,CUST01140,"₹421,727",Personal,12.37,84,paid,0.0
LOAN011292,CUST00843,554865,BUSINESS LOAN,12.04,180,Current,0.0
LOAN000228,CUST00552,1827859,Biz Loan,12.82,60,Current,0.0
LOAN009516,CUST04628,451064,PL,14.39,180,Active,0.0
LOAN006485,CUST01281,50244,Unknown,13.81,240,PAID,0.0
LOAN005929,CUST00015,197843,Personal,21.54,60,Default,0.0
LOAN009279,CUST01500,0,Personal,12.24,120,Open,0.0
LOAN005968,CUST03839,269710,Personal,13.98,48,PAID,NULL
LOAN009966,CUST00247,"₹485,599",Personal Loan,12.59,180,ACTIVE,0.0
LOAN010981,CUST05379,207200,Personal Loan,14.01,24,DEFAULT,0.99
LOAN008996,CUST04827,3096612,Home Loan,8.75,120,Paid,0.0
LOAN006340,CUST00226,361540,Personal Loan,13.52,180,Paid Off,0.38
LOAN003143,CUST00843,#N/A,Personal,NULL,120,CLOSED,0.0
LOAN009427,CUST05328,2598826,HOME LOAN,10.04,12,Closed,0.03
LOAN005674,CUST01051,N/A,home loan,8.89,240,paid,N/A
LOAN008310,CUST04270,669611,Auto Loan,10.22,60,Active,0.0
LOAN007143,CUST02950,410099,Auto Loan,9.26,48,ACTIVE,0.0
LOAN002482,CUST03671,1734741,Business Loan,11.45,24,Paid,0.99
LOAN005686,CUST00709,1005960,Business Loan,12.25,24,active,0.01
LOAN011760,CUST01901,3875263,Housing Loan,7.4,24,Closed,0.02
LOAN010376,CUST01901,1079175,CAR LOAN,8.74,240,CLOSED,0.0
LOAN002857,CUST03249,292401,Education Loan,12.22,24,Paid,0.99
LOAN003030,CUST04628,#N/A,CAR LOAN,11.43,60,PAID,0.0
LOAN010931,CUST03677,120131,PERSONAL LOAN,12.52,60,ongoing,0.0
LOAN010989,CUST03280,1462456,Auto Loan,11.93,84,CLOSED,0.0
LOAN009377,CUST00552,208005,personal loan,13.49,48,Active,0.0
LOAN006059,CUST03571,"1,205,867",CAR LOAN,10.68,180,Active,0.0
LOAN009815,CUST03677,320169,nan,11.89,36,NULL,0.0
LOAN001338,CUST05436,2559387,BUSINESS LOAN,nan,60,Open,0.01
LOAN011711,CUST01281,4502032,HOME LOAN,8.44,240,ONGOING,0.0
LOAN006149,CUST04617,2284673,business loan,13.89,120,Paid Off,0.99
LOAN000767,CUST03824,"₹453,788",PL,13.52,180,Current,0.0
LOAN006271,CUST00552,2666457,Biz Loan,13.27,180,paid,0.0
LOAN009850,CUST04684,104013,Personal,13.36,180,Defaulted,0.07
LOAN007248,CUST00247,2113387,SME Loan,11.7,120,paid,#N/A
LOAN009308,CUST05934,1380331,Car Loan,10.12,24,Fully Paid,0.99
LOAN006225,CUST03783,1534724,BUSINESS LOAN,14.32,48,Default,0.99
LOAN009807,CUST00015,1297034,car loan,18.28,60,Ongoing,0.0
LOAN006354,CUST01662,1023369,Auto Loan,11.49,24,Fully Paid,0.99
LOAN006931,CUST03571,338516,personal loan,Unknown,N/A,Open,0.0
LOAN007212,CUST01281,637319,BUSINESS LOAN,12.24,240,Paid Off,0.0
LOAN005019,CUST02643,4022675,Home Loan,9.2,24,Closed,0.02
LOAN000764,CUST02933,"₹2,954,122",BUSINESS LOAN,11.78,48,Paid Off,0.01
LOAN003688,CUST02643,452315,N/A,12.74,600,ACTIVE,0.0
LOAN001277,CUST00090,3769704,Housing Loan,9.35,36,PAID,0.01
LOAN000717,CUST02950,772281,CAR LOAN,9.77,240,paid,0.0
LOAN003385,CUST00587,2469348,Housing Loan,8.42,36,Open,0.01
LOAN003909,CUST01140,-1000,Business Loan,11.23,48,ONGOING,0.0
LOAN010475,CUST05347,786873,Vehicle Loan,10.51,24,PAID,0.0
LOAN004584,CUST03571,467065,Personal,13.68,36,PAID,0.0
LOAN004587,CUST03571,"1,484,366",CAR LOAN,11.57,Unknown,Fully Paid,2.5
LOAN005702,CUST00843,495694,SME Loan,11.35,180,Charged Off,0.0
LOAN011329,CUST01901,967589,business loan,11.52,12,paid,0.01
LOAN007553,CUST03189,1903552,Housing Loan,7.6,180,ongoing,0.0
LOAN010969,CUST01025,,HOME LOAN,8.02,84,CLOSED,0.0
LOAN002275,CUST04526,1730779,Mortgage,8.38,60,Fully Paid,0.99
LOAN007147,CUST05707,4811015,HOME LOAN,9.74,12,paid,0.05
LOAN005141,CUST03824,462578,Personal Loan,14.39,180,Ongoing,0.0
LOAN001296,CUST03189,844585,Auto Loan,N/A,180,ongoing,0.0
LOAN003824,CUST00843,131905,Personal Loan,12.48,84,PAID,0.0
LOAN009434,CUST01281,343555,EDUCATION LOAN,10.09,60,Paid Off,0.0
LOAN005113,CUST00015,654686,Biz Loan,19.51,240,Ongoing,0.0
LOAN004817,CUST02933,4317642,home loan,9.44,60,Paid,0.01
LOAN004207,CUST03571,3214546,Home Loan,9.62,36,Open,0.01
LOAN009720,CUST02643,2207176,SME Loan,11.79,600,paid,0.0
LOAN009119,CUST04270,250865,#N/A,11.19,24,Ongoing,0.0
LOAN007567,CUST03562,2193794,HOME LOAN,10.97,180,Fully Paid,0.0
LOAN008495,CUST00173,830883,Auto Loan,9.3,36,Paid,0.99
LOAN011081,CUST00947,"₹3,564,807",Mortgage,8.56,240,CLOSED,0.99
LOAN002661,CUST01281,4906108,Mortgage,8.76,24,Fully Paid,0.02
LOAN003018,CUST02173,589048,Vehicle Loan,9.36,36,Active,0.0
LOAN000779,CUST04628,88617,PERSONAL LOAN,12.79,36,ONGOING,0.0
LOAN001793,CUST02643,371048,PERSONAL LOAN,12.24,84,CLOSED,
LOAN002032,CUST03280,1064687,car loan,10.83,48,Ongoing,0.0
LOAN008072,CUST03839,"₹1,207,857",SME Loan,11.65,240,Paid Off,0.0
LOAN005123,CUST03839,488336,NULL,13.09,120,Paid Off,0.0
LOAN006089,CUST04270,122979,PL,13.7,24,PAID,0.0
LOAN010883,CUST03824,617308,Vehicle Loan,10.95,240,ongoing,0.0
LOAN006699,CUST01140,2409926,Housing Loan,7.6,120,N/A,
LOAN011496,CUST02933,578541,Edu Loan,NULL,24,Open,nan
LOAN001095,CUST00709,481391,Personal,12.88,84,ongoing,0.0
LOAN002749,CUST00247,NULL,Student Loan,9.28,24,Closed,0.0
LOAN006113, ,,Car Loan,9.88,48,Fully Paid,0.0
LOAN010361,CUST00552,231652,PL,13.41,120,ongoing,0.0
LOAN008767,CUST00843,1395487,Biz Loan,11.02,84,Active,0.0
LOAN000850,CUST03677,57391,PL,#N/A,12,Current,0.0
LOAN011980,CUST03189,1395266,car loan,8.58,180,PAID,0.0
LOAN010252,CUST03571,526732,Education Loan,11.05,180,Open,0.0
LOAN006854,CUST02933,1099183,car loan,9.72,24,ACTIVE,
LOAN010492,CUST03571,666718,Student Loan,10.73,48,CLOSED,0.0
LOAN008164,CUST01901,603501,business loan,10.64,240,paid,0.0
LOAN008995,CUST03839,570035,Education Loan,9.62,36,ongoing,0.0
LOAN009370,CUST05328,271770,PL,14.71,24,CLOSED,0.0
LOAN007376,CUST05707,1211401,CAR LOAN,11.42,240,active,0.0
LOAN008085,CUST05823,264481,nan,14.38,24,ongoing,0.0
LOAN008552,CUST01545,1038464,Vehicle Loan,9.84,36,default,0.99
LOAN007784,CUST04084,469440,Personal Loan,14.96,12,CLOSED,0.0
LOAN005424,CUST05069,1250458,Vehicle Loan,8.99,24,active,0.01
LOAN009908,CUST03562,"319,529",Edu Loan,11.69,48,DEFAULT,0.0
LOAN009572,CUST00247,2877652,Housing Loan,8.75,12,ongoing,0.03
LOAN003802,CUST05707,250364,Personal,14.56,36,active,Unknown
LOAN000373,CUST03677,310379,EDUCATION LOAN,8.26,84,Closed,99
LOAN000496,CUST01025,352683,PL,13.1,24,PAID,#N/A
LOAN006578,CUST04827,1213425,CAR LOAN,9.87,24,active,0.01
LOAN010771,CUST05069,1299234,car loan,9.38,48,Fully Paid,0.0
LOAN009887,CUST00552,1987508,HOME LOAN,9.23,12,Paid,0.02
LOAN008287,CUST01901,575237,Mortgage,8.74,24,Closed,0.0
LOAN004228,CUST04628,672722,Student Loan,9.53,60,Paid Off,0.0
LOAN004484,CUST05707,4159949,HOME LOAN,10.59,36,Fully Paid,0.01
LOAN011982,CUST03562,525166,HOME LOAN,10.71,24,Paid,0.0
LOAN007825,CUST04599,2923304,Biz Loan,10.92,48,Current,0.01
LOAN003777,CUST04628,228632,Personal,14.2,120,ongoing,0.0
LOAN008899,CUST03280,1015170,Vehicle Loan,10.86,48,Paid Off,0.0
LOAN003860,CUST04084,88912,PL,13.83,24,Current,0.0
LOAN000125,CUST00090,1214006,car loan,0,48,Fully Paid,0.0
LOAN001042,CUST01140,281277,Personal Loan,12.53,24,ACTIVE,0.0
LOAN006595,CUST05735,423603,personal loan,13.16,48,Open,0.0
LOAN002687,CUST05298,219549,PERSONAL LOAN,14.37,12,paid,0.99
LOAN009639,CUST03571,134231,Personal Loan,12.78,24,CLOSED,0.0
LOAN003527,CUST05735,591700,business loan,11.85,180,Current,0.0
LOAN001431,CUST05347,3402580,Mortgage,8.97,12,PAID,0.03
LOAN011366,CUST04827,159427,PL,13.77,24,Ongoing,0.0
LOAN011827,CUST01025,"₹2,323,732",Home Loan,8.83,120,ongoing,0.0
LOAN002720,CUST00709,157111,Personal,13.82,24,ongoing,0.0
LOAN009567,CUST01025,2242554,Home Loan,8.25,60,Ongoing,0.0
LOAN009645,CUST00090,1107954,CAR LOAN,10.72,180,ongoing,0.0
LOAN009322,CUST04628,667725,Housing Loan,9.29,24,active,0.0
LOAN003231,CUST02643,673936,Vehicle Loan,9.6,84,Active,0.0
LOAN010338,CUST00015,476744,personal loan,21.78,N/A,Closed,0.0
LOAN009800,CUST03824,2717504,SME Loan,N/A,12,PAID,0.03
LOAN003914,CUST05707,319348,CAR LOAN,10.49,180,Defaulted,0.0
LOAN006819,CUST01500,718741,education loan,N/A,120,paid,0.0
LOAN010865,CUST05631,3546411,Home Loan,9.8,180,Defaulted,0.99
LOAN000687,CUST03677,62252,PERSONAL LOAN,12.34,24,Fully Paid,0.0
LOAN001467,nan,2171865,home loan,16.65,N/A,Paid Off,0.0
LOAN005089,CUST05735,493303,personal loan,12.44,120,Paid,0.0
LOAN001844,CUST03571,"₹325,711",Personal,14.41,180,Active,N/A
LOAN000657,CUST03280,637958,Edu Loan,10.57,-12,active,0.0
LOAN004695,CUST02643,314797,PERSONAL LOAN,13.61,36,Paid,0.0
LOAN011078,CUST05328,457396,PERSONAL LOAN,14.02,NULL,ongoing,0.0
LOAN004490,CUST03839,1048807,Home Loan,7.74,180,Ongoing,0.0
LOAN011694,CUST03222,1419358,CAR LOAN,10.92,120,paid,0.0
LOAN009131,CUST05328,3929929,Housing Loan,9.73,24,CLOSED,0.02
LOAN006909,CUST00709,2670253,home loan,9.21,24,ongoing,#N/A
LOAN007921,CUST02643,893543,Business Loan,13.22,60,ongoing,N/A
LOAN008081,CUST04084,"853,092",car loan,10.92,240,Ongoing,0.0
LOAN009677,CUST02643,2835559,Mortgage,8.28,180,Open,0.0
LOAN011091,CUST03189,2899497,business loan,10.57,240,ACTIVE,0.0
LOAN003705,CUST03222,3422683,Home Loan,9.08,12,Current,0.03
LOAN005192,CUST00015,240500,business loan,19.77,48,N/A,0.0
LOAN001976,CUST04084,139357,Education Loan,11.71,84,Paid Off,0.0
LOAN006893,CUST00015,597839,Student Loan,17.47,24,Defaulted,0.0
LOAN000591,CUST01025,1771390,SME Loan,12.75,12,Active,0.02
LOAN005868,CUST05347,3752484,Housing Loan,9.61,84,CLOSED,0.01
LOAN003748,CUST00247,333430,EDUCATION LOAN,9.72,120,Open,0.0
LOAN005584,CUST03562,1373669,Vehicle Loan,11.51,120,Open,99
LOAN001707,CUST05826,999999999,home loan,10.0,84,ACTIVE,0.99
LOAN003468,CUST03677,1188684,#N/A,10.67,180,Fully Paid,0.0
LOAN004462,CUST00587,286988,personal loan,13.07,120,active,0.0
LOAN005906,CUST01986,716889,CAR LOAN,10.06,60,default,0.97
LOAN010533,CUST00074,638830,car loan,10.47,48,Charged Off,0.99
LOAN003912,CUST01140,2846274,home loan,8.31,240,ongoing,N/A
LOAN006068,CUST00587,1468160,Auto Loan,10.76,120,active,0.0
LOAN009035,CUST00015,2430436,Housing Loan,17.48,24,CLOSED,0.01
LOAN001667,CUST00709,74878,Personal Loan,13.32,84,Ongoing,0.0
LOAN011220,CUST01140,1406437,BUSINESS LOAN,11.84,120,Ongoing,0.0
LOAN005164,CUST05735,144856,Student Loan,9.34,60,Current,0.0
LOAN007542,CUST02933,452422,Auto Loan,10.05,180,ACTIVE,0.0
LOAN002027,CUST05735,801081,business loan,11.29,120,Paid Off,0.0
LOAN008451,CUST02950,1435293,car loan,10.08,36,ONGOING,0.0
LOAN011392,CUST05347,1030695,CAR LOAN,10.32,84,Current,0.0
LOAN008184,CUST01140,2776286,HOME LOAN,8.23,180,Open,0.0
LOAN006975,CUST00552,494669,personal loan,nan,12,#N/A,0.0
LOAN007000,CUST00247,1982011,Mortgage,8.78,240,Paid,0.0
LOAN002794,CUST00247,412838,PERSONAL LOAN,13.12,120,Current,0.0
LOAN001655,CUST03677,267552,education loan,nan,48,Ongoing,0.0
LOAN011544,CUST01281,380736,personal loan,13.65,36,Closed,0.0
LOAN000723,CUST01025,930402,Biz Loan,11.39,24,default,0.0
LOAN001201,CUST05823,328120,EDUCATION LOAN,11.37,24,Default,0.0
LOAN008271,CUST04628,387788,education loan,11.0,84,Ongoing,0.0
LOAN008931,CUST05707,2553926,Biz Loan,12.44,36,ongoing,0.01
LOAN011855,CUST04599,4382301,Mortgage,7.81,120,ONGOING,Unknown
LOAN010141,CUST03222,1983297,business loan,13.44,24,Closed,0.01
LOAN008644,CUST01500,"485,307",Personal,#N/A,60,Active,0.0
LOAN001172,CUST04947,478502,Personal,12.83,240,Active,0.2
LOAN003835,CUST04599,1443837,Housing Loan,8.66,84,active,0.0
LOAN010701,CUST01025,2677053,SME Loan,11.41,36,PAID,0.01
LOAN003275,CUST05823,3376998,Home Loan,10.31,,Open,0.02
LOAN004820,CUST02950,429492,CAR LOAN,10.26,48,CLOSED,0.0
LOAN008680,CUST00090,3197640,home loan,9.66,60,CLOSED,0.01
LOAN009697,CUST04635,50606,personal loan,12.71,36,Paid Off,0.12
LOAN008626,CUST00587,140339,Student Loan,N/A,60,ACTIVE,0.0
LOAN009801,CUST02173,3295537,Mortgage,8.79,84,PAID,0.0
LOAN011879,CUST01500,1471911,home loan,7.8,84,active,0.0
LOAN000135,CUST01901,2699145,Business Loan,11.01,180,Paid,0.0
LOAN005723,CUST01025,688435,HOME LOAN,7.92,36,Fully Paid,0.0
LOAN011937,CUST02781,580599,Biz Loan,12.81,12,Default,0.99
LOAN005748,CUST00552,999999999,Home Loan,9.26,48,Closed,0.01
LOAN005700,CUST01500,408432,Personal,12.0,240,Fully Paid,N/A
LOAN005035,CUST05707,1199541,car loan,11.79,60,DEFAULT,0.0
LOAN007036,CUST03189,198039,personal loan,12.46,12,Closed,0.0
LOAN011920,NULL,866467,Vehicle Loan,11.12,36,Ongoing,0.0
LOAN010544,CUST01901,259144,PL,11.68,240,ONGOING,0.0
LOAN000439,CUST03824,247447,Personal,14.96,84,ongoing,0.0
LOAN011031,CUST05347,2852928,BUSINESS LOAN,,36,ONGOING,0.01
LOAN004377,CUST00015,1558777,Business Loan,20.84,84,Bad Debt,0.0
LOAN011534,CUST02643,N/A,PERSONAL LOAN,12.95,180,Active,NULL
LOAN006999,CUST00090,434435,PERSONAL LOAN,14.05,48,ACTIVE,0.0
LOAN011734,CUST03189,292385,Edu Loan,9.84,12,#N/A,0.0
LOAN003419,CUST01901,3996748,home loan,75,240,nan,0.0
LOAN002657,CUST02173,75492,personal loan,13.8,60,Current,0.0
LOAN008150,CUST01281,1007431,Car Loan,11.31,48,CLOSED,0.0
LOAN009930,CUST04084,713380,EDUCATION LOAN,10.47,120,ONGOING,0.0
LOAN001372,CUST03677,#N/A,personal loan,11.88,240,paid,0.0
LOAN002041,CUST01025,102323,PERSONAL LOAN,12.99,240,Active,0.0
LOAN006517,CUST01140,1113865,Auto Loan,9.34,84,Open,0.0
LOAN000887,NULL,427546,PERSONAL LOAN,12.49,180,Paid,0.0
LOAN011820,CUST04628,453742,personal loan,12.96,12,Fully Paid,0.0
LOAN010934,CUST04270,1204068,BUSINESS LOAN,12.32,48,paid,0.0
LOAN005374,CUST01500,3466671,Housing Loan,6.91,48,ongoing,0.01
LOAN004466,CUST03824,1224146,Unknown,12.93,60,Closed,0.0
LOAN002435,CUST00709,1212971,Vehicle Loan,9.37,84,PAID,0.0
LOAN000537,CUST01901,932272,NULL,9.14, ,active,0.0
LOAN007771,CUST00843,174478,Personal,13.52,12,PAID,0.0
LOAN005927,CUST02933,1362165, ,10.59,180,paid,0.0
LOAN003161,CUST03222,171332,Edu Loan,10.97,120,Ongoing,0.0
LOAN006010,CUST00071,2591482,business loan,12.29,240,Paid Off,0.54
LOAN002262,CUST01500,617095,Biz Loan,10.28,84,active,0.0
LOAN000249,CUST03839,937603,Vehicle Loan,9.84,60,ACTIVE,0.0
LOAN008091,CUST05347,990801,home loan,10.27,60,Paid Off,0.0
LOAN008394,CUST00552,1687870,Business Loan,11.95,12,Current,0.02
LOAN004942,CUST03222,2096854,SME Loan,12.13,48,ONGOING,#N/A
LOAN000612,#N/A,618117,business loan,11.87,120,Paid Off,0.0
LOAN011387,CUST01140,3053538,Mortgage,7.86,180,Fully Paid,0.0
LOAN009832,CUST02933,499859,Personal Loan,13.85,180,Current,N/A
LOAN002111,CUST05436,146237,Personal,13.4,84,ACTIVE,0.0
LOAN010265,CUST05347,"₹97,469",Personal,14.65,60,PAID,0.0
LOAN002516,CUST05707,#N/A,PERSONAL LOAN,14.18,120,Paid Off,0.0
LOAN004457,CUST00552,367909,Vehicle Loan,120,180,Current,0.0
LOAN010298,CUST03562,553871,CAR LOAN,11.78,36,Default,0.0
LOAN009605,CUST05735,2470828,Home Loan,N/A,240,ongoing,0.0
LOAN007213,CUST04421, ,Car Loan,10.5,48,Charged Off,0.71
LOAN007738,CUST03222,1712472,Housing Loan,8.34,180,Active,0.0
LOAN001401,CUST05671,410032,PL,11.59,60,CLOSED,0.8
LOAN008450,CUST00843,2115639,Mortgage,8.12,180,Open,0.0
LOAN010527,CUST00247,577848,Edu Loan,9.59,240,Ongoing,0.0
LOAN000138,CUST01025,147422,PERSONAL LOAN,13.86,180,Current,0.0
LOAN002848,CUST01336,"₹411,250",PL,12.41,180,Open,0.24
LOAN011688,CUST05823,395826,Personal Loan,14.02,48,Closed,Unknown
LOAN010474,CUST05662,207719,PL, ,240,Bad Debt,0.04
LOAN007532,CUST03839,"₹273,392",Student Loan,10.09,180,paid,0.0
LOAN011891,CUST05823,483258,personal loan,0,12,CLOSED,0.0
LOAN010387,CUST02850,4673425,home loan,7.96,48,DEFAULT,0.99
LOAN005244,CUST05436,"550,417",SME Loan,12.29,120,ACTIVE,0.0
LOAN000111,CUST00090,373048,Personal,12.82,0,Open,0.0
LOAN006451,CUST01013,,CAR LOAN,9.93,12,paid,0.99
LOAN008127,CUST04599,290837,car loan,8.37,240,Paid Off,0.0
LOAN001195,CUST00587,197421,Edu Loan,10.36,180,ongoing,0.0
LOAN000970,CUST04956,"150,706",PERSONAL LOAN,-5,12,ongoing,0.99
LOAN009943,CUST04270,1949742,Biz Loan,nan,48,ACTIVE,0.0
LOAN005679,CUST05823,111354,EDUCATION LOAN,11.23,24,Fully Paid,0.0
LOAN010971,CUST01281,1977146,Mortgage,9.69,84,paid,0.0
LOAN002300,CUST02827,999999999,Personal Loan,11.93,180,Paid Off,0.19
LOAN001979,CUST00709,358681,PERSONAL LOAN,14.25,120,Ongoing,0.0
LOAN001597,,377202,PERSONAL LOAN,21.62,240,Paid,0.0
LOAN009621,CUST05735,202553,Education Loan,10.06,24,Ongoing,0.0
LOAN010998,CUST04084,1691127,Housing Loan,10.5,180,DEFAULT,NULL
LOAN010681,CUST00587,3207726,Home Loan,9.4,84,Closed,0.0
LOAN008990,CUST01901,2488563,Biz Loan,11.68,60,PAID,0.0
LOAN003808,CUST00903,217528,Personal,12.71,84,paid,0.37
LOAN006846,CUST02643,801775,Car Loan,11.18,nan,CLOSED,NULL
LOAN002302,CUST03273,1630153,SME Loan,13.61,180,Bad Debt,0.99
LOAN009088,CUST05823,1450014,Auto Loan,10.6,48,CHARGED OFF,0.0
LOAN006430,CUST00280,144950,personal loan,13.21,240,Current,0.08
LOAN005312,CUST00784,"798,159",Auto Loan,11.57,12,CLOSED,0.99
LOAN004657,CUST05907,182946,PERSONAL LOAN,15.55,12,Fully Paid,0.99
LOAN009808,CUST04084,"₹561,960",Car Loan,11.41,36,ONGOING,0.0
LOAN009341,CUST03562,2874124,home loan,11.09,84,Paid,0.0
LOAN003076,CUST05347,1834641,HOME LOAN,,NULL,Ongoing,0.0
LOAN011143,CUST00015,1268506,Auto Loan,17.54,12,paid,0.01
LOAN009245,CUST00843,4715721,Home Loan,7.57,120,PAID,0.0
LOAN010339,CUST03189,2356496,Business Loan,11.55,120,Paid,0.0
LOAN011698,CUST03280,465711,personal loan,14.25,180,Open,0.0
LOAN004416,CUST00843,4238810,Housing Loan,7.05,84,CLOSED,0.01
LOAN007597,CUST05436,,Home Loan,7.22,180,ongoing,0.0
LOAN001422,CUST03839,323536,PERSONAL LOAN,12.48,60,NULL,0.0
LOAN005224,CUST00587,460483,Car Loan,9.9,N/A,active,0.0
LOAN011466,nan,nan,Mortgage,7.64,60,Closed,0.01
LOAN000623,CUST01025,"₹372,668",PERSONAL LOAN,13.82,180,Current,0.0
LOAN004202,CUST00587,498638,Biz Loan,13.19,36,active,0.0
LOAN007040,CUST03280,449849,SME Loan,13.09,36,Paid Off,#N/A
LOAN003676,CUST00090,518005,Car Loan,NULL,180,active,0.0
LOAN006267,CUST04447,,SME Loan,120,180,DEFAULT,0.7
LOAN000574,CUST05823,1405167,BUSINESS LOAN,13.42,48,Closed,0.0
LOAN005618,CUST00446,1589484,BUSINESS LOAN,11.71,24,Fully Paid,0.99
LOAN005483,CUST05436,328949,personal loan,13.05,240,Paid Off,0.0
LOAN001406,CUST00015,732951,home loan,17.03,240,Bad Debt,0.0
LOAN006377,CUST02933,416120,Personal,12.74,180,ACTIVE,0.0
LOAN001003,CUST04827,607954,Auto Loan,10.65,84,PAID,0.0
LOAN009204,CUST04599,817004,BUSINESS LOAN,11.63,12,PAID,0.01
LOAN000065,CUST00552,202947,Personal Loan,12.73,36,Current,0.0
LOAN004248,CUST01253,3477151,home loan,7.65,60,CLOSED,0.99
LOAN011536,CUST00090,411490,PL,13.33,24,Current,0.0
LOAN009940,CUST03222,4921117,HOME LOAN,9.84,48,Active,0.01
LOAN007135,CUST03280,3558839,home loan,8.89,48,PAID,0.01
LOAN004728,CUST03188,984156,Vehicle Loan,12.06,48,Paid Off,0.99
LOAN001989,CUST03280,204444,Vehicle Loan,10.05,36,Open,0.0
LOAN011666,CUST00015,173250,Personal,21.6,60,Paid Off,0.0
LOAN011703,CUST02933,192184,Personal Loan,13.53,36,Bad Debt,0.0
LOAN000529,CUST05069,2720120,HOME LOAN,7.12,180,Fully Paid,0.0
LOAN000741,CUST03571,-1000,car loan,11.08,48,Fully Paid,0.0
LOAN003662,CUST04599,584825,Car Loan,10.06,60,Current,0.0
LOAN001240,CUST04827,1154238,Car Loan,11.2,60,Open,0.0
LOAN009174,CUST03222,92311,PERSONAL LOAN,13.96,180,Closed,0.0
LOAN011818,CUST02933,"₹2,051,936",Business Loan,11.85,48,Fully Paid,0.01
LOAN000180,CUST05436,408462,business loan,11.04,48,Current,0.0
LOAN008137,CUST05735,276307,Edu Loan,9.31,12,,0.0
LOAN011418,CUST04418,279894,PL,13.09,120,Fully Paid,0.22
LOAN006191,CUST04270,83076,PERSONAL LOAN,13.28,240,Ongoing,0.0
LOAN001019,CUST05436,432609,education loan,8.65,240,Paid,0.0
LOAN006433,CUST03839,344794,CAR LOAN,11.12,60,active,-0.5
LOAN002963,CUST05997,1327926,Biz Loan,11.69,12,Fully Paid,0.99
LOAN000137,CUST03839,4682134,home loan,8.2,180,CLOSED,0.0
LOAN006602,CUST03189,436149,Student Loan,8.42,24,CLOSED,0.0
LOAN000527,CUST01901,4186988,Home Loan,8.28,12,Current,0.04
LOAN005008,CUST01655,452434,personal loan,13.09,60,Current,0.75
LOAN007837,CUST04270,2698247,Housing Loan,10.03,36,Paid,N/A
LOAN004702,CUST05735,1486079,Vehicle Loan,10.16,60,ACTIVE,0.0
LOAN011579,CUST01025,83546,Personal,12.54,180,Paid,0.0
LOAN005368,CUST02424,4471000,Home Loan,7.89,180,default,0.99
LOAN006567,CUST03562,883096,Mortgage,Unknown,84,Fully Paid,0.0
LOAN003399,CUST02950,848861,Car Loan, ,120,Ongoing,0.0
LOAN011730,CUST04599,1178647,HOME LOAN,8.66,60,ACTIVE,0.0
LOAN004938,CUST00247,475978,PL,13.63,240,CLOSED,0.0
LOAN002669,CUST02173,964336,Car Loan,11.1,12,Current,0.01
LOAN008781,CUST04599,488516,Unknown,13.14,24,ONGOING,0.0
LOAN000001,CUST04084,4976747,Home Loan,9.54,48,ONGOING,0.01
LOAN000964,CUST00552,653227,Education Loan,10.5,120,CLOSED,0.0
LOAN010014,CUST01140,2416154,SME Loan,11.35,60,CLOSED,0.0
LOAN006955,CUST03222,337831,PL,14.01,60,CLOSED,0.0
LOAN009649,CUST04599,"₹559,792",Business Loan,12.25,84,Open,Unknown
LOAN008474,CUST00843,887735, ,8.95,240,Active,0.0
LOAN002594,NULL,0,Housing Loan,9.34,48,ongoing,99
LOAN004253,CUST05792,219706,PL,12.51,240,active,0.1
LOAN006754,CUST05436,418914,Car Loan,10.2,240,PAID,0.0
LOAN010937,CUST03578,757953,car loan,8.86,120,Fully Paid,0.27
LOAN001779,CUST02643,2004118,Biz Loan,12.84,36,Paid Off,0.01
LOAN003773,CUST00015,473271,Car Loan,17.65,24,Default,0.0
LOAN005990,CUST05823,#N/A,car loan,10.69,180,Fully Paid, 
LOAN002497,CUST03189,1377996,Auto Loan,8.6,84,Paid,0.0
LOAN003989,CUST01901,680396,Biz Loan,11.51,48,Current,0.0
LOAN007006,CUST00843,2689992,business loan,12.34,84,CLOSED,0.0
LOAN007832,CUST00015,278029,PL,21.57,12,Charged Off,0.0
LOAN011509,CUST03280,973212,home loan,8.56,12,Defaulted,0.01
LOAN003729,CUST00090,338382,PL,13.02,84,paid,0.0
LOAN011614,CUST01140,2404867,BUSINESS LOAN,120,180,Current,0.0
LOAN011146,CUST04827,175430,PL,13.44,84,Active,0.0
LOAN006514,CUST00015,170348,Edu Loan,17.93,24,CHARGED OFF,0.0
LOAN008853,CUST01500,239292,Edu Loan,7.86,180,Open,0.0
LOAN004889,CUST05328,"₹226,474",Personal,13.36,240,Paid Off,0.0
LOAN009146,CUST05735,"₹999,999,999",Auto Loan,9.91,180,Closed,0.0
LOAN006661,CUST05735,608848,EDUCATION LOAN,9.4,120,Closed,NULL
LOAN007020,CUST05347,124931,Unknown,14.43,84,PAID,0.0
LOAN007368,CUST00015,"₹1,306,199",SME Loan,19.34,84,Fully Paid,0.0
LOAN009913,CUST00709,2575862,Housing Loan, ,60,PAID,0.01
LOAN011950,CUST00709,2528146,BUSINESS LOAN,12.52,84,Active,0.0
LOAN006592,CUST03562,4639152,home loan,10.85,Unknown,Active,0.02
LOAN004740,CUST04270,2690352,Home Loan,9.72,120,ACTIVE,0.0
LOAN005566,CUST05069,705820,Education Loan,8.91,240,ACTIVE,0.0
LOAN000630,#N/A,150146,PL,14.19,48,ONGOING,0.0
LOAN005213,CUST04628,3110316,Mortgage,8.95,240,PAID,0.0
LOAN010711,CUST03878,205305,personal loan,14.34,180,,0.23
LOAN011269,CUST01140,"484,043",Education Loan,8.5,84,Fully Paid,0.0
LOAN006794,CUST02933,NULL,PL,-5,48,Fully Paid,0.0
LOAN005857,CUST03571,366441,Student Loan,10.35,48,Paid,0.0
LOAN002563,CUST04599,425991,personal loan,NULL,240,Paid Off,0.0
LOAN004951,CUST05707,"1,435,372",Auto Loan,12.23,240,N/A,0.0
LOAN006277,CUST05069,3751448,HOME LOAN,8.46,24,ongoing,0.02
